DOEID,HDD65,CDD65,TYPEHUQ,FUELHEAT,AIRCOND,NHSLDMEM,TOTSQFT_EN,NWEIGHT,KWH
100001,3844,1679,2,1,1,2,2100,3284.1036678,12521.48
100002,3766,1458,5,5,1,1,590,9007.3874705,5243.05
100003,3819,1696,5,1,1,1,900,5669.0021418,2387.64
100004,2614,1718,2,1,1,2,2100,5294.239003,9275.07
100005,4219,1363,5,1,1,2,800,9935.4651138,5869.7
100006,901,3558,2,1,1,4,4520,7249.5395615,14351.64
100007,3148,2128,2,1,1,6,2100,5683.6800154,14480.35
100008,1825,2374,5,5,0,2,900,9700.2543227,12147.3
100009,4233,1159,5,5,1,1,750,1235.6825649,3969.96
100010,1502,3812,5,5,1,1,760,7084.2709259,3632.4
100011,1467,2108,2,1,1,1,1630,9945.3754715,7634.39
100012,2148,3037,2,1,1,5,1540,11680.482343,9657.64
100013,1246,2671,2,1,1,2,2000,4740.8423662,9639.93
100014,10298,189,2,5,1,1,1450,6151.1356579,8967.17
100015,7355,284,2,3,1,1,1650,1145.6499685,3524.72
100016,1195,2117,3,5,1,4,1350,8255.399166,9922.22
100017,5431,869,2,3,1,2,1910,1911.9724452,9002.87
100018,5740,562,2,1,1,2,2650,3820.9663946,5774.08
100019,3078,1764,3,1,1,3,1980,2794.9240645,9972.38
100020,1135,2850,2,5,1,3,1300,5876.5015346,15768.8
100021,5491,1227,3,1,1,1,1850,3794.4334892,1594.69
100022,5481,1237,5,5,1,3,1130,11911.222831,6443.51
100023,6340,635,2,2,1,2,2730,2147.0685985,11015.2
100024,6728,886,2,5,1,2,2640,1997.9487508,9956.64
100025,5328,1051,2,1,1,1,1430,8953.7520864,5103.92
100026,5419,795,2,7,1,5,2440,3895.4863683,12737.88
100027,7115,881,2,1,1,4,3000,5349.0891177,9976.59
100028,6216,734,2,3,1,2,1490,5466.3924372,10247.86
100029,676,3628,2,5,1,2,1810,11170.436086,15747.04
100030,5354,997,2,7,1,2,2500,11212.660261,11907.74
100031,5192,878,2,1,1,2,2850,1983.5396815,5930.6
100032,6430,955,2,1,1,2,1980,3585.1603134,8819.63
100033,1304,4424,2,-2,1,4,5450,5410.4142935,26763.69
100034,7239,872,2,1,1,2,2750,7119.9467036,11758.93
100035,6689,802,2,1,0,3,2700,1067.4109975,9666.78
100036,3137,2158,2,1,1,2,1600,5970.4715903,8167.71
100037,6112,943,3,1,1,2,2250,3891.5036482,4423.71
100038,3753,1454,2,1,1,4,3300,6167.4407148,22773.26
100039,6690,855,3,1,1,1,1700,877.10001321,1721.15
100040,5356,939,2,5,1,2,1950,7647.0577403,13836.75
100041,2148,2515,2,1,1,4,2000,6945.9999588,13253.26
100042,5,2987,2,-2,0,2,2000,1346.2742796,5712.82
100043,3599,1129,1,2,1,2,780,10626.261452,5938.58
100044,7088,449,2,7,0,2,820,3421.5586167,4134.59
100045,6329,774,2,5,1,4,2100,12620.001825,6002.88
100046,1061,1042,2,1,1,4,1500,18405.903572,9658.17
100047,3432,1640,3,1,1,3,1300,3763.2540004,9046.21
100048,6052,837,3,1,0,3,1560,5958.7911432,5265.1
100049,3561,1501,3,5,1,1,1100,6859.9146424,9367.16
100050,1326,4097,2,1,1,2,2800,4845.0453941,4579.27
100051,6153,748,2,1,1,2,3750,10710.88307,13204.43
100052,4265,1134,2,5,1,1,3230,6669.7541122,4540.79
100053,3776,1526,3,1,1,2,1400,4376.7919373,7159.45
100054,6277,712,1,1,1,2,900,8834.1533046,8370.64
100055,5757,828,2,1,1,2,5510,5251.6650477,8654.3
100056,4014,675,2,5,1,2,2000,7002.2197371,9227.24
100057,4201,1336,4,1,1,3,700,8759.6618838,4472.09
100058,5256,1151,2,1,1,2,1730,6502.6629788,12365.78
100059,3903,1216,4,5,1,2,750,4942.3943365,7836.28
100060,5573,876,2,1,1,1,2050,4712.8629549,5894.3
100061,4183,1357,3,5,0,4,1020,7916.6454231,11449.39
100062,8759,409,5,5,0,1,980,1156.1314364,5891.2
100063,2177,1891,2,1,1,1,2070,10086.116138,8912.72
100064,2417,1831,1,5,1,3,2200,11842.857951,25373.39
100065,4575,1005,1,1,1,2,600,3992.3697215,7195.98
100066,1133,3452,2,5,1,4,2100,10309.566781,38330.12
100067,5365,755,2,3,1,2,1800,1529.2499062,9096.26
100068,6431,575,2,3,1,2,2000,925.46251269,4561.67
100069,5709,838,4,1,1,1,1100,16880.058644,3311.96
100070,3809,1537,3,1,0,2,1550,5454.7785637,4575.84
100071,8076,598,5,5,1,6,580,1327.2883712,4507.0
100072,2536,1815,5,5,1,3,1150,6032.3317814,7006.92
100073,4460,341,2,1,1,5,2560,6131.1192395,16490.73
100074,100,4873,2,5,1,3,1350,10620.352709,15916.95
100075,4319,1571,2,1,1,2,2760,8892.4784428,18144.38
100076,4556,1186,5,1,1,1,900,9338.2309852,2176.19
100077,706,3547,4,5,1,2,1800,11584.387615,9729.96
100078,5307,1323,5,1,1,4,900,9808.4425703,4721.91
100079,4584,1130,3,1,1,2,1220,2521.5994085,7283.7
100080,2039,3251,2,1,1,1,1500,8662.8388563,3575.66
100081,8680,660,5,5,1,1,760,1508.1945759,6160.09
100082,7353,447,1,2,1,1,920,2898.6789626,4773.89
100083,3803,1197,2,1,1,2,2200,7023.2928383,13624.39
100084,7565,308,2,1,1,2,670,6822.5214498,12056.92
100085,5893,620,2,1,1,1,2550,17633.722072,6398.78
100086,2367,1894,2,1,1,7,1130,10374.974188,15883.07
100087,3704,1462,1,5,1,2,1960,5538.0333117,17645.39
100088,6779,657,2,2,1,1,2780,9783.1120347,6204.94
100089,6445,569,2,3,1,2,1800,4808.4175778,6267.44
100090,3731,1240,2,5,1,2,900,4339.9495682,12590.62
100091,4850,1137,5,1,1,7,1400,19298.557001,10916.67
100092,5510,749,2,1,1,2,4740,2200.7391781,18927.41
100093,7271,468,2,5,0,2,1800,2726.8507889,18049.34
100094,3101,2244,2,5,1,2,1500,8373.1240782,11974.77
100095,2320,1963,2,5,0,1,2300,7807.1209813,13181.71
100096,7330,620,2,1,0,2,1800,6216.8030668,10895.27
100097,258,4472,2,5,1,2,1440,13895.864067,8789.08
100098,3247,1877,2,1,1,5,2400,7409.8906124,12889.92
100099,1782,4219,2,1,1,2,1500,4594.6754033,16199.78
100100,6168,749,5,5,1,1,750,13371.617563,24238.61
100101,4292,1240,2,1,1,6,3170,5823.920122,12438.0
100102,3302,1663,2,1,1,2,4550,4632.5749512,9022.24
100103,7388,555,2,3,0,2,1690,7902.0367142,5765.34
100104,2717,1706,2,1,1,2,1060,8526.6271525,3910.15
100105,5467,909,2,3,1,1,2650,13076.326328,4577.45
100106,7333,709,2,3,1,2,3300,1219.2444092,4599.93
100107,6116,1108,2,1,1,2,6370,3150.9745297,10247.15
100108,3518,1405,2,5,1,4,1950,5555.7014616,29380.28
100109,1785,2300,5,5,1,2,1200,13564.835884,8753.99
100110,2022,434,1,5,0,4,1150,9875.9508663,4016.32
100111,2002,2264,3,-2,1,4,860,5652.1314152,12043.75
100112,1849,2806,2,1,1,4,1200,14330.882335,20462.57
100113,2690,1725,2,7,0,7,1800,10734.445817,8689.42
100114,5590,568,2,2,0,1,1000,6063.3207484,11136.99
100115,2171,780,2,1,1,4,1550,8221.5290229,9118.41
100116,6731,670,2,2,1,2,1400,9077.8467482,1940.97
100117,4317,1315,5,3,1,1,780,10631.987858,2541.36
100118,2728,2506,2,5,1,5,2300,5157.3378569,24095.35
100119,4398,1251,2,1,1,4,3500,5083.1913119,30533.48
100120,3563,1498,2,5,1,1,1350,6565.2991852,23912.12
100121,5433,843,2,3,1,4,2190,6796.0118555,4581.29
100122,7079,656,2,1,1,4,4100,5362.5432614,16066.17
100123,1114,3489,5,5,1,4,710,16010.121708,8041.83
100124,1076,2054,2,1,1,2,5000,10019.877635,16207.98
100125,4465,1221,2,3,1,5,1040,5084.2157064,8448.7
100126,5472,1019,2,1,1,3,1900,5140.4118621,7885.45
100127,7032,517,2,3,1,3,2720,2190.3748339,6010.72
100128,5909,842,2,1,1,3,2630,4165.2006406,17782.42
100129,4150,1225,3,1,1,1,2160,6116.1247547,8790.14
100130,2638,2281,2,1,1,2,6450,9121.3705613,27778.01
100131,6824,626,2,1,1,2,1330,7696.7637787,4289.95
100132,2618,1867,2,1,1,3,1100,7745.7607746,10390.58
100133,2405,1351,2,1,1,2,2100,10641.40657,5725.06
100134,4224,300,5,-2,0,1,690,10046.214777,4085.2
100135,5928,1209,2,1,1,1,1850,3338.2495126,4063.68
100136,4069,1497,2,5,1,1,580,9095.642541,14519.14
100137,5029,1614,2,1,1,4,4200,4430.8084353,8307.21
100138,2648,1741,2,1,1,3,3450,7353.176121,13236.12
100139,4540,1202,2,1,1,4,3020,7143.5925816,18727.28
100140,490,3949,2,-2,1,2,1000,12866.78724,12174.42
100141,6995,222,2,7,1,3,2500,2286.4781214,8446.03
100142,4213,1177,5,1,1,1,1100,7666.1300464,8741.84
100143,1337,2717,1,5,1,3,1700,10122.155577,19541.36
100144,3605,1469,2,5,1,4,2680,6031.9754225,32262.55
100145,3576,1538,3,5,1,1,2160,1696.3897684,6957.99
100146,6401,687,2,1,1,1,2800,5439.890294,8403.49
100147,2250,2068,2,1,1,3,2460,14392.938776,13732.92
100148,2483,1797,4,1,1,1,600,9174.3159378,4428.51
100149,4336,1292,5,5,1,1,680,10267.294841,8162.15
100150,1237,2347,2,1,1,6,2000,11399.836102,13933.59
100151,8075,599,2,1,1,2,2300,865.4563691,8257.1
100152,5667,776,2,1,1,3,6150,7780.58211,15970.41
100153,5407,1227,3,1,1,1,1820,7205.3090889,5442.0
100154,1780,2758,2,1,1,6,610,9995.7687652,19066.09
100155,6304,973,2,1,1,2,1400,3711.7042353,12076.4
100156,5779,887,2,3,1,2,2120,6290.6486592,11038.45
100157,3354,1702,5,1,1,1,860,1997.3338393,4188.52
100158,1229,4490,2,1,1,2,4200,3991.156064,21471.17
100159,1182,2810,2,1,1,1,1500,10125.875422,7645.02
100160,8862,406,2,5,0,3,2410,915.04627184,27534.26
100161,7257,700,3,1,1,2,2110,2763.1819941,5617.67
100162,0,4896,2,-2,0,3,1060,1340.9152435,7447.48
100163,4464,1267,3,5,1,1,2130,4052.4263319,15199.48
100164,6609,845,2,1,1,1,1730,872.33845628,3346.6
100165,2,2986,3,-2,1,7,1460,1279.1851881,15026.49
100166,3731,1455,2,1,1,2,2280,3056.3722734,7940.44
100167,5242,989,2,1,1,2,4700,6827.1279669,14752.32
100168,8610,572,4,1,1,1,1200,1141.0205412,1256.7
100169,3472,1549,5,5,1,1,960,8116.6883252,5703.72
100170,6671,827,5,5,1,6,800,1202.9538843,9099.49
100171,2831,2011,3,5,1,4,890,2538.3150393,6893.8
100172,3202,1643,2,5,1,4,1600,7545.5403374,14132.09
100173,4421,231,2,5,1,4,2200,4838.0845288,12485.77
100174,4742,259,5,5,1,2,900,9739.4824499,11150.75
100175,738,3657,2,1,1,2,1300,6839.7470219,16528.43
100176,4977,1122,2,1,1,2,1500,10835.682433,10670.46
100177,3466,1406,2,1,1,3,1800,3922.651463,8433.04
100178,7604,625,2,5,1,2,2520,5890.9796678,18446.03
100179,8671,115,2,5,1,2,1680,2541.0689506,17287.87
100180,10753,1,3,1,0,3,2400,486.30413863,16966.85
100181,4929,53,2,5,0,2,1220,6598.727214,9756.65
100182,1137,2933,2,1,1,2,3100,4335.3278494,19197.83
100183,3343,1709,3,1,1,2,1820,1198.2249051,5114.12
100184,7353,284,2,7,0,2,3900,4653.7431568,5378.36
100185,6128,936,2,1,1,2,2800,6683.1746121,19299.44
100186,4925,1092,2,1,1,3,1930,8007.1050102,15055.94
100187,2843,2013,2,5,1,3,1090,5576.8820588,7266.5
100188,6203,872,2,3,1,2,2280,5292.0183325,11181.42
100189,5065,1060,2,1,1,2,2200,2358.3498019,10568.63
100190,8172,495,4,1,1,1,1100,945.46401579,2545.36
100191,5753,944,2,5,1,2,2500,13089.49387,41070.18
100192,4502,1274,5,1,1,1,750,6839.2183181,6226.62
100193,1285,2997,1,5,1,2,980,7287.8671278,19551.49
100194,4559,1062,4,5,1,1,750,4992.082462,2262.97
100195,7996,631,2,1,1,4,2200,858.10500448,6220.65
100196,3368,1696,5,5,1,1,510,1695.7354282,5302.86
100197,0,4904,5,-2,1,1,670,2003.4842648,3750.6
100198,1245,2645,5,5,1,1,560,10541.095433,4723.78
100199,2270,2072,5,5,1,2,580,6563.6211116,6520.24
100200,4411,961,2,5,1,2,840,5798.2442997,13003.05
100201,6374,548,2,1,0,2,3400,5171.7006442,4580.74
100202,6016,950,2,1,1,1,1610,4141.0337059,3235.59
100203,4197,1218,2,5,1,3,2100,3936.1371301,29293.75
100204,3349,1647,5,5,1,1,1000,7062.4070072,6063.07
100205,2622,1762,5,1,1,1,950,10050.159997,8906.54
100206,3861,1430,2,1,1,2,2200,4865.8252286,24897.41
100207,5500,1026,2,1,1,2,2500,11431.137002,7126.37
100208,4867,7,1,5,0,2,1600,4488.4576359,9731.21
100209,2862,1660,4,5,1,2,1120,5130.0075987,13844.35
100210,8519,24,2,7,0,2,1920,2157.5825693,3761.24
100211,0,4839,2,-2,1,3,2250,1346.9068832,17556.62
100212,4954,1149,2,1,1,3,1600,18092.150968,10644.03
100213,3828,1691,2,1,1,1,990,3840.2077904,6157.78
100214,8162,77,2,1,0,2,1850,929.1483349,11748.83
100215,6045,823,2,3,1,2,2130,3055.5836683,8982.68
100216,1073,1278,4,1,1,1,850,14468.055808,4150.23
100217,5920,823,2,2,1,6,4200,7285.4481492,10943.56
100218,5813,809,2,1,1,1,2600,6493.8442254,4162.2
100219,1189,1451,2,1,1,4,1000,9580.9801027,4303.67
100220,4325,1234,2,1,1,2,3960,5656.9335877,14989.43
100221,7279,849,5,1,1,3,1190,8924.882206,7907.59
100222,5229,919,2,1,1,3,4550,7059.8848829,13486.07
100223,1233,2424,2,1,0,3,1520,12608.914108,5462.85
100224,7180,765,2,1,1,3,1600,1708.2602608,3586.78
100225,1825,2710,2,5,1,2,4800,9991.0213864,38768.89
100226,5257,928,2,1,1,2,900,4726.6201971,3156.84
100227,5338,1040,2,3,1,2,1800,9448.2379016,10590.25
100228,2789,1819,2,1,0,2,1340,4432.0660136,8322.46
100229,1157,3240,2,2,1,1,1500,9762.8928006,8741.49
100230,6004,826,2,1,1,1,1580,7902.0367142,4175.83
100231,2293,1968,2,5,0,3,1200,8609.3915533,13904.22
100232,4020,1357,2,1,1,4,4800,2740.6437739,17069.57
100233,5276,969,2,1,1,4,2660,12062.252818,9730.29
100234,6072,826,2,1,1,3,1870,8077.8025576,5380.05
100235,2299,492,2,1,0,3,1900,8508.8509918,9274.48
100236,4777,1062,5,5,1,3,1170,7139.4119274,2514.64
100237,4737,1008,2,3,1,3,2750,5931.7283131,18758.71
100238,4288,269,2,5,0,2,2090,5994.4187059,18086.94
100239,5056,864,1,5,1,6,1800,8541.3141172,21980.29
100240,3087,1759,2,1,1,2,2100,4405.3889405,9510.16
100241,6641,745,2,1,1,5,1620,1736.3743338,12045.8
100242,4481,322,5,5,1,1,750,7715.1739296,3202.68
100243,6119,762,2,1,1,2,1350,5419.7499313,5873.39
100244,319,4446,2,5,1,1,1440,9446.2153638,19272.07
100245,4530,1184,2,1,1,1,930,7010.7205946,6330.98
100246,5483,1066,2,1,1,4,3000,6486.263048,17034.82
100247,2661,1799,2,5,1,3,2350,6152.3501904,14743.54
100248,4419,343,5,5,1,3,2100,10102.671393,18268.6
100249,4202,1361,5,1,1,2,750,10449.757945,1825.22
100250,1831,2855,2,5,1,5,1170,10111.71203,16570.57
100251,6266,722,2,3,0,1,3430,5514.0366551,3912.62
100252,2109,2183,4,5,1,2,1110,7965.3014792,8818.31
100253,4674,1083,2,3,1,3,3200,3786.6841284,9862.03
100254,5632,871,4,5,1,1,600,14709.961411,6327.95
100255,2836,1611,3,1,1,2,2510,5084.3716389,4063.42
100256,2079,3184,3,1,1,1,1020,5597.0002346,7701.53
100257,4196,1359,3,1,1,4,3380,10099.825768,8698.25
100258,6026,949,2,1,1,3,1380,4036.1648691,6291.51
100259,4918,204,2,5,1,2,1650,4849.5423292,8245.63
100260,1353,2727,2,5,1,7,3250,9893.6554692,25188.91
100261,3851,1096,2,5,1,2,2200,5041.4171691,9374.04
100262,1804,4183,5,1,1,2,1250,6433.6635953,4624.83
100263,2156,1912,2,1,1,4,1150,13647.249157,14021.69
100264,6023,742,2,1,1,2,3600,8876.163188,7450.96
100265,5764,625,2,3,1,3,1650,7890.0795246,12634.27
100266,4243,1245,2,5,1,2,1260,2665.8405806,17303.1
100267,4318,1319,2,7,1,1,1700,8463.7337996,4785.22
100268,4219,1189,3,1,1,2,1700,3861.9024285,5789.59
100269,7628,692,4,1,1,2,1000,7107.5004057,5763.07
100270,7014,580,2,7,1,2,1510,2538.3314866,10569.54
100271,4247,1337,2,1,1,4,3600,6440.2988756,7523.24
100272,7694,581,2,2,1,3,2690,3711.2266834,9049.78
100273,1184,4663,1,5,1,1,860,5680.9586124,10191.83
100274,3474,1631,2,1,1,2,2450,6043.4697548,28188.9
100275,4603,1160,5,5,1,2,1000,4591.5146604,16700.69
100276,2452,1969,2,1,1,2,1780,10498.733559,6597.57
100277,885,5330,5,5,1,2,780,6772.4166063,5305.58
100278,2006,491,5,5,1,1,650,17054.754351,3283.42
100279,4207,1183,5,1,1,2,1150,8966.9738553,1040.94
100280,5375,861,4,1,1,3,900,9592.5702643,3993.27
100281,5046,1090,2,2,1,2,1200,6241.3972162,18537.74
100282,4399,1129,2,1,1,5,630,6006.2960083,18450.26
100283,5286,923,2,1,1,2,2420,6707.3389322,8913.22
100284,4414,1195,2,1,1,2,3470,6459.7885082,5848.98
100285,6450,620,5,5,1,1,760,4104.5732538,5573.41
100286,6469,839,2,1,1,4,2460,9405.2673738,15102.39
100287,5979,440,2,1,1,2,2450,5357.2425506,5221.86
100288,1026,1253,2,1,0,2,1000,11142.506853,2999.16
100289,1142,3024,2,1,1,2,4200,5494.77182,13786.75
100290,4146,1193,2,1,1,4,1850,4209.3581414,17323.96
100291,1471,2589,2,2,1,2,1760,5122.6640583,8939.01
100292,5044,138,2,5,1,4,2630,7271.1253468,15910.05
100293,1253,2444,5,-2,1,5,900,19811.937583,6083.78
100294,1848,2836,2,1,1,2,4880,7657.9948904,27545.73
100295,4338,249,2,5,1,5,2700,5872.4289519,20953.8
100296,4270,1141,1,5,1,3,1680,3155.324277,26334.45
100297,0,4868,5,-2,1,3,800,2531.8248724,5892.1
100298,7518,411,5,1,0,1,1000,3280.1280376,1520.4
100299,4188,1363,3,1,0,2,2200,7730.4273944,1096.75
100300,1691,3508,3,1,1,1,1190,2039.8982333,3297.81
100301,1993,500,2,1,1,1,490,14700.41914,3793.12
100302,6594,661,2,3,1,3,1880,2149.1843023,14562.5
100303,3366,1692,3,5,1,1,2000,4506.0690254,18597.47
100304,1185,3409,2,1,1,2,3010,9564.7587061,19093.09
100305,10470,7,2,1,0,2,2200,834.22646403,5753.72
100306,5976,895,2,1,1,2,4200,7137.4476101,10213.52
100307,6143,803,3,1,1,3,2190,4223.3615127,2782.56
100308,6249,607,4,3,1,2,1000,4750.7822378,1781.56
100309,4794,1080,5,1,1,3,650,10430.416253,3654.5
100310,7344,572,2,1,1,2,3000,6629.1454228,5584.26
100311,5186,344,2,3,0,1,1920,9184.1488564,5937.96
100312,4571,1541,5,5,1,2,750,8055.8490834,13063.29
100313,942,2219,1,1,0,2,400,13090.950813,4323.38
100314,1764,4252,2,1,1,1,1400,3929.9382136,7411.01
100315,2138,1861,2,5,1,2,2500,6814.158146,15887.6
100316,3265,2001,2,1,1,2,1150,4470.5511712,15647.7
100317,1055,1152,2,1,1,1,780,17006.20365,960.92
100318,527,3794,2,5,1,2,4400,7398.5502527,12006.66
100319,7837,770,2,1,1,5,1400,3897.2650453,14332.91
100320,5723,966,2,1,1,4,2680,6936.5031729,10607.52
100321,6682,808,2,1,1,1,1000,1060.2612838,5544.2
100322,2148,2035,2,5,1,3,1500,6797.0188993,15164.35
100323,2265,1842,4,5,1,2,800,8430.5600137,9330.1
100324,6135,752,2,1,1,1,2700,4600.3529674,5586.05
100325,599,3829,2,5,1,2,1020,13351.019209,2003.41
100326,4009,1313,5,5,1,1,500,2142.2445343,4970.06
100327,2036,3255,2,1,1,5,1400,7593.2999433,10470.73
100328,6030,289,1,5,1,3,1300,5024.00918,14627.34
100329,4641,157,2,1,1,4,1440,6848.1897832,8948.82
100330,4637,1125,2,1,1,2,3000,4567.9096567,12000.73
100331,366,4108,3,5,1,2,1560,6622.9004322,14561.69
100332,205,4499,2,-2,1,2,1130,11613.584227,19032.34
100333,4327,1625,2,1,1,4,3270,4373.6233852,11579.51
100334,6147,792,2,2,1,4,3000,6024.1375764,13184.0
100335,5585,957,5,5,1,5,2400,8964.4996426,5238.45
100336,3948,1513,4,1,1,2,800,5441.5436526,5007.07
100337,4807,996,4,5,1,2,600,9004.0661171,3340.02
100338,4608,1159,2,1,1,7,2500,3757.7373973,27703.42
100339,2554,2021,2,5,1,3,530,6083.9280058,6340.91
100340,5379,897,5,5,0,1,1170,5805.4793425,5560.23
100341,6049,945,2,1,1,3,2770,3712.4454027,11628.03
100342,5222,1523,2,1,1,2,3200,5699.3973869,11264.09
100343,4574,1121,2,5,1,4,1400,3004.6463322,17667.51
100344,1962,2676,5,5,1,3,900,12298.616057,3443.91
100345,2278,309,5,5,0,2,680,15029.794623,2238.8
100346,4897,131,2,5,0,2,1300,6290.7492934,21068.96
100347,5237,617,4,1,1,4,1600,6862.1399325,3584.94
100348,1013,1196,2,1,1,1,2300,8993.0313061,3621.8
100349,3797,1533,5,5,1,2,620,8648.678454,8787.26
100350,6563,663,2,7,1,2,5630,2905.3467729,12706.56
100351,6050,714,5,5,1,1,600,6690.5659244,2397.76
100352,443,4068,4,5,1,1,2900,15671.265104,5981.54
100353,5390,837,2,1,1,2,2570,10283.225599,8919.55
100354,4827,1065,2,1,1,4,3210,5083.1913119,13142.79
100355,1480,3847,5,1,1,1,700,7489.0402457,7029.07
100356,1434,2543,2,1,1,3,5200,8741.9541286,28115.65
100357,94,4919,2,-2,1,5,3000,14355.082981,16512.1
100358,2352,2020,1,5,1,2,1490,6986.6023945,15406.11
100359,1448,2558,1,5,1,1,450,5910.7425142,5812.55
100360,6157,841,1,1,1,1,980,3315.610476,4497.44
100361,1543,2743,4,1,1,2,770,11181.301547,11816.16
100362,5169,967,5,5,1,1,500,11896.021454,6140.27
100363,2000,507,2,1,0,2,920,11425.675877,2405.79
100364,5625,860,2,5,0,1,3600,5346.688672,4716.87
100365,7801,216,2,1,1,2,3000,4363.1288167,9597.07
100366,6574,858,2,1,1,4,2130,4039.1729276,11054.78
100367,7390,641,2,1,1,2,4000,7749.3326737,9137.57
100368,8747,66,2,1,0,1,1100,1096.6459951,3405.88
100369,12437,0,1,3,0,4,560,944.43679723,3215.01
100370,1409,2783,2,5,0,1,4300,6815.1349526,7171.36
100371,1088,934,2,1,1,4,1300,9935.5766624,9534.04
100372,7364,252,3,5,1,1,1040,4093.0617327,3482.38
100373,5578,802,2,1,1,5,2110,11848.498057,17645.74
100374,1624,1850,2,1,1,3,2220,13268.99651,7368.07
100375,6255,738,2,7,1,3,2600,5565.4126903,10294.1
100376,1216,4602,2,1,1,1,1550,4090.0704095,16750.4
100377,4731,1392,5,5,1,3,750,8654.3090002,7893.67
100378,5075,924,2,1,1,4,2200,4522.4510428,4974.71
100379,4780,1124,3,1,1,2,2800,4985.0007811,9992.72
100380,6212,742,2,3,1,3,1390,2576.051546,15761.97
100381,5791,1055,2,1,1,2,2500,4012.1170013,14177.01
100382,4275,1347,3,1,1,2,1550,3622.2634726,15800.89
100383,5498,1229,2,1,0,3,2270,13072.185882,3850.0
100384,2845,1766,4,5,1,1,810,6979.7965184,6134.6
100385,5977,961,2,1,1,6,1650,7630.6290477,10459.86
100386,1355,4045,2,1,1,2,2000,4473.9346141,10065.57
100387,5070,1172,2,1,1,4,1710,6485.0281006,3874.41
100388,3949,1477,3,1,1,1,970,2111.6118396,5497.74
100389,4946,888,2,5,1,5,2400,5878.7752689,18321.92
100390,2615,1758,2,1,1,2,1740,7791.3672921,7287.23
100391,3789,1531,2,3,1,2,3300,8549.0691693,10443.21
100392,1850,2885,3,5,1,1,1580,4773.9095291,10480.73
100393,4212,1372,5,3,1,1,1500,12099.822469,1613.36
100394,7174,641,3,1,0,4,1970,804.04747551,3855.11
100395,6181,970,2,1,1,1,3400,3692.715328,12669.85
100396,6664,828,4,5,1,3,2080,12649.57731,11116.38
100397,5680,968,2,1,1,2,1200,9809.6080133,13741.1
100398,4612,1158,5,5,1,1,550,6425.4351753,6530.89
100399,6360,624,2,2,1,4,2200,2598.9600151,12309.14
100400,4690,1137,2,1,1,2,2130,13706.706123,10046.79
100401,766,1821,2,1,1,6,1400,14127.343154,8588.0
100402,5170,90,2,5,0,5,1650,4954.0155864,12177.85
100403,7923,382,3,2,1,2,1000,577.34721148,9565.04
100404,3371,1348,2,5,1,2,2420,6119.4995529,24368.83
100405,1897,2391,5,5,1,2,1000,7320.2722736,12349.08
100406,7118,977,2,2,1,2,3000,1765.1539086,14473.14
100407,2660,1718,2,1,1,2,2460,7754.9166966,11336.95
100408,6360,633,2,3,1,5,2040,2569.2203619,12784.51
100409,6082,762,5,1,1,3,1170,5309.4799842,4165.23
100410,4207,1361,5,99,1,2,450,9919.4349513,2057.78
100411,4941,1164,1,1,1,5,1200,3820.0356455,11617.18
100412,1070,944,2,1,1,3,1700,12023.584602,8715.41
100413,4477,1286,2,1,1,2,2700,8056.9335438,10598.51
100414,873,2065,1,1,1,1,1290,10685.351875,2139.06
100415,4503,213,2,1,0,2,4950,5549.1345487,9744.82
100416,6452,633,4,1,1,4,580,16295.432802,10810.15
100417,1831,2913,5,5,0,1,550,15960.90122,8700.63
100418,6196,752,5,5,1,1,600,8670.070181,4180.88
100419,1318,2632,5,5,1,1,800,5982.8402509,5734.1
100420,4200,1361,5,3,1,2,350,11313.528982,3022.4
100421,10590,1,5,5,0,2,900,1154.3018361,9289.79
100422,4270,1211,3,5,1,1,1580,4537.0415713,14819.84
100423,0,5055,5,-2,1,2,850,1490.6877996,4707.79
100424,927,3522,2,1,1,2,3080,9299.3922763,20780.15
100425,2408,1885,2,2,1,2,1180,9268.1237839,8858.54
100426,6428,802,4,5,1,1,790,14087.884615,7618.05
100427,1999,497,5,1,0,1,720,17693.015119,676.32
100428,1210,2723,2,5,1,2,1700,4911.5056031,19284.64
100429,1101,908,2,1,1,3,1290,9638.5855053,4609.67
100430,7564,689,2,1,1,2,3200,5299.4696527,11747.34
100431,5778,893,5,5,1,1,1080,12031.400539,15475.09
100432,6340,771,2,1,1,1,2170,8661.0661015,5904.68
100433,7903,883,2,5,1,2,1960,5401.2578208,25789.5
100434,5845,820,2,7,1,2,1100,11262.661674,2899.19
100435,4261,1334,2,1,1,2,2460,5800.2376059,5338.44
100436,4418,364,2,1,1,3,2100,5423.3038898,4842.92
100437,7132,866,2,1,1,2,3500,5783.0380686,16142.18
100438,7244,540,2,2,1,2,1700,1108.325853,10462.1
100439,4894,1088,2,7,1,2,2800,6406.5820005,13937.51
100440,5247,865,2,3,1,2,2050,4094.0961751,10979.78
100441,6036,646,3,1,1,1,2200,5453.4130592,7016.11
100442,4172,1283,5,5,1,1,960,3914.0403243,4726.32
100443,7079,381,2,7,0,2,1300,2191.8386961,12644.41
100444,4292,1258,2,1,1,3,3750,5317.1746475,7428.73
100445,6127,842,2,1,1,2,3900,1979.3614795,6858.0
100446,7686,656,2,1,1,2,2800,1165.8591168,9959.93
100447,874,5362,5,5,1,2,780,10781.026859,17868.75
100448,5172,975,3,1,0,4,1740,7519.725711,3323.47
100449,1113,3527,5,5,1,1,600,15262.17012,10910.83
100450,7867,220,2,1,0,1,2200,1943.5951119,2778.04
100451,8842,393,2,5,1,2,1470,5748.570253,23765.5
100452,5880,877,2,1,1,5,2500,5433.3948288,9845.62
100453,6229,569,3,5,0,1,1500,1431.8211146,10874.36
100454,4771,984,3,5,1,2,950,4501.7287015,10294.7
100455,5224,1521,5,1,1,1,800,7804.70582,2718.34
100456,5233,938,2,3,1,2,2000,6494.3889259,5713.77
100457,3917,1184,2,3,1,3,1190,7521.0220804,9030.17
100458,7302,646,4,3,1,4,1300,3673.9465434,6642.0
100459,4988,1248,4,1,1,1,950,6396.6083535,2489.08
100460,3427,1640,3,1,1,2,3150,4557.220179,4681.44
100461,947,3475,2,5,1,2,790,7502.8782395,13037.64
100462,5429,1262,2,1,1,2,3800,4302.9967681,4442.41
100463,4246,1112,2,5,1,2,2700,5454.3945417,24118.71
100464,953,3386,2,5,1,2,1030,9318.6328306,22764.14
100465,2682,1704,2,5,1,2,1800,4990.1403411,11979.43
100466,1169,1444,2,1,1,2,2100,9612.8614756,5487.1
100467,5899,1219,2,1,1,1,1670,3303.3470101,6977.85
100468,4488,1023,2,5,1,3,1600,4682.6385734,21117.68
100469,2808,1983,2,5,1,1,1500,8128.9771251,12056.76
100470,3226,1721,2,1,1,4,2180,4051.6456564,7775.72
100471,4388,1024,3,5,1,2,1780,3945.3576108,8002.21
100472,6047,747,5,1,1,1,830,7941.5870276,2339.76
100473,3630,1337,2,2,1,2,1600,2436.1852964,6245.11
100474,1029,3452,5,5,1,1,730,16884.842668,1643.8
100475,2864,1621,2,5,1,2,2590,5527.7325783,28409.84
100476,1624,2626,2,5,1,3,1560,7098.2677556,17394.57
100477,4733,255,2,1,1,1,3000,5057.9307605,6875.32
100478,1654,2632,1,1,1,1,1200,7788.6344947,14357.58
100479,6933,563,3,1,1,2,5600,2913.2325673,9438.33
100480,2656,2580,2,1,1,5,1040,9834.2497521,15113.43
100481,5508,750,2,1,1,3,2600,2489.2132383,9806.39
100482,4007,1449,2,2,1,3,1500,5656.9335877,15495.77
100483,5930,881,2,1,1,5,1680,11496.447432,6402.59
100484,4095,1269,3,1,1,3,2000,4414.5492732,16042.49
100485,4122,1242,5,5,1,2,800,2855.7842668,7939.72
100486,5065,1060,5,5,1,1,720,4248.425661,3560.35
100487,6905,445,2,3,1,4,2380,1930.0502981,11695.43
100488,350,4913,2,7,1,6,5100,11121.868894,18365.53
100489,4066,1302,3,1,1,3,2450,5353.933476,9601.52
100490,6068,763,2,5,1,3,3200,3014.4203346,29760.55
100491,539,3537,2,5,1,2,1310,11240.687591,12368.51
100492,7032,534,2,1,1,2,2600,4474.568842,6471.88
100493,6146,721,2,2,1,2,3900,2302.6738865,5646.76
100494,3786,1560,4,5,1,2,800,5113.1025085,11287.27
100495,2944,2258,5,1,1,2,680,13235.98477,3321.29
100496,4615,1183,2,1,1,5,2700,3091.9896083,10206.03
100497,5166,1349,2,1,1,3,1100,7046.67724,8061.48
100498,1137,3622,2,1,1,4,3490,7109.0030698,20430.91
100499,3373,1615,2,1,1,1,1700,4097.5644598,9553.97
100500,3991,1159,1,5,1,1,900,9779.6634291,10346.43
100501,4848,1031,3,1,1,4,1730,3779.0682495,10597.06
100502,2788,2197,5,1,1,1,780,18710.804105,2232.31
100503,5646,1007,2,1,1,4,4850,5561.4255324,12281.37
100504,4240,1395,2,1,1,4,2300,7514.8171925,26997.01
100505,4661,1102,2,3,1,2,2800,4911.8327319,9876.41
100506,5927,931,2,1,1,3,4800,6520.8906505,13440.5
100507,861,1581,1,1,0,1,1460,13185.727132,3159.05
100508,1009,3315,5,5,1,5,1350,7530.2516219,15986.35
100509,1169,2738,2,5,1,1,900,4842.9923108,8291.56
100510,96,4909,1,5,1,1,1450,16405.834825,5600.36
100511,4152,928,2,7,1,1,1600,6243.9898569,9306.81
100512,5902,730,2,3,1,1,2630,3428.7133742,4369.03
100513,4440,1234,3,5,1,1,1470,5636.9055332,10247.95
100514,4924,1148,2,1,1,2,6300,8958.861032,28085.3
100515,5880,879,4,1,1,1,800,9379.1546543,2410.33
100516,5468,859,3,2,0,3,1560,2853.4781956,5999.02
100517,3125,1656,1,5,1,3,1700,4949.492112,26149.41
100518,4936,1163,2,1,1,2,740,5906.2759549,10936.03
100519,5800,819,2,1,1,4,1750,2160.3985968,7223.36
100520,1721,2477,2,5,1,1,2320,6766.1955603,10093.2
100521,2802,1711,2,5,0,1,3300,7790.3727922,16310.33
100522,5123,648,2,1,1,2,4200,5089.381573,6085.25
100523,1141,3014,2,1,1,2,2000,5544.7635352,16873.74
100524,5500,1103,2,1,1,2,1800,10651.794032,7406.7
100525,2413,1811,2,1,0,2,3240,7037.2968858,12289.94
100526,797,3450,2,2,1,1,2200,14835.012787,15000.66
100527,354,4903,3,5,1,2,2950,3814.6307704,15240.25
100528,964,3129,2,1,1,2,1000,10735.769733,9547.53
100529,771,1854,3,5,1,2,850,9999.2841807,4563.84
100530,749,3633,2,5,1,2,1200,4515.9136043,14363.07
100531,6368,672,4,1,1,1,750,13790.0574,4223.45
100532,5884,959,2,1,1,3,1800,4613.8018773,10925.2
100533,2448,1823,2,1,1,2,2800,9235.4235972,15683.66
100534,6353,640,2,3,1,2,1600,3120.1548904,6013.03
100535,7380,582,2,1,1,5,1800,5883.0816987,14299.3
100536,4241,1389,2,7,1,2,1000,9804.0974913,10198.83
100537,2051,2603,5,5,1,2,620,14252.569355,16783.98
100538,6222,731,5,1,1,1,840,5813.8715717,2816.01
100539,5010,1435,2,1,1,3,1550,5226.0022496,5669.7
100540,6111,720,4,3,1,4,900,8834.4490807,4313.47
100541,3722,1586,2,1,1,1,1000,4169.6000547,2847.35
100542,6775,701,5,5,1,1,900,3420.2636928,9647.77
100543,7645,150,1,1,0,2,410,1962.7872067,3313.85
100544,7304,303,2,7,0,7,1730,2540.3856111,17924.62
100545,787,3793,3,1,1,3,750,5862.6994356,14389.26
100546,4495,1157,2,1,1,1,770,5764.7980205,4799.92
100547,4576,182,2,1,1,3,2100,6812.3406404,4505.26
100548,775,3445,4,5,1,1,600,11566.170858,7883.32
100549,777,1927,2,1,1,2,1700,9980.0315341,7601.14
100550,885,3590,5,-2,1,4,950,17918.807675,19098.24
100551,560,3820,2,5,1,2,1490,10416.708713,8131.62
100552,6086,760,4,1,1,3,1300,8941.0724588,8384.53
100553,3314,1933,2,5,1,6,2750,5956.468627,35074.26
100554,1124,3048,2,1,1,2,1800,10983.61828,12544.46
100555,1101,888,3,1,1,3,1710,8257.1297028,8639.34
100556,10484,2,2,1,0,2,1290,713.14356331,6662.68
100557,5271,945,2,1,1,2,3190,1819.4425687,5767.67
100558,6087,822,2,1,1,2,2310,9042.2428561,8885.65
100559,4163,1320,5,1,1,2,450,12742.134374,3267.43
100560,1135,3626,3,1,1,4,790,5851.7500555,6662.35
100561,4479,1221,3,1,1,2,1800,7253.9626423,7773.92
100562,4981,1119,2,1,0,1,1440,6530.3350103,5832.43
100563,4269,1354,2,1,1,2,2130,5598.8804147,6529.13
100564,2794,1594,2,5,0,6,2210,5721.5910943,22191.82
100565,2,3012,2,-2,1,4,1780,1721.5903512,12519.67
100566,4295,273,5,-2,1,5,1230,12515.740387,12216.62
100567,6835,705,2,1,1,3,4780,3732.3745165,16675.2
100568,3973,1228,2,5,1,2,3000,4131.2670946,17928.34
100569,1084,916,5,5,1,3,900,15702.814495,4604.95
100570,8680,659,2,5,1,4,1400,782.7911808,25149.84
100571,6342,756,2,1,0,2,2240,11107.853573,6160.44
100572,1151,3465,2,5,1,4,2700,7662.838383,20644.55
100573,2547,1740,2,1,1,3,4200,7662.8191095,20508.19
100574,4274,1630,2,1,1,1,2300,8249.523954,3992.55
100575,6475,730,2,1,1,3,2000,6894.6424556,2923.42
100576,6086,632,2,1,1,4,5000,8761.0077396,3003.69
100577,4021,1320,1,5,1,3,1220,4244.7975875,16984.85
100578,7168,850,5,1,1,1,1230,9012.9647493,4533.87
100579,6538,847,2,1,1,2,2800,3905.7519051,16923.95
100580,4237,292,5,5,1,1,380,6666.7874467,2381.75
100581,5543,1005,5,1,1,5,600,23162.176912,1383.04
100582,3587,1416,3,1,1,1,1100,1879.5426844,5962.78
100583,3820,1696,2,1,1,3,500,3622.0854995,11146.39
100584,5801,700,2,1,1,2,1800,9001.8801593,3711.15
100585,5178,935,5,5,1,2,600,4228.3057969,5464.93
100586,5361,650,2,3,0,2,1820,4378.574929,9161.21
100587,7174,890,2,1,1,2,1640,11479.639789,5074.85
100588,3315,1682,2,2,1,3,2000,4532.2085047,13923.16
100589,3739,1399,2,5,1,1,4000,4195.2351224,19876.16
100590,1891,2171,2,5,1,2,1400,6427.7069878,9044.49
100591,5839,875,3,1,1,1,840,2788.8254032,1815.72
100592,1156,3313,2,5,1,2,2130,8690.092705,13938.8
100593,6417,1027,2,1,1,3,1470,3456.6121685,4827.25
100594,0,4824,2,-2,0,1,1700,1435.2229817,4163.4
100595,973,3077,4,5,1,1,530,13970.887092,5961.13
100596,7371,633,2,5,1,4,4400,7864.2218904,28377.83
100597,4195,1364,5,5,1,4,980,10392.32016,3235.19
100598,5412,891,2,1,1,1,2100,4646.5211506,6155.83
100599,6667,408,2,5,0,3,1880,6281.0959963,4617.41
100600,5626,870,2,1,1,5,3600,4986.9357877,13081.79
100601,1143,3478,2,5,1,5,2390,8928.7009106,16285.07
100602,5637,745,4,5,1,2,800,24014.188791,10152.86
100603,1193,2386,2,-2,1,4,2890,15216.799992,9067.08
100604,5942,915,2,1,1,2,1900,4944.5609157,9972.93
100605,1444,548,1,1,0,1,1300,8686.6166907,1717.03
100606,4667,214,2,7,0,4,1950,6898.6717064,14758.4
100607,5893,847,2,1,1,4,3280,5437.7958809,9596.39
100608,3662,1269,2,5,1,2,2230,5026.4855128,15538.89
100609,5224,1012,2,7,0,2,3750,13456.048347,11729.42
100610,6940,495,2,1,1,3,2930,1776.1886378,10085.15
100611,5726,955,2,1,1,4,2260,5101.9530963,7411.05
100612,6843,720,2,1,1,2,3130,7953.900275,13421.53
100613,10488,6,2,1,0,3,3100,856.04019311,8752.78
100614,5503,822,2,1,1,2,2630,14634.666514,8097.42
100615,295,4439,5,5,1,1,710,14520.309463,7471.53
100616,858,3443,2,1,1,2,3990,8960.5389432,25136.21
100617,425,4118,2,5,1,5,2950,9519.1101483,28834.7
100618,6084,1019,2,5,0,1,3220,4050.299384,24261.0
100619,3820,1696,2,1,1,4,2340,3936.6469894,11914.24
100620,5253,940,2,1,1,6,1600,6017.7779465,4988.73
100621,5989,749,2,1,1,7,3000,10860.218969,1673.3
100622,520,3913,2,5,1,1,2300,9406.1971691,11931.63
100623,6525,620,1,3,1,2,1300,1142.5298239,8137.78
100624,7906,15,2,7,0,2,2400,958.20469636,22286.65
100625,4536,943,2,7,1,2,940,3388.9727525,9423.62
100626,6198,1098,2,2,1,1,1350,1754.6385401,3163.17
100627,6253,771,2,1,1,3,4100,7833.2119114,11594.64
100628,5523,895,2,3,1,2,1630,9741.4710071,4116.78
100629,1175,1389,2,1,1,2,2210,8500.8964303,3494.68
100630,1168,3136,2,1,1,1,5500,12565.346327,41453.17
100631,6519,452,3,1,1,3,1000,7150.3214721,7134.54
100632,1826,446,2,1,0,3,4000,9002.083836,6824.79
100633,4461,340,2,1,1,2,1430,4834.0251139,17412.92
100634,6131,797,3,1,1,1,1190,3918.5646272,5312.58
100635,7053,319,2,1,1,2,5200,2128.1053139,17217.47
100636,880,1634,5,-2,1,2,820,18507.917682,2439.34
100637,1858,2840,3,1,1,3,1230,3327.3128766,13332.86
100638,4082,1810,2,5,1,2,790,10151.70187,14458.62
100639,1490,2075,4,5,1,5,930,17426.762158,10088.63
100640,1,3523,2,-2,1,2,1800,1204.2975756,11586.21
100641,5174,894,3,3,1,1,1000,3282.4784455,4287.25
100642,6148,277,2,1,1,4,1950,5149.0946016,6315.74
100643,6222,723,2,1,1,4,2800,4226.884765,18749.66
100644,2078,2597,2,1,1,2,3500,10940.279756,19186.25
100645,4449,1070,2,3,1,2,1800,12138.706973,4764.54
100646,422,4120,5,5,1,1,860,14650.67553,3836.84
100647,934,5204,2,5,1,2,1250,4491.9016889,11910.95
100648,3769,1524,5,5,1,2,900,9124.6496756,8961.56
100649,8684,659,2,1,1,2,2330,921.90507983,10662.56
100650,5213,1319,2,2,1,1,3000,4882.0173772,10688.17
100651,4861,1261,2,1,1,2,2500,4831.2354468,9660.52
100652,4530,1149,2,1,1,3,2200,3889.5476339,7392.79
100653,4853,1082,2,2,1,1,2400,7835.1217053,3467.21
100654,1947,2659,2,1,1,1,2000,10688.441985,11167.05
100655,1357,4045,3,1,0,1,650,2179.0916494,1447.07
100656,5855,656,2,3,1,2,1700,5296.6952641,6251.44
100657,1245,2330,2,1,0,5,870,12170.48999,7484.58
100658,3653,1365,2,5,0,1,1800,3635.2564323,14902.96
100659,5586,1083,2,1,1,5,1500,5801.0546928,17029.36
100660,2716,1720,2,1,1,4,2200,7700.2457505,9698.31
100661,4199,1336,3,1,1,7,1600,10304.798156,6374.68
100662,5356,1055,2,1,1,7,2210,4424.1069941,5787.84
100663,6545,580,2,3,1,3,2800,1950.8988376,18652.74
100664,4332,1151,2,1,1,2,1100,5380.8151138,13233.08
100665,1860,2612,2,1,1,5,1790,13041.78254,14782.09
100666,2039,3248,2,1,1,3,1850,8631.003466,10758.14
100667,6070,827,3,3,1,3,1630,1631.7206439,11248.99
100668,8014,449,2,1,1,2,2000,6974.2196074,13048.94
100669,6455,772,2,1,1,2,1550,1979.2759278,7655.13
100670,5702,893,3,1,1,2,1930,2586.4735657,7183.2
100671,4667,273,2,1,1,2,1750,5991.2035631,2968.65
100672,10590,1,1,1,0,2,900,976.03473358,3664.3
100673,3959,1402,3,1,1,1,1920,1619.7464405,3685.55
100674,6828,556,2,1,1,5,1900,998.4139062,11746.99
100675,1648,2727,2,5,1,2,2700,6588.9636403,23675.54
100676,6666,739,2,1,1,4,1480,2332.9732412,6157.78
100677,5108,908,4,1,1,1,800,13731.430064,1938.21
100678,7217,871,5,1,1,1,950,8358.065774,2520.78
100679,1741,2293,3,5,1,1,1100,3596.2456782,10789.36
100680,2903,1503,3,1,1,2,2800,4450.8791289,15600.54
100681,1019,1189,2,1,1,1,2250,13779.77359,5636.3
100682,2130,2229,2,5,1,2,1550,6782.7149521,16740.88
100683,3381,1837,2,2,1,4,6000,5800.2807475,15636.06
100684,2956,1589,2,1,1,5,2300,6822.4903372,24544.85
100685,2421,1778,1,5,1,4,630,7214.8315275,18638.43
100686,4197,846,2,5,0,2,1050,5510.8964115,20271.43
100687,6853,537,2,5,1,2,3280,1712.8386789,5340.66
100688,2079,2603,2,1,1,2,740,10388.60966,11778.98
100689,2407,2347,2,2,1,3,1050,9275.2311393,7377.88
100690,4575,1185,2,1,1,3,3200,6689.8222475,10519.51
100691,7901,296,2,1,1,7,3800,2042.8454453,15636.93
100692,5641,1249,2,1,1,4,2800,2958.551427,8346.75
100693,2621,1937,2,1,1,2,2850,8021.907796,34962.17
100694,3243,1833,2,1,1,2,3860,4609.208033,25697.57
100695,4249,1243,2,1,1,4,1900,2132.6519209,15960.1
100696,14067,1,2,3,0,3,1650,949.62003192,19703.97
100697,5342,958,2,1,1,5,1830,5052.1435122,11009.06
100698,1187,4658,2,5,1,2,3400,5055.5468001,30550.59
100699,6032,828,2,3,1,3,2250,2478.5733477,10596.9
100700,5068,1091,2,5,1,3,3750,13787.17467,32600.67
100701,5970,603,2,2,1,4,8550,2455.3477129,13054.89
100702,5941,792,2,1,1,4,1770,5609.3612444,16608.11
100703,12164,3,2,3,0,4,980,1389.769267,4382.0
100704,5344,923,2,1,1,4,1200,4025.8513174,9355.38
100705,3461,1643,5,1,1,2,1200,1443.3872537,5159.82
100706,5767,1054,2,1,1,2,900,7153.5372977,9827.47
100707,5913,829,3,1,1,3,2300,3523.7385177,4814.67
100708,4942,1167,3,5,1,4,1800,4180.2208409,29876.49
100709,8044,605,3,1,1,1,1150,540.58405963,5725.24
100710,5066,1092,2,1,1,1,2400,18653.95272,13494.61
100711,4945,1164,2,1,1,2,1490,6137.637243,10677.64
100712,4055,1251,2,3,1,3,2440,5642.1175378,18857.16
100713,4401,1483,3,1,1,3,1350,4621.1400676,5470.21
100714,4200,1358,5,1,1,1,750,10789.413835,2317.99
100715,5135,929,2,1,1,2,2400,16992.755554,6531.21
100716,4920,1100,2,2,1,2,2930,5417.9503455,8282.34
100717,1765,4250,2,1,1,2,2000,4056.0725264,11160.25
100718,4682,962,2,1,1,2,2750,3669.1450804,11763.97
100719,4187,1368,4,1,1,1,1200,12183.573533,1745.64
100720,14064,0,2,1,0,4,2250,728.0006903,7219.19
100721,900,3559,2,1,1,1,2500,8166.7545639,8053.07
100722,1695,2624,2,5,1,1,2100,8279.4406273,12877.32
100723,4296,715,2,5,1,1,3350,6960.3407401,19660.86
100724,2554,1892,2,5,1,2,1800,7913.1001506,25547.25
100725,5354,851,2,7,0,2,1880,14057.908309,10236.45
100726,6055,842,2,1,1,2,4050,2418.5443954,7962.31
100727,5402,699,2,1,1,2,1600,4069.6624617,14672.44
100728,10541,2,2,1,0,2,1680,839.83776095,9118.87
100729,2653,1754,3,7,1,1,990,5339.2527416,6588.08
100730,4334,1293,2,1,1,5,1650,10544.011906,4572.52
100731,4931,1054,2,1,1,3,7800,12981.282268,12331.74
100732,5951,962,5,5,1,2,1150,11675.350399,4472.89
100733,6456,571,2,7,0,3,3000,1062.2176676,8436.88
100734,2641,2008,2,1,1,2,2370,4234.638997,16862.15
100735,4910,1125,2,5,1,3,3600,7729.630058,21439.32
100736,7738,643,2,1,1,4,2350,5619.0655028,9398.6
100737,7057,424,5,1,0,1,1250,10285.59044,2732.78
100738,4221,438,2,3,0,3,2360,5733.6482423,7443.26
100739,6949,401,2,2,1,6,2800,2054.8784445,14126.33
100740,3459,1862,2,5,1,5,1600,7062.4646155,37041.04
100741,5125,946,3,1,1,2,2200,4455.8612124,8641.82
100742,2008,2220,3,1,1,2,1900,2811.0647061,5712.53
100743,7307,502,2,1,1,2,2400,1016.5981739,7790.65
100744,4942,229,2,5,1,2,2350,6243.9898569,11636.3
100745,6881,740,2,2,1,2,2500,5395.5415126,6870.38
100746,335,4958,2,5,1,4,2000,11635.64147,12625.57
100747,8243,309,2,3,1,4,3020,3695.1864875,14294.46
100748,5781,690,3,1,1,1,3900,1847.419289,4467.95
100749,2051,964,3,1,1,3,1900,4980.4986345,4309.4
100750,9058,432,2,2,0,2,1890,6165.9220095,5982.49
100751,3021,1792,2,1,1,2,1190,4590.8166362,9787.65
100752,4303,1253,2,1,1,5,2420,6460.0064348,9344.19
100753,3026,1494,2,5,1,2,1350,5903.3557939,7208.08
100754,4939,128,1,5,0,4,1200,9468.7151998,18962.61
100755,99,4886,5,-2,1,2,860,18391.462335,6275.84
100756,8719,69,2,1,1,3,1520,1369.68082,15322.57
100757,4961,1142,2,1,1,2,2060,11654.985074,8914.25
100758,7167,885,2,1,1,4,1100,7127.3762918,13075.91
100759,2606,1880,1,2,1,2,900,6475.6369619,10646.07
100760,4736,162,2,1,1,4,2400,4910.5161495,11729.56
100761,6154,814,2,1,1,3,1050,7022.9355796,10632.77
100762,6540,911,2,1,1,1,1940,4481.9219885,4641.67
100763,5984,863,5,1,1,3,780,12897.919731,3794.82
100764,5203,882,4,5,0,2,1160,3123.5543235,3908.06
100765,4183,1356,2,1,1,6,3850,11271.955796,10849.64
100766,5495,951,1,1,1,4,800,6553.9499986,5681.91
100767,862,1723,5,1,1,1,580,19399.726571,2539.77
100768,2776,1946,2,1,1,2,3560,4087.1628399,15089.11
100769,7724,636,3,1,1,2,1820,4511.5135994,4669.78
100770,5443,867,2,1,1,2,3180,6762.9709818,8319.21
100771,2184,1294,3,5,1,2,3080,5374.9629388,13619.3
100772,6598,436,5,5,1,1,320,8972.1001525,4046.32
100773,3156,1738,2,1,1,4,2760,3086.9901769,17339.95
100774,4373,1518,1,2,1,2,960,10136.238794,9374.56
100775,2820,1993,2,5,1,2,2900,4590.8166362,23616.72
100776,5346,950,2,3,1,1,1000,2203.3024582,6791.33
100777,4066,901,2,1,1,2,1200,6240.0598223,10177.26
100778,7235,863,3,1,1,2,3150,3593.4579462,8074.02
100779,7067,401,2,1,0,6,2990,2005.9846711,11588.3
100780,2441,1773,1,5,1,1,1890,6737.1761268,21253.91
100781,7611,181,2,7,1,3,1400,2159.7893793,14212.94
100782,0,4406,5,-2,1,1,700,1817.9270831,3269.3
100783,3588,1363,2,5,1,1,1700,5329.684969,10051.43
100784,3434,1625,2,5,1,2,1100,7565.345831,12754.22
100785,7872,414,2,1,1,6,3790,1814.116973,11510.69
100786,2560,1938,2,1,1,1,2250,6868.8338629,13247.52
100787,10609,5,2,1,0,2,1060,831.88976889,14313.21
100788,3345,1708,3,1,1,6,1770,937.53095617,18019.09
100789,6690,855,2,2,0,2,2290,1091.9193926,6351.41
100790,7990,634,4,1,1,1,600,1124.5152909,4930.4
100791,4595,1451,2,1,1,2,2650,7551.2295109,7990.56
100792,2668,1871,5,5,1,1,380,11154.026306,8398.8
100793,2470,1973,2,1,1,3,2690,9034.6188584,15603.98
100794,1791,4202,3,1,1,3,2400,2976.4914153,14350.52
100795,4267,983,2,5,1,2,800,6678.8982984,21772.44
100796,5461,1073,2,1,1,3,5100,4782.8131889,22526.6
100797,5065,1060,1,5,1,1,2100,1899.8877154,22236.62
100798,1783,4218,2,1,1,4,2310,4847.301528,21297.08
100799,6519,922,3,5,1,2,1440,4478.7028218,15302.69
100800,4514,1166,2,1,1,5,2250,9215.9551507,3606.46
100801,6905,698,5,5,1,1,580,2372.0970522,10848.5
100802,10544,2,5,1,0,1,1000,1008.3687316,1548.29
100803,7071,1018,4,1,1,2,1000,2018.1211614,5762.19
100804,8679,660,5,3,1,1,1000,1578.5513701,2701.85
100805,5270,1374,2,1,1,5,2630,4493.2134081,7599.87
100806,4373,1200,2,5,1,1,4220,5162.9219322,16308.38
100807,7741,21,2,7,0,2,1140,3539.5944777,5310.52
100808,6107,753,3,1,1,2,1400,3402.6504071,6005.51
100809,5354,899,2,3,1,2,900,1967.0365407,5992.26
100810,5306,1075,2,5,1,1,2840,3760.4942692,11310.16
100811,5411,713,2,1,1,5,3200,1981.3740504,7974.23
100812,3750,1519,2,5,1,1,900,6155.249069,9636.23
100813,2458,1971,2,1,1,2,2860,8834.5092836,14911.42
100814,4524,1042,2,5,1,2,4600,6097.9193667,18605.05
100815,2538,1911,2,5,1,1,2630,11567.632619,17244.23
100816,4418,1256,2,1,1,2,2200,6237.9151969,6586.67
100817,3158,2105,2,1,1,2,740,9397.2200788,3273.79
100818,5831,1164,2,1,1,3,950,3617.5537181,10657.59
100819,1204,4616,2,5,1,3,1480,4146.7631319,18941.32
100820,4263,1238,2,1,1,1,2260,2381.8795659,6108.1
100821,5966,788,2,2,0,3,3600,5316.9306298,7017.29
100822,3012,1746,2,1,1,3,1960,3688.5100481,13089.18
100823,3968,1456,2,1,1,1,2100,4323.1529581,6382.06
100824,8298,0,2,3,0,3,580,654.62796085,9578.39
100825,5838,879,2,1,1,4,1980,8378.6120329,8249.02
100826,434,4061,1,-2,1,2,1750,12611.237685,16390.95
100827,3264,1948,1,5,1,2,990,7341.1020432,14430.73
100828,2907,1570,2,1,1,2,3600,7045.1049448,8147.52
100829,1789,4207,2,5,1,2,1520,3889.5476339,15171.3
100830,6667,827,5,5,1,2,900,1648.0166045,5944.95
100831,4252,289,2,5,0,2,1000,6429.6821785,12616.52
100832,4554,1346,5,5,1,4,1580,11935.7373,14557.28
100833,7064,453,2,3,1,2,2950,2511.1272771,8713.59
100834,2729,1667,2,5,1,4,1400,5673.6295956,17723.11
100835,1285,4213,2,1,1,2,1930,4065.2333318,9465.37
100836,2267,1842,2,1,1,5,4500,7997.6921888,17345.88
100837,4204,1359,5,5,1,2,620,11772.667293,10756.56
100838,4736,1122,2,5,1,5,3150,6075.3233167,24773.58
100839,6078,752,2,5,1,5,2250,1483.8028235,23153.85
100840,984,3081,1,5,1,1,2200,13447.917847,14159.02
100841,1160,2737,5,5,1,2,790,8133.7796993,9799.12
100842,4740,1336,2,1,1,1,4510,4773.4338019,26269.56
100843,4332,331,5,5,1,2,1110,7631.116463,10984.39
100844,4800,1136,3,1,1,2,2480,3746.667844,9535.69
100845,4200,1357,5,5,1,2,730,7199.9212146,2710.72
100846,3418,1592,2,5,0,3,1400,4321.3844322,19478.73
100847,6031,791,2,1,1,2,1470,9356.4089541,7298.78
100848,3919,1417,3,5,1,5,1800,3997.2040341,11427.32
100849,6449,620,3,5,1,1,1840,1562.082418,4914.0
100850,6129,773,5,5,0,2,930,3778.4764996,3172.59
100851,9719,355,2,5,1,1,2350,837.4449615,13192.28
100852,1538,3756,2,1,1,4,1970,4639.4351976,13469.8
100853,5802,1193,5,5,1,2,720,6210.7713367,4893.06
100854,1477,2793,2,5,1,2,1500,8516.9642708,24219.98
100855,1000,1358,2,1,0,2,2800,8411.5216986,7044.69
100856,2911,1567,2,1,1,3,4800,6257.8982741,12957.4
100857,3,3258,2,-2,1,6,1060,1427.9398792,7327.27
100858,2617,1975,2,1,1,2,2940,5077.3888279,16382.96
100859,6888,698,2,2,1,2,4950,5538.5168864,6128.11
100860,6141,816,2,1,1,3,1950,7680.9310388,8387.57
100861,5776,648,2,1,1,2,3000,14681.362445,7443.08
100862,8727,264,2,3,1,4,3000,1062.2176676,13146.65
100863,2899,1807,2,5,1,4,830,4145.7121175,17976.88
100864,4717,914,2,1,1,2,2200,3385.8444157,20319.0
100865,5518,840,2,3,1,4,3200,4025.8513174,12352.74
100866,2011,2554,1,2,1,4,2200,4606.6518232,16424.52
100867,5725,867,2,2,0,2,2000,6234.4023237,9547.29
100868,8552,435,3,5,1,7,2840,663.85351282,18321.25
100869,3832,1117,1,5,1,2,2100,6496.8103798,20542.07
100870,5070,133,2,5,1,3,2090,4823.8816686,15163.08
100871,10604,1,5,5,0,1,650,1006.4932979,8152.03
100872,4973,961,3,1,1,4,2110,7198.5956774,14909.41
100873,4306,256,5,1,0,1,650,10086.046446,2717.62
100874,4461,1418,2,1,1,5,3500,6709.1822534,18303.04
100875,5571,1096,1,1,1,1,2100,6156.9475243,6983.1
100876,6277,992,2,1,1,2,1700,3786.7735495,10026.45
100877,527,3896,2,5,1,2,1920,7028.8861117,14331.43
100878,7246,871,2,1,1,3,2700,5558.3065682,10420.14
100879,6331,772,2,1,1,1,2350,9779.7069245,10914.99
100880,7043,429,2,7,1,2,1600,3275.5635871,15919.32
100881,4192,1369,5,-2,1,1,620,7175.2771716,1860.4
100882,10569,1,2,1,0,1,1890,780.34933943,3340.97
100883,6381,518,2,2,1,2,3000,9755.54883,6210.98
100884,6040,798,2,1,1,2,2480,5021.6653569,7588.44
100885,1288,4457,2,-2,1,4,1600,4381.9224883,12657.69
100886,4114,1247,5,5,1,2,1100,10437.373997,12157.76
100887,6396,591,5,1,0,1,700,3114.1734715,2877.82
100888,8779,79,2,1,0,1,1900,2207.7991531,4063.01
100889,5122,984,2,1,1,3,2400,8244.8984344,8733.47
100890,3015,1786,2,5,1,3,2370,6063.1717245,18517.86
100891,2760,1735,2,1,1,3,3500,5104.0510159,26776.1
100892,8459,550,2,2,1,1,980,6655.1053721,3839.12
100893,1882,2809,3,1,1,2,1330,3158.1808251,21351.08
100894,2709,1912,2,5,1,5,1030,7722.6828189,18461.11
100895,7995,632,2,1,1,1,2630,847.36976003,11700.01
100896,405,4494,5,1,1,3,420,17267.560686,5198.87
100897,2411,1900,2,1,1,2,3800,11562.187087,9701.85
100898,1790,4205,3,1,1,6,1200,3624.0800105,14777.64
100899,5471,852,4,5,1,1,800,11098.719888,1511.53
100900,4323,1623,3,1,1,1,1920,2911.0468663,4660.61
100901,629,5095,4,1,1,1,600,17435.317206,3005.07
100902,2726,1855,2,5,1,2,2400,6630.0129526,27532.46
100903,4000,1675,2,1,1,1,3970,7423.6210822,9373.75
100904,6546,169,2,1,1,2,700,5004.6651543,5494.04
100905,5169,962,2,1,1,2,3270,6095.3330033,8727.93
100906,2637,2281,5,5,1,2,1300,14927.254336,6574.94
100907,6691,986,5,5,1,2,910,3065.5047469,4523.88
100908,3190,1784,1,1,1,3,1280,7268.9789544,12415.4
100909,7428,386,2,3,1,2,1710,2279.7851469,5657.51
100910,5191,1042,2,1,1,1,1690,12091.586147,13908.75
100911,737,3658,2,5,1,2,2130,4875.4026116,21908.91
100912,7004,547,2,2,0,3,3500,986.14073227,9973.04
100913,4208,1355,5,1,0,2,850,10383.216269,5908.39
100914,8231,482,2,5,1,3,1800,763.84715198,12638.18
100915,6364,686,2,1,1,2,3000,11262.844569,7323.58
100916,1096,923,4,1,0,1,550,18823.688412,2102.32
100917,4993,1358,2,1,1,5,2460,5078.0389799,12095.43
100918,7457,544,2,5,1,2,3620,5538.5168864,29672.08
100919,2826,1962,2,1,1,1,2000,5793.0590433,5650.1
100920,7409,447,2,1,1,4,800,10595.251683,7921.11
100921,9413,518,3,1,1,2,1400,571.31652632,19056.61
100922,9735,384,2,2,1,2,1700,927.31916052,10882.61
100923,3156,2110,4,-2,1,1,1000,8369.420446,7969.52
100924,1285,2997,1,5,1,2,1600,7795.0292201,4946.11
100925,6392,717,2,1,1,4,4200,9907.8589822,11683.0
100926,6227,376,4,5,0,1,600,4624.9838468,5965.51
100927,4349,1441,2,2,1,1,2300,9809.6080133,6855.63
100928,3324,1556,3,1,1,2,6300,5379.7997845,4764.41
100929,6410,301,2,1,1,2,2140,4851.7329112,26051.28
100930,1684,1755,3,1,1,2,1280,7305.8324496,18026.65
100931,5618,1392,2,1,1,4,2400,7970.9378488,12612.72
100932,10118,220,2,1,1,2,2350,6254.1835382,6748.68
100933,6065,939,3,1,1,2,1100,6323.1321863,6889.67
100934,1939,2660,2,1,1,2,1500,8843.2378447,11296.98
100935,4711,1104,2,3,1,1,2570,4192.450316,3277.56
100936,759,3600,2,5,1,2,1380,4725.3035744,23963.66
100937,2028,531,2,1,1,4,1000,12418.947823,5475.1
100938,4686,1131,2,1,1,2,3110,12776.279996,13245.69
100939,5187,829,2,3,1,2,1460,1489.6174776,5037.78
100940,0,4997,2,-2,0,6,2200,1353.0311282,6550.48
100941,3595,1525,2,3,1,1,2780,2261.4326385,12774.79
100942,2080,2183,4,5,1,3,920,5950.2824548,7997.0
100943,10119,0,2,1,0,3,3650,715.72552965,7753.86
100944,4763,1304,3,1,1,2,2500,2918.8110465,9688.84
100945,8181,541,3,1,1,1,810,4016.9769931,4169.5
100946,7069,401,2,1,0,1,1460,2124.1785384,3460.86
100947,1108,3314,2,1,1,4,2500,8679.9666709,15648.24
100948,3391,1495,3,5,1,2,1400,4220.728994,7749.09
100949,1872,2836,4,5,1,3,1000,9648.0321085,10998.04
100950,4971,1148,2,1,1,3,2800,5213.2838837,17985.66
100951,5556,1208,3,1,1,1,1900,5979.7515635,4413.15
100952,3794,1550,2,1,1,2,1200,4920.6266645,10324.71
100953,6195,735,2,1,1,2,2550,5881.8060801,5957.76
100954,3820,1696,2,1,1,2,3600,3567.4087652,8445.9
100955,4240,293,2,1,0,2,1550,7501.3065855,7404.69
100956,5546,826,3,5,1,2,1000,2477.7200679,8106.65
100957,1180,3423,2,5,1,2,3180,6932.3862702,15131.06
100958,5436,1072,2,1,0,3,2230,5747.5885466,4524.93
100959,4550,1039,2,5,1,2,1470,5284.13751,16573.23
100960,3207,1449,2,1,1,4,3600,7700.2457505,11896.71
100961,103,4855,2,-2,1,3,1050,14639.113852,16025.0
100962,6361,959,2,1,1,2,900,6106.237454,7121.05
100963,3361,1703,2,1,1,7,2500,4455.9771729,40780.46
100964,4582,276,2,1,1,1,2250,4894.2785622,7094.98
100965,4185,1346,5,1,1,1,1250,13124.868877,2229.74
100966,1513,2651,1,2,1,1,1150,12444.582116,20042.67
100967,4591,1013,2,1,1,1,3400,2695.5752504,5145.17
100968,2627,1751,2,1,1,4,2360,6232.7309049,25050.82
100969,5733,928,3,5,1,1,840,4467.9549809,9755.28
100970,3332,1674,3,5,1,1,1180,2948.920491,10496.7
100971,6014,1165,5,1,1,1,1130,8167.8700276,5291.15
100972,8360,506,2,1,1,2,3800,6131.589661,12126.87
100973,6553,717,4,1,1,1,1100,8289.0486368,5191.0
100974,3479,1422,1,2,1,3,320,5464.1840551,7223.13
100975,1264,4482,5,5,1,1,700,7400.3372603,12179.97
100976,6637,524,2,1,1,2,3300,2287.1370376,8700.94
100977,1999,2668,2,1,1,2,3680,7164.5726865,13476.88
100978,271,4377,2,5,1,3,2160,10058.659472,19869.09
100979,5308,756,2,1,1,3,1630,1894.4701958,8950.47
100980,2111,2562,2,7,1,7,1950,14773.538117,19790.05
100981,6175,790,2,1,1,5,2000,8691.3794987,10054.7
100982,3379,1508,2,5,1,1,2460,5798.2442997,20576.84
100983,2201,364,2,1,0,3,2340,10940.191218,4817.98
100984,1786,4211,2,5,1,1,800,5628.1928373,6544.5
100985,5796,822,2,5,1,6,1040,2392.66614,21384.24
100986,3416,1527,1,5,1,4,1550,9787.8328902,9723.55
100987,5797,20,2,5,0,4,2970,7174.8974349,25924.96
100988,1213,1858,2,1,1,1,1600,9029.2325411,3199.96
100989,10704,1,2,1,0,2,2890,793.03265106,9268.34
100990,6592,325,2,1,1,1,2300,1986.0172181,4785.42
100991,5458,1015,2,3,1,4,4200,3517.2335301,5773.21
100992,6118,780,2,1,0,3,1560,10232.794476,8211.62
100993,1273,3037,1,5,1,3,1000,14277.863685,12617.77
100994,1314,849,2,1,1,3,1200,11194.387504,3387.71
100995,5506,1230,5,1,1,2,700,12458.984756,1985.4
100996,3170,1555,2,5,1,2,1150,6303.6493194,13450.14
100997,5504,821,1,1,1,1,850,19877.059568,13456.54
100998,89,5065,2,-2,1,2,2400,13063.825257,11153.17
100999,1183,3339,2,5,1,5,2000,9666.4160135,17306.66
101000,6170,270,2,1,1,2,1180,8197.4361954,6565.79
101001,1116,1423,2,1,1,5,2900,12961.423661,11210.4
101002,2727,1643,5,5,1,2,800,12490.667267,7157.53
101003,4728,249,2,1,1,6,5000,4650.7656679,21057.3
101004,4228,1164,2,1,1,4,3500,1348.465631,15551.51
101005,4542,1192,2,1,1,4,3260,3649.1387682,17250.54
101006,7126,872,2,1,0,1,1400,6327.8696781,3049.59
101007,4583,182,2,1,0,4,2000,5202.613447,9492.92
101008,4208,1372,5,3,1,3,800,12475.028164,2464.65
101009,1751,2295,2,5,1,1,1400,4828.376091,13848.79
101010,4117,1426,4,1,1,2,750,12270.033553,4102.1
101011,5067,1095,3,1,1,4,1130,7278.1342559,5000.25
101012,343,4421,2,-2,1,2,1040,14219.200489,7088.48
101013,1251,4512,1,1,1,2,620,6129.0958431,16849.57
101014,7701,419,4,3,0,3,1000,1501.572901,5612.66
101015,5191,975,2,1,1,4,4200,4174.1646887,15808.81
101016,5087,1014,4,1,1,2,530,12670.527455,4700.52
101017,6406,388,2,1,1,4,2840,2041.0268686,9602.14
101018,3898,1156,2,5,1,2,1740,4539.5844398,11682.27
101019,5933,1011,5,1,1,1,1100,8507.9023831,3755.81
101020,6107,821,5,1,1,2,800,13538.257218,1422.82
101021,4705,268,2,1,1,1,1900,5035.6845889,4881.95
101022,4866,1037,2,2,1,5,2190,3988.9171693,35453.32
101023,3752,1559,2,5,1,2,1770,8625.4763608,21744.53
101024,1139,3619,2,5,1,2,1820,7769.3742633,16465.44
101025,5664,829,2,3,1,3,2630,3748.6868572,4472.2
101026,5798,881,2,1,1,2,3150,4838.8528965,11350.43
101027,1210,3708,2,1,1,2,1560,14225.858866,4084.42
101028,4166,1289,2,5,1,3,1350,3681.8385931,4617.55
101029,4131,1296,2,1,1,2,2750,6270.4570255,12849.48
101030,7404,581,2,1,1,2,1880,5903.2971988,7496.01
101031,2480,1855,2,5,1,2,2200,5418.0328661,23519.22
101032,7056,318,2,1,0,5,3500,2193.6930785,8855.01
101033,5550,925,2,3,0,2,2400,6322.9847389,4151.84
101034,5904,846,2,1,1,4,4500,6729.1458612,15046.57
101035,5182,92,2,1,0,4,1640,5484.5931037,12737.2
101036,2381,1865,5,5,1,1,1200,13261.067574,6288.94
101037,5418,893,4,1,1,2,2000,5445.4693305,7144.99
101038,3392,1644,5,-2,1,1,650,6060.1027984,4151.86
101039,2743,1724,2,1,1,3,1830,9784.2109183,9394.7
101040,3634,1290,5,1,1,1,990,7183.3514532,2463.53
101041,2156,2094,5,5,1,2,1100,10019.525402,7239.12
101042,1566,3060,2,1,1,4,2700,7847.7270944,17326.92
101043,3706,1466,2,1,1,2,1700,7015.1928901,7467.44
101044,2155,400,4,-2,0,2,1700,10369.114993,762.88
101045,4234,1158,5,5,1,2,600,1606.275444,4840.67
101046,6192,816,2,1,1,4,2400,11154.830611,6741.82
101047,2198,2304,2,1,1,4,1810,11268.52942,5901.07
101048,3722,1525,3,1,1,7,2350,3068.3716423,6975.52
101049,1206,4613,4,5,1,4,1200,8389.7139266,18621.6
101050,1431,3920,2,1,1,4,1730,4508.9251989,18110.33
101051,6263,870,2,1,1,5,4420,8014.4720121,9982.24
101052,7993,633,2,1,1,3,3200,755.98959384,12233.4
101053,5205,879,2,3,1,4,2130,1665.6808503,13271.73
101054,5203,934,5,5,1,1,2000,12544.660548,14772.17
101055,5522,943,2,5,1,2,3380,7551.5710846,17322.96
101056,4562,1112,3,5,0,3,1880,2095.3678776,15300.33
101057,2577,2435,2,1,1,2,1650,4917.0401989,11430.69
101058,10413,0,1,1,0,5,450,913.37730344,8429.98
101059,5018,1042,2,1,1,4,1300,8444.8205936,12623.23
101060,6095,777,5,5,1,2,900,9571.2672218,9362.72
101061,3618,1554,5,1,1,1,500,1957.810557,1992.41
101062,0,4946,5,-2,0,1,550,2305.9488903,2519.14
101063,2000,2652,5,1,1,4,780,16064.853086,11074.85
101064,4348,851,2,5,0,2,1000,5717.6724049,12080.03
101065,5879,1004,3,1,1,2,1250,5368.5038888,10164.08
101066,3802,1536,5,5,1,3,1700,9868.8703781,9008.33
101067,6069,831,2,1,0,1,2950,11496.447432,2842.34
101068,2754,1717,2,1,1,4,2250,8200.1372249,13541.44
101069,5262,873,2,1,1,6,2380,2079.1309522,19560.96
101070,6051,1127,2,1,1,4,1200,3341.2635617,9432.45
101071,6127,752,2,1,1,1,2970,4926.4284564,7723.97
101072,4223,422,1,5,1,2,1800,4809.3271257,19131.2
101073,1384,3998,3,-2,1,3,1200,3016.2847735,7956.39
101074,3182,2120,2,5,1,2,7950,5800.2807475,12092.51
101075,3189,1466,5,5,1,1,600,11528.581755,10291.56
101076,295,4029,5,1,1,1,1400,12528.591928,8928.7
101077,5414,873,2,1,1,2,1800,2448.0470589,8224.29
101078,3400,1678,5,1,1,2,700,1714.8696528,3674.18
101079,5382,711,2,3,1,5,1520,2034.3154931,10980.9
101080,3775,1339,3,5,1,4,1070,2820.3588401,10761.51
101081,399,3818,3,5,1,3,1500,7279.1257121,9297.24
101082,5211,936,2,1,1,1,2550,1659.9030992,2384.33
101083,3821,1413,2,5,1,4,2000,4644.9797765,20276.24
101084,966,3092,4,1,1,2,700,12339.311734,4046.19
101085,109,4824,5,-2,1,2,870,18781.395699,8244.02
101086,6150,857,2,1,1,3,5550,6167.1119175,14861.22
101087,1249,3428,5,5,1,1,920,11928.518444,2390.08
101088,610,3899,2,-2,1,3,1800,10779.355421,23472.76
101089,3881,1407,2,1,1,1,1200,3917.4160435,5403.09
101090,2253,586,4,1,1,3,2000,10985.65936,2106.26
101091,3397,1683,4,1,1,1,820,1480.1265624,6660.33
101092,308,3986,2,5,1,2,1800,10415.746285,17322.79
101093,2369,1913,2,5,1,1,1400,8258.6005412,10974.03
101094,1170,1931,4,1,1,2,700,11830.944689,3651.03
101095,3235,1747,2,5,1,4,4950,3111.8074155,40825.57
101096,6437,763,2,2,1,2,1800,1733.5029602,7182.19
101097,2099,895,2,1,1,3,4200,8302.4863947,3984.21
101098,6285,868,2,1,1,2,2700,8189.2506385,8275.23
101099,5181,970,1,3,1,3,850,8469.2739226,10137.97
101100,4464,1222,2,1,1,1,3100,4747.2115597,4538.69
101101,2132,2091,2,5,1,3,980,7622.6073088,18854.93
101102,2698,1775,1,5,1,1,1100,6291.6537036,9084.89
101103,4306,600,2,3,0,2,1520,8281.6843053,6050.92
101104,895,3571,3,5,1,2,1120,4731.318485,10397.0
101105,2694,1705,2,1,1,1,1700,5258.6156747,12913.81
101106,4533,863,1,5,1,2,850,7829.1435947,11176.88
101107,5199,902,3,5,1,1,1260,3133.3281032,10734.06
101108,5290,944,2,3,1,3,2630,1837.4768682,7290.33
101109,6852,572,4,3,1,7,1900,2002.9353681,11197.51
101110,5248,1057,2,1,1,3,1000,8933.4169519,8771.81
101111,7151,393,1,3,1,2,680,2379.5748493,5420.19
101112,4340,230,2,1,0,2,2140,6921.4528911,10807.76
101113,3307,1318,2,5,1,1,3100,6141.578471,11371.35
101114,5245,1066,5,1,1,3,780,11659.003838,7775.46
101115,3190,1784,2,5,1,2,3000,6465.6540789,14643.64
101116,4550,610,2,1,1,1,1620,4901.7700339,11203.09
101117,4712,1126,2,1,1,3,1330,5812.0424765,9859.05
101118,2590,1994,2,5,1,5,1300,5374.4828457,19118.53
101119,4646,1065,3,1,1,1,2600,5688.2795737,5007.27
101120,5498,1232,3,1,1,5,1630,5034.6668435,4531.75
101121,2141,2062,5,5,1,4,800,14688.078561,10332.41
101122,4423,1242,3,1,1,3,1700,5131.4054613,10486.78
101123,4635,1046,2,5,1,4,3630,2740.3084374,20783.63
101124,6690,820,2,1,1,2,1550,812.02919708,3301.77
101125,4239,293,2,1,1,1,500,6140.6889661,5601.01
101126,3116,2251,2,1,1,3,880,7022.5635527,11263.79
101127,6642,971,2,1,1,1,1980,4305.0114709,24250.86
101128,4548,1183,2,1,1,5,1950,9201.5415931,4255.95
101129,4479,1398,2,1,1,5,2000,6956.0913318,8802.56
101130,6001,809,2,1,1,1,600,12461.914167,1804.75
101131,7344,583,2,1,1,1,2640,5421.4069748,3202.21
101132,4768,988,5,3,1,1,1010,9660.0841282,4021.93
101133,418,4144,2,5,1,4,1980,8488.8865639,15860.14
101134,7214,560,2,1,1,7,4100,1999.3902026,19919.84
101135,5373,1050,2,3,1,5,5750,3467.5314343,25863.05
101136,4473,1098,2,3,1,2,3250,6321.7331013,16818.49
101137,5413,872,3,1,1,3,2140,3849.5674175,11685.29
101138,3997,1231,2,5,1,1,800,4426.31149,19094.21
101139,1588,2471,1,5,1,2,620,5711.8868693,7442.32
101140,5726,955,2,1,1,4,2100,7953.9765644,9124.31
101141,5299,882,5,1,1,1,500,7021.0060406,2117.14
101142,7052,685,2,1,1,1,2800,5883.010282,6436.98
101143,101,4877,2,-2,1,2,1690,10203.572015,17506.84
101144,6973,227,2,5,1,2,2100,4818.5852395,26834.19
101145,5980,826,2,1,1,2,3670,5300.0777973,4776.18
101146,519,4124,2,5,1,1,1050,13917.3247,11512.7
101147,4278,1133,2,5,1,2,4200,5200.7174292,17566.45
101148,2641,1727,2,1,1,2,5400,6510.7931754,10331.0
101149,5952,962,5,1,1,2,420,11118.322754,3314.74
101150,5519,1218,2,1,1,2,1300,11318.300587,5259.14
101151,2188,977,2,1,1,4,2060,8994.4591023,19186.64
101152,926,5231,2,5,1,2,5600,6237.170256,20314.9
101153,5507,848,5,1,1,1,800,9168.86377,3853.25
101154,8705,652,2,1,1,2,2400,817.24284644,14003.39
101155,4729,1101,5,5,1,2,700,7128.138709,4711.27
101156,1212,2932,2,1,1,1,1030,4915.827279,6443.86
101157,3963,1056,1,5,1,5,910,5436.5053748,13157.82
101158,5862,873,2,1,1,2,2630,5686.9031409,6267.05
101159,0,5034,2,-2,1,3,1800,2288.5080745,12246.01
101160,2047,2630,2,1,1,4,2700,7600.346299,18291.45
101161,2349,1941,2,5,1,1,1800,6932.5617254,13253.75
101162,4231,1497,2,1,1,1,1900,5656.8271641,13432.51
101163,3561,1095,1,5,1,2,910,8287.8031443,12139.97
101164,1,3400,5,-2,1,3,860,2003.4842648,14331.16
101165,1717,2457,5,5,0,4,1150,12216.202694,11207.68
101166,4188,1375,4,1,1,2,800,12963.89899,3544.51
101167,5124,923,2,2,1,2,1000,12606.442206,12401.72
101168,8445,566,2,1,1,2,1960,5972.3772434,10297.4
101169,6678,405,2,5,1,1,1000,10626.477372,20008.68
101170,6696,941,2,5,1,2,3670,3775.5213128,20107.06
101171,6367,742,4,1,1,2,1100,16089.659847,6009.12
101172,7103,1016,5,1,1,3,1000,2400.4544304,4773.92
101173,3415,1513,2,1,1,4,2600,4847.1298207,7480.02
101174,1783,2989,4,1,1,4,900,10400.983798,5633.09
101175,1254,2645,4,5,1,4,850,5517.5470414,11624.91
101176,4879,1032,2,2,0,2,3230,4466.1402525,12965.71
101177,4589,1127,2,3,1,5,1850,3095.0213435,18956.21
101178,10683,1,5,5,0,2,500,1225.8243558,6184.89
101179,5190,935,2,1,1,3,1220,2364.8555364,5050.6
101180,6828,255,2,1,1,2,1560,2227.1661825,9383.88
101181,1791,4203,2,-2,1,1,950,4915.9810312,5963.95
101182,5551,894,2,1,1,4,2000,5488.0225267,11142.43
101183,2376,1799,2,1,1,4,1280,12531.086253,20577.13
101184,1266,4478,2,5,0,4,1680,5340.1291965,15786.87
101185,4717,914,2,1,1,2,2000,5918.4625376,9609.57
101186,3660,1528,3,1,1,3,2000,811.23927549,10664.72
101187,7207,687,5,5,1,1,1600,7407.38754,2851.98
101188,5578,960,2,1,1,1,700,8435.0082624,3369.24
101189,3183,1470,3,5,1,2,1000,7982.3543516,5976.65
101190,3333,1713,2,1,1,3,3000,6535.2532395,13042.91
101191,1758,2285,2,5,1,1,1250,6766.1955603,7163.76
101192,5755,878,2,1,0,1,1860,4558.6408996,3672.87
101193,3410,1845,2,5,1,1,1000,10727.131156,18053.56
101194,1053,3110,2,5,1,2,1080,5843.2345795,12685.07
101195,1108,3553,5,5,1,1,1700,14334.626967,6744.15
101196,6704,762,1,1,1,5,960,3944.2532293,12053.92
101197,1866,2249,2,1,1,1,2000,8236.8017244,7532.06
101198,10708,1,3,1,0,2,1400,477.06756991,1820.76
101199,4689,1113,5,1,1,2,740,7853.71808,3370.73
101200,2858,2034,2,5,1,4,800,4188.2772364,18703.36
101201,1110,3540,3,5,1,3,1450,5341.540498,17469.99
101202,1003,5039,2,1,1,2,1400,4348.7106101,11070.71
101203,3188,1467,2,1,1,1,900,7814.2527945,6862.16
101204,6654,626,3,1,1,5,2500,1449.6623891,25384.75
101205,1067,4891,2,1,1,1,2500,4356.2825032,17158.86
101206,4717,914,2,1,1,4,1600,2533.3198131,17624.79
101207,1426,3931,2,1,1,2,1900,3943.4955502,10808.41
101208,1935,2136,2,5,1,2,3200,6774.47296,16166.28
101209,2464,1677,2,5,1,1,1300,11404.98193,8474.69
101210,2235,2418,2,5,1,4,2700,6575.1771202,22255.51
101211,1195,4637,2,1,1,1,1440,5001.2674871,7590.28
101212,4717,258,2,7,0,2,2120,4839.5912896,8868.3
101213,5520,894,2,5,1,2,1650,12019.191609,25522.14
101214,5228,938,2,1,1,3,3750,7285.7590366,8885.82
101215,2167,1908,4,1,1,1,900,13123.019536,4100.26
101216,5649,863,2,1,1,2,3000,5568.4905682,4318.07
101217,2465,2171,2,1,1,1,820,7859.5734055,8308.76
101218,4680,1043,2,1,1,4,2010,5013.4339581,8012.32
101219,7047,414,2,3,1,1,7050,2069.9084616,9099.99
101220,1035,3154,2,5,1,1,2300,6628.7440481,9306.76
101221,378,4257,2,5,1,5,5080,9002.4997237,18156.87
101222,2051,2641,2,1,1,4,1780,13708.584139,15964.24
101223,4853,1267,2,1,1,4,4000,4038.7432779,18950.91
101224,2282,2130,2,1,1,1,900,7376.259223,4254.18
101225,7407,581,2,1,1,2,4400,5964.595911,7024.29
101226,1298,2904,2,5,1,1,1200,5456.6357248,14486.74
101227,6297,899,2,1,1,4,2250,1131.282266,21027.25
101228,2467,1869,2,5,1,2,3690,6340.7126119,6769.45
101229,6467,814,2,1,1,3,2000,3200.4120531,8357.84
101230,6861,894,3,5,1,1,1200,2343.4146169,12404.82
101231,5379,857,2,3,1,2,4660,4213.0548953,11693.26
101232,1140,2157,2,1,1,4,1650,13974.17757,5304.11
101233,88,5091,5,5,1,4,890,17483.960472,7885.31
101234,6126,861,2,5,1,4,2840,8215.1361112,23317.16
101235,3527,1574,2,2,1,2,1500,4145.7121175,10263.5
101236,1269,1288,3,5,1,1,1000,8635.604089,2758.8
101237,5862,835,2,2,1,2,2500,10069.982842,15882.93
101238,2004,2235,2,5,1,1,1670,5610.9581433,10507.26
101239,7332,653,2,1,1,1,2550,5975.3985612,3505.38
101240,9074,489,2,2,1,3,5000,776.71982087,22743.08
101241,102,4893,2,5,1,2,1770,9573.4398106,12585.28
101242,3395,1568,4,5,0,3,1200,6172.9225108,9504.63
101243,7131,591,2,2,0,2,2250,971.10159529,6680.95
101244,2858,2034,2,1,1,2,1200,6437.326328,2444.32
101245,1053,1333,2,1,1,5,2370,7201.7738829,9982.09
101246,5178,1033,2,1,1,1,3700,7653.3153034,8675.99
101247,5213,1319,2,1,1,6,2850,4759.1094559,11896.0
101248,1816,2935,2,1,1,3,1800,13499.93596,6811.54
101249,5486,1058,5,7,1,2,1030,6317.5491379,4935.1
101250,4087,1273,2,1,1,3,3000,5244.283376,9798.36
101251,6684,822,2,1,1,2,3000,882.62673038,4498.76
101252,5355,883,4,1,1,3,1050,8956.3326114,2104.1
101253,3877,1238,2,5,1,4,1600,8249.9015778,15187.8
101254,1152,3365,2,1,1,3,1500,12435.491208,12491.15
101255,2578,1580,2,5,1,2,4070,6135.1420692,30976.96
101256,5384,876,2,1,1,2,1700,9760.7029331,5529.12
101257,4069,1277,2,1,1,3,1540,8318.0386742,8518.1
101258,5690,531,2,1,1,1,2350,5872.0105346,12767.31
101259,3252,1869,2,5,1,5,2480,5800.2807475,49057.34
101260,3595,1313,2,5,1,2,1450,8151.3450856,14914.17
101261,7669,409,1,1,1,2,1020,2876.2328652,6559.83
101262,5461,881,2,7,1,3,2700,6406.1879904,9764.2
101263,4400,221,5,5,1,2,1100,8896.7340052,10274.75
101264,2007,909,2,1,0,2,2000,8414.7957863,5756.89
101265,3198,1461,5,5,1,2,1100,8458.1990639,10821.5
101266,4439,1219,2,1,1,1,3450,5472.5531617,8566.79
101267,743,2075,3,1,1,3,1200,6369.6676083,10047.61
101268,5549,1000,5,-2,0,1,600,7472.3788092,1031.17
101269,8820,402,1,2,1,3,2130,971.68240487,12597.15
101270,6200,801,4,1,1,1,1100,15170.073162,5216.83
101271,5842,831,2,1,1,2,2220,4296.9712395,5705.38
101272,4740,623,1,3,1,2,910,8748.664701,3664.2
101273,4215,1298,2,1,1,1,2400,4825.7374168,9161.51
101274,4312,373,5,5,0,2,600,5549.2443858,7181.38
101275,535,4093,4,-2,1,1,560,10092.130819,4759.61
101276,2627,1769,2,1,1,3,2400,6845.6720882,15685.3
101277,1180,4676,2,1,1,1,1800,4035.3396931,18965.6
101278,4166,1185,2,5,0,4,1600,2967.2774611,24028.25
101279,2258,557,2,1,0,2,2200,9076.0980149,5557.9
101280,5652,785,2,2,1,1,1440,5046.4712557,11493.4
101281,6186,488,5,5,1,3,750,9693.0668904,6465.21
101282,1180,4657,2,1,1,2,1780,4943.711566,11969.36
101283,1984,332,2,1,0,2,1930,10779.198983,8906.95
101284,4370,1496,2,-2,0,4,1680,15343.037128,28648.72
101285,1337,4078,2,5,1,1,1500,4776.0859334,13724.53
101286,6907,465,3,1,1,7,2800,1019.3312608,12080.97
101287,6441,954,2,1,1,2,1790,3961.4693624,10660.62
101288,4961,1141,2,1,1,1,1520,15091.185137,7362.38
101289,4437,1277,3,5,0,3,1100,2329.4742188,8671.72
101290,5008,979,2,1,1,1,2400,3348.817451,6737.12
101291,5542,1214,2,1,1,2,3000,9320.7273954,9513.36
101292,1392,1932,2,1,1,4,2790,8529.1837502,13745.58
101293,1571,3054,2,1,1,1,1880,8353.9466637,7133.86
101294,6114,755,2,1,1,3,1590,10555.443489,13939.32
101295,4269,1235,2,1,1,2,1800,2251.7397431,8477.1
101296,7193,882,2,1,1,2,1490,7309.2031393,12261.7
101297,1468,2713,2,5,1,4,1800,4658.6035534,19775.81
101298,8008,412,2,2,1,2,2520,10198.866884,9529.89
101299,90,5041,4,5,1,5,1750,11853.703791,15521.59
101300,3249,1924,2,1,1,2,1700,5814.5480728,9303.79
101301,4588,191,1,5,1,1,1300,7861.2000448,11529.51
101302,5832,701,2,3,1,1,4800,6011.8600451,9979.35
101303,9935,207,2,7,1,2,1880,6825.6430561,9228.36
101304,3508,1573,2,5,1,1,1200,6545.7291969,14932.73
101305,907,3554,2,1,1,4,1300,12057.483065,19497.14
101306,6614,993,2,1,1,1,950,4783.4921702,3342.59
101307,6425,810,4,1,1,2,1800,17269.721473,9337.91
101308,3773,1526,4,-2,1,5,810,6615.4902899,4314.2
101309,4647,1144,2,5,1,2,1200,14881.578059,19057.23
101310,4579,1036,2,3,1,4,3100,4577.8694763,8730.44
101311,2805,1405,2,5,1,1,1100,8846.9318067,10965.94
101312,4170,1205,3,5,1,2,1250,4696.5352386,13787.45
101313,1191,3370,1,5,1,3,1390,11575.382757,15349.82
101314,618,5207,2,1,1,2,2890,4812.8112963,21621.32
101315,9413,518,5,5,1,5,850,1209.2372585,4586.43
101316,4717,914,2,1,1,2,980,3270.9324953,10166.45
101317,5196,1065,2,5,1,1,1900,7092.9783801,23023.65
101318,5587,1190,5,1,1,2,400,10952.510612,650.21
101319,6075,762,5,5,1,1,650,10888.527568,6631.94
101320,5354,997,5,5,1,1,480,20896.800707,4653.89
101321,4840,1273,5,5,1,2,850,8347.0324577,5562.05
101322,3817,1534,2,1,1,2,2000,4648.9430655,9954.28
101323,5326,940,2,3,1,3,790,2319.4425125,7721.48
101324,6398,675,2,1,1,3,2800,8378.6120329,7193.18
101325,8117,391,2,1,1,5,1800,2188.4502305,18103.88
101326,5318,660,2,2,1,2,640,3390.8553598,5283.38
101327,82,967,2,-2,0,3,1600,1233.289227,5345.75
101328,2875,1669,2,5,1,2,1900,3722.9582637,20094.95
101329,5065,1060,3,5,1,4,1730,1398.1800481,12924.76
101330,1103,1646,5,5,1,3,1200,12800.032812,4467.6
101331,1978,2214,2,5,1,6,630,6856.3108291,30081.76
101332,901,1260,5,1,1,2,720,15450.966068,1020.19
101333,3551,1575,5,1,1,2,780,9252.2217268,3537.49
101334,10059,192,2,2,1,6,2100,6874.4051766,15167.72
101335,2916,1573,2,5,1,2,1190,9491.2541245,9788.53
101336,7108,536,2,3,0,1,3000,2497.7866733,5034.24
101337,1450,2181,3,1,1,1,1550,8299.0707726,6849.88
101338,7879,457,2,1,1,3,3000,5504.2315458,6085.41
101339,5518,747,2,1,1,2,1200,2581.1370203,5236.8
101340,7779,648,3,1,1,2,2460,4205.9843894,5989.25
101341,5282,912,4,1,1,2,2200,8037.411572,3216.88
101342,306,4138,2,-2,1,4,2400,12863.083954,22796.48
101343,837,1349,5,-2,1,1,350,19224.109469,2542.66
101344,9565,336,1,2,1,2,1250,7039.305194,11605.47
101345,5065,1060,2,1,1,3,1730,2231.6557248,12241.66
101346,4271,1323,4,1,1,1,1000,13785.376491,4739.81
101347,1156,3313,2,1,1,1,840,8759.1633034,6050.5
101348,6214,746,2,1,1,4,3000,8415.646636,10563.04
101349,5533,1008,2,1,1,1,2030,15622.303131,6320.42
101350,4599,334,2,1,1,2,1600,4985.1078059,5936.99
101351,4262,286,2,1,1,5,2400,6536.9585598,12811.98
101352,2211,2118,2,5,1,2,1160,9820.4932621,10852.15
101353,2329,1978,2,5,1,4,3530,9208.5413137,27478.39
101354,5984,869,2,1,1,2,2460,9456.6495465,15301.55
101355,5866,982,2,1,1,4,1850,5030.4644979,6386.8
101356,1064,958,5,5,0,2,290,16993.475358,1210.69
101357,4556,290,5,5,1,2,750,6029.1026457,8737.18
101358,2037,3105,2,1,1,2,1700,4000.8917601,14369.86
101359,230,4324,2,5,1,2,4400,10037.511135,16045.15
101360,5520,825,2,1,1,4,1750,6583.9715436,11323.56
101361,642,5219,1,1,1,1,840,5629.2779059,14235.78
101362,3768,1525,5,5,1,1,860,10347.677165,5710.32
101363,5393,900,2,1,1,1,1150,11498.764352,4226.93
101364,6860,533,2,5,1,2,1750,1116.4037387,20378.76
101365,1382,2628,2,5,1,2,1730,4965.892021,12233.31
101366,4196,1012,3,5,0,1,1200,4246.4567409,12511.15
101367,3595,1477,5,5,1,1,600,10505.722568,7611.35
101368,5526,487,2,1,0,1,1580,3680.4179817,4613.14
101369,7689,143,2,1,0,1,1820,3010.5152656,1355.34
101370,5288,1203,1,5,1,1,680,8456.0936959,7326.51
101371,5877,769,2,1,1,1,1200,5540.9291618,7499.17
101372,4661,1434,2,1,1,2,1440,12054.797858,6164.17
101373,5820,1009,2,1,1,2,2500,10820.218396,7779.97
101374,4313,1122,4,5,1,5,900,8353.1455726,11027.27
101375,5377,934,2,1,1,3,1350,12606.442206,8195.6
101376,4400,1263,2,1,0,4,640,11431.349807,15259.16
101377,2064,3206,2,1,1,5,1500,5230.7042676,3894.3
101378,5269,917,5,5,1,2,510,7428.1491554,5579.9
101379,4175,1512,2,1,1,4,2120,3131.0378253,8876.61
101380,372,4325,2,5,0,2,1200,15075.746661,12012.46
101381,4577,1152,3,1,1,4,1600,5076.0259724,12929.93
101382,5657,950,1,1,0,2,1700,5602.2877313,11772.68
101383,2808,1959,2,3,1,2,2680,6058.6266956,9690.42
101384,1260,1273,2,1,1,5,1750,11498.640242,7885.56
101385,1039,4958,5,-2,1,1,650,7766.374332,4532.05
101386,4796,932,2,1,1,2,1200,3511.0344829,14646.12
101387,4324,1626,2,1,1,7,3350,5022.708638,15694.65
101388,2734,1726,2,1,1,4,1110,9416.9473148,8850.59
101389,949,5171,2,1,1,4,1050,5066.7089556,17989.57
101390,8296,0,1,3,0,2,800,941.93594532,5092.12
101391,4504,1188,3,5,1,1,1800,4157.3640841,18230.83
101392,7150,857,5,2,1,2,700,8631.0695637,3617.39
101393,1124,1479,2,-2,0,3,1260,13647.249157,2715.96
101394,4069,1092,2,5,1,4,1600,8104.6924887,16318.64
101395,4535,1145,2,1,1,6,3060,3077.4245601,10428.06
101396,4123,1274,2,1,1,5,4810,7071.6379061,12605.74
101397,1112,3525,2,1,1,2,1000,11121.457756,4734.14
101398,2375,1810,2,5,1,2,1570,6244.7340601,17151.03
101399,2346,1937,2,5,1,3,2750,5413.3751649,18867.78
101400,2709,1913,2,1,1,1,1900,6113.5678237,12338.18
101401,1457,2579,2,1,1,1,1200,5278.0975386,10681.02
101402,2716,1621,2,5,1,2,1300,10320.719518,8966.41
101403,5419,942,2,1,1,2,2280,1591.3741962,7930.5
101404,7409,391,5,1,1,1,1100,3479.6899386,2222.44
101405,7128,886,2,1,1,1,1400,7127.3762918,2674.58
101406,4372,240,5,5,0,4,1040,8047.4632794,13472.06
101407,4038,1350,2,5,1,4,2800,3459.2198841,23550.12
101408,5178,1033,4,5,1,4,1850,11420.632931,13645.66
101409,2096,2054,2,5,1,2,5500,5335.661356,20529.86
101410,8682,660,2,1,1,2,3330,730.48461623,11524.6
101411,4408,1127,2,5,1,2,2360,5527.033922,16886.7
101412,2637,1713,5,5,1,3,1200,14584.031791,8206.93
101413,4403,1490,5,5,1,4,1050,12539.447498,9586.39
101414,6402,593,1,3,1,3,990,3215.3150245,9645.55
101415,1231,2425,2,1,1,3,1430,11113.84484,8356.83
101416,6998,685,2,1,1,2,4340,845.07302189,9283.97
101417,2045,2616,5,5,1,1,670,16771.951509,6322.36
101418,2906,2031,2,5,1,2,2290,4747.4217111,13965.11
101419,3536,1403,2,1,1,2,2110,5691.4431166,10018.22
101420,8595,568,2,1,1,2,2400,857.27226239,14910.04
101421,6961,540,4,1,1,3,1200,1610.4790483,3502.9
101422,1140,2999,2,1,1,2,2500,4687.4775116,12994.21
101423,4195,1334,4,5,1,2,900,12236.716932,5943.51
101424,4146,1227,2,1,1,2,3800,6721.6580547,6920.32
101425,3342,1509,2,1,1,2,2400,3977.3139206,16351.74
101426,6535,777,1,1,1,1,990,8664.3314928,6494.61
101427,2621,1725,5,1,1,2,1000,11948.876212,3425.33
101428,5436,878,2,1,1,4,5070,9869.3688685,15466.87
101429,1513,2652,1,2,1,1,410,11677.002629,5396.76
101430,7464,777,1,1,1,5,1200,6999.1180644,10044.15
101431,817,1467,2,1,1,7,1090,18239.113089,6424.35
101432,4055,1344,3,5,1,1,1250,5520.7289384,4074.28
101433,5766,506,5,5,0,3,1100,11859.082611,6875.89
101434,1823,2919,5,1,1,1,800,12672.058316,3997.9
101435,3087,1536,2,5,1,2,3100,11449.407877,15156.09
101436,2403,1349,2,1,1,1,3200,8043.8662151,8090.46
101437,6431,715,2,1,1,2,2780,1958.0713413,3640.98
101438,2910,1571,2,1,1,2,5400,6567.1634977,11795.64
101439,2620,1936,3,5,1,3,1180,2200.2452766,15082.6
101440,6031,791,3,1,1,2,2250,3627.1957933,8585.97
101441,1937,2758,5,5,1,4,890,15269.777599,12505.41
101442,3182,1458,2,1,1,4,5000,7167.4523249,18042.5
101443,1103,3339,2,1,1,2,2000,9027.5827348,14008.47
101444,0,4891,2,-2,1,4,1380,2023.7120395,14256.13
101445,3417,1358,2,5,1,1,4500,7339.7773432,9813.71
101446,6133,816,2,1,1,2,1530,7649.8546967,6514.29
101447,5624,1004,4,1,1,1,1000,15246.553269,3392.38
101448,4205,1358,5,5,1,1,1800,11899.232482,9892.01
101449,4550,200,4,5,0,5,1600,9659.9285021,13485.03
101450,3708,1753,1,7,1,4,1750,6328.4354332,9007.81
101451,5927,914,2,5,1,1,1050,12536.278735,11101.54
101452,8300,528,2,5,1,2,2400,894.63159924,21536.43
101453,3964,1487,2,7,1,1,1010,8509.8654568,8115.45
101454,6071,824,5,1,1,1,650,6016.2873505,1912.22
101455,8078,292,2,2,1,1,3600,922.10918125,9780.51
101456,4797,1168,5,5,1,1,500,13040.081281,3300.29
101457,2761,1891,2,1,1,3,2600,7059.2809145,5434.18
101458,1342,4073,1,1,1,2,1180,6199.0656842,5199.93
101459,5403,893,2,1,1,2,2480,11443.108075,7006.08
101460,1521,2249,2,1,1,5,1800,9873.171141,17934.81
101461,5527,872,5,5,1,1,510,5948.0824159,4602.89
101462,2944,1998,2,5,1,1,2600,4405.3889405,9096.7
101463,4524,1175,2,5,1,1,1250,4415.4790555,14392.7
101464,6745,671,2,7,1,2,2000,3927.0904295,11175.92
101465,4348,1633,2,5,1,4,11150,4394.5911473,34365.17
101466,3954,1472,2,5,1,3,1100,9136.8958909,21763.83
101467,5065,1060,2,1,1,1,1050,1890.9402516,1545.67
101468,4183,1354,4,1,1,2,760,12619.944834,2839.64
101469,8498,523,2,1,1,1,1400,5427.2528015,6012.78
101470,4730,1390,3,1,1,2,2200,6264.0922301,16311.53
101471,4209,1366,5,3,1,1,740,11972.172156,2411.07
101472,3073,1798,3,1,1,1,1100,2995.028447,3635.2
101473,1081,2986,2,1,1,1,510,6648.4112461,9504.7
101474,3835,1793,2,1,1,4,1350,8795.4622547,12727.17
101475,3760,1521,3,5,0,5,1150,5934.9763623,22734.45
101476,4042,1038,3,5,1,2,800,3680.3297143,8607.64
101477,4898,1075,5,1,0,1,600,19863.008107,2265.09
101478,10569,1,2,1,1,1,2960,863.91033875,4799.12
101479,1693,3507,2,1,1,2,1450,5127.9786233,8346.65
101480,3860,1430,2,5,1,3,1060,5883.924816,16494.7
101481,10637,1,3,1,0,1,960,514.92305588,1828.34
101482,5184,1045,5,1,0,1,750,9609.559097,2861.09
101483,4925,1018,2,5,1,2,4200,7040.4045718,17051.35
101484,2663,1642,2,1,1,1,1000,10019.374052,5837.83
101485,5567,1111,2,1,1,1,2510,5826.2082791,10779.44
101486,2039,2639,5,5,1,1,1200,11018.681914,5940.58
101487,6147,1041,2,1,1,2,1100,6314.0150828,7475.59
101488,4343,1286,2,1,1,1,3400,4738.8191946,7761.0
101489,3527,1608,3,1,0,1,1530,1021.2196733,1540.27
101490,4226,1321,4,3,1,2,580,14366.511243,2859.23
101491,5213,921,2,1,1,3,2700,4759.9365178,8946.9
101492,5508,750,2,1,1,3,2300,2563.0722012,6359.15
101493,4323,1607,5,5,1,3,630,10705.677001,11592.66
101494,2377,1765,2,5,1,2,1900,6109.3534128,7327.8
101495,925,3517,2,1,1,3,3440,7339.4187212,21613.59
101496,5798,921,2,1,1,4,1200,8334.968226,8637.51
101497,6215,909,2,2,1,2,2110,4146.6036727,8844.6
101498,5219,939,3,1,1,2,3000,5350.0213072,7354.79
101499,4195,1349,5,-2,1,1,1010,9318.0443508,4440.25
101500,877,5349,2,5,1,2,1800,4528.4871392,10797.41
101501,6699,976,3,1,1,2,2230,1195.7786365,11261.67
101502,4708,1213,3,5,1,2,1970,4516.9160209,14699.32
101503,3949,1478,2,1,1,2,1100,4832.1672851,10707.19
101504,0,4491,2,-2,1,3,800,2074.1274669,22805.66
101505,7343,572,2,1,1,5,2600,6110.2865702,7558.3
101506,5324,941,2,3,1,3,1200,2252.9063045,10109.55
101507,6737,783,3,1,1,2,1760,553.50493519,10649.21
101508,5463,1074,4,1,0,1,350,8804.0757026,1671.89
101509,2716,1749,5,5,1,1,860,7938.0235938,5183.45
101510,5070,1054,2,1,1,2,2300,2327.5317592,10279.57
101511,8677,661,3,1,1,1,3000,601.26834974,10262.88
101512,3344,1499,2,7,1,2,1200,4455.9771729,13254.06
101513,5949,726,2,1,1,2,2600,3833.89593,6927.69
101514,5110,887,2,3,1,6,6500,3748.4602732,30277.79
101515,3391,1496,5,5,1,1,980,10731.414647,15845.44
101516,4211,1199,5,5,1,2,800,8436.2046707,8555.63
101517,6327,234,2,3,1,1,6400,2510.9753391,11671.82
101518,2624,1848,1,5,1,1,620,10597.791207,14579.24
101519,4549,1163,2,1,1,7,1600,5855.2591941,7829.51
101520,969,2158,5,1,1,1,530,15109.422415,1003.65
101521,3439,1631,2,1,1,4,3100,6453.7423065,14228.96
101522,3716,1498,3,1,1,1,3600,1034.9713971,6022.11
101523,8261,521,3,1,0,1,990,3777.4103255,5656.1
101524,7617,432,2,7,1,1,680,1655.7267751,2948.08
101525,2150,1869,2,1,1,2,1440,10182.770659,4354.87
101526,6668,823,1,3,1,2,860,1058.7814368,6230.22
101527,889,1285,5,5,1,2,750,18193.585674,3465.48
101528,1490,2553,2,5,1,1,1050,6217.0204036,7463.22
101529,3724,1614,5,1,1,1,900,11165.728998,4481.63
101530,5526,936,2,1,1,2,6030,10164.540986,11760.9
101531,7448,529,2,1,1,2,3600,1035.0074669,13051.05
101532,4673,1549,1,1,1,2,1700,6158.6569692,6759.91
101533,3060,1590,2,1,1,1,3000,4095.5322683,20882.44
101534,1837,1449,2,1,1,4,3000,7740.3012216,11990.84
101535,2201,2047,5,5,1,1,960,12391.712309,4945.84
101536,3929,1261,2,1,1,2,2100,5604.09305,6702.95
101537,3116,1521,1,5,1,1,1750,7287.8671278,6881.86
101538,1235,2647,5,5,1,1,440,7838.7661676,5905.46
101539,3181,1754,2,5,1,1,1400,3429.207751,9566.14
101540,4593,286,2,3,1,3,1450,5733.6720138,11508.24
101541,6029,900,2,1,1,2,1180,7890.2194711,3833.85
101542,2296,1922,2,1,1,4,2050,7341.7493248,12342.54
101543,2777,1581,2,5,1,2,2430,5522.8341585,12934.12
101544,764,3585,2,1,1,4,1920,6111.0647218,14512.23
101545,1133,3435,2,5,1,2,920,13421.902162,7118.84
101546,6101,761,5,5,0,1,400,7078.5320579,1938.88
101547,4191,1286,2,1,1,3,2800,1860.6050611,14744.02
101548,3971,1388,2,1,1,1,1500,3301.7511654,13516.6
101549,6286,792,2,1,1,7,2500,4752.2394909,13005.37
101550,5911,847,2,1,1,2,3000,5369.8557223,13921.17
101551,3373,1482,2,1,1,3,1710,9348.8831815,12290.66
101552,6809,892,2,2,1,1,1800,3883.3603452,5256.41
101553,2126,932,2,1,0,4,1440,10415.554243,4717.72
101554,4874,958,2,3,1,2,2400,2043.3364006,9039.23
101555,3230,1719,4,5,1,2,500,4232.7452355,4175.67
101556,1488,1968,2,1,1,2,2200,9437.8566228,11350.74
101557,1106,3534,2,5,1,3,1150,10918.490762,11226.13
101558,4030,1410,2,1,1,2,2380,3605.0418422,10067.85
101559,6809,131,2,1,0,2,1180,6614.5231747,6405.61
101560,5147,1129,2,3,1,2,4050,3219.3817193,7234.97
101561,1835,2606,2,5,1,5,4190,11576.089389,12071.01
101562,7111,391,2,2,0,1,1650,1655.7267751,6425.86
101563,2133,827,3,1,0,4,1450,5385.1903184,6666.37
101564,5770,889,3,1,1,1,1450,2687.1032557,3366.64
101565,4200,309,2,1,1,2,1750,6047.3386858,10182.52
101566,103,4867,5,-2,1,1,1400,17122.2558,11747.04
101567,1904,2172,2,5,1,4,4000,5807.5627312,26311.41
101568,6891,198,2,7,1,2,3750,2533.3198131,9785.34
101569,2141,2051,2,5,1,4,1750,7857.5543848,14529.58
101570,2799,1537,2,1,1,4,5330,7027.65168,31958.75
101571,1202,2854,2,1,1,2,2000,6066.4970567,13299.79
101572,2485,1803,3,1,1,1,890,5804.0086361,5584.8
101573,3261,1706,3,1,1,2,1200,1722.9111767,15429.64
101574,2179,2036,1,5,1,2,2000,6387.6680115,15627.86
101575,2282,1899,1,2,1,2,1000,7324.3609416,12651.09
101576,7120,539,5,1,0,2,1100,3841.7400963,1831.06
101577,6487,779,3,1,1,4,1450,3078.9741633,4983.62
101578,7992,633,2,1,1,2,4550,729.44649802,22155.32
101579,3194,1560,2,1,1,1,2300,5108.2160766,5367.28
101580,4992,1070,2,1,1,4,2690,9821.3706388,6756.71
101581,6964,350,2,1,1,3,3210,7386.4062528,15043.47
101582,7675,354,2,1,1,1,2200,1830.5032128,6717.96
101583,6751,429,1,3,1,3,1500,6727.8336036,5146.11
101584,5230,996,3,1,1,3,2550,2973.8497994,8989.66
101585,4945,1167,2,1,1,2,2250,6192.7426696,11617.56
101586,4638,1146,2,1,1,4,2920,11264.53193,14669.29
101587,10720,1,1,1,0,2,1030,967.1284284,3038.48
101588,2790,2015,4,5,1,2,480,5474.6521986,7644.93
101589,1439,2761,2,1,1,2,4200,9473.2036719,14221.39
101590,6514,715,2,1,1,3,2200,5912.078462,7351.06
101591,3586,1624,2,2,1,2,1800,4037.1181037,13532.43
101592,4380,1414,2,7,1,2,2100,8338.7020564,10341.57
101593,6143,749,4,1,1,1,1050,13460.927893,4621.84
101594,6201,799,2,1,1,1,1350,15093.418153,4025.11
101595,2145,1945,2,1,1,2,1230,9482.6024696,8032.62
101596,591,3824,2,5,1,3,3500,7375.3675341,24168.66
101597,4388,1128,2,1,1,5,1180,3218.7647097,27034.61
101598,8102,342,1,7,0,2,1570,6435.5277333,6257.15
101599,1391,1825,2,1,1,2,1500,11932.083014,4584.94
101600,3236,1513,2,5,1,2,4050,3307.0333844,25296.9
101601,6302,897,1,7,1,3,1700,852.18507739,5139.28
101602,826,2152,2,1,1,2,2250,8109.7686646,4569.5
101603,6713,733,2,1,1,3,2100,4540.7076925,13585.63
101604,2158,346,3,1,0,2,1100,7588.3773197,4038.0
101605,10662,4,2,1,0,2,510,754.13554993,4887.98
101606,4540,1125,2,3,1,3,840,4550.732671,13689.29
101607,6303,974,2,1,1,2,2500,3769.919581,7741.4
101608,5584,1193,3,1,1,4,2000,5424.0964131,5647.18
101609,8302,506,2,1,1,1,1690,6625.3835335,5277.48
101610,1019,1035,4,5,0,1,1730,15672.599437,7638.59
101611,4181,1273,2,5,1,2,1800,2488.1836465,14815.46
101612,1135,3245,2,1,1,4,3800,8413.4816193,37409.85
101613,0,3748,2,-2,0,4,2200,1775.0897292,15628.68
101614,2123,370,5,1,0,3,720,17255.863325,5409.4
101615,7126,1003,2,5,1,5,4850,1546.1723454,24335.08
101616,9739,393,5,5,1,1,850,1453.7513214,6606.57
101617,5454,957,5,1,1,1,650,2810.0334477,1348.66
101618,6898,622,2,1,1,1,3260,889.00208783,12853.33
101619,5720,806,2,3,1,2,3600,6220.4020107,13744.42
101620,89,5089,5,-2,0,1,500,19497.95659,2300.88
101621,2412,1948,2,1,1,3,2000,8882.3367368,10814.75
101622,5509,1228,4,1,1,2,1200,16167.963863,8896.46
101623,6352,713,2,1,1,2,3450,7473.3261721,5481.02
101624,4248,1336,5,5,1,2,740,10911.768548,7191.73
101625,2661,1705,2,5,1,3,2330,13642.318993,14669.67
101626,3501,1626,3,1,1,2,1500,4102.3786363,12662.01
101627,0,3688,2,-2,0,4,550,1636.2764718,4600.87
101628,1165,2940,2,1,1,1,2200,5787.9388722,10304.3
101629,5397,859,2,3,1,2,2500,3543.725635,5636.72
101630,3838,1432,2,1,1,3,3150,1215.9769671,3875.71
101631,4753,1088,2,1,1,2,2780,7137.7334688,9469.14
101632,4262,1260,3,1,1,3,2150,5571.276185,9579.76
101633,4042,1463,2,5,1,2,2600,7439.484929,9127.26
101634,545,3899,2,1,1,2,3040,10408.4246,24474.05
101635,2830,1524,1,5,1,4,1200,6513.8509458,8251.25
101636,1773,4233,1,1,1,2,1250,6602.8184832,12456.33
101637,2089,2000,2,1,1,3,1350,15089.434108,9937.95
101638,1089,905,2,-2,0,2,1100,10384.883158,4078.91
101639,7223,650,2,1,1,2,3150,5868.9740128,7938.97
101640,1918,2859,2,5,1,2,1580,7819.9029402,4236.35
101641,4833,1032,5,1,1,1,1750,7305.5694985,3936.81
101642,4409,1128,2,5,1,4,1880,3885.2523965,26455.36
101643,9416,517,2,1,0,4,2270,829.82009109,21761.48
101644,4952,46,5,5,0,1,460,14952.595419,4528.76
101645,7915,682,2,1,1,2,2850,732.11483691,19267.38
101646,6115,921,2,7,1,2,2200,3483.831045,10373.59
101647,5236,927,2,1,1,4,3100,4617.0993295,8558.69
101648,5307,927,2,1,1,5,2000,3428.7133742,7228.66
101649,4416,1440,3,1,1,2,2680,4678.5619584,3558.94
101650,7176,891,2,1,1,2,3900,6596.7308216,12723.42
101651,3174,1434,2,5,1,2,1640,5779.203843,7412.38
101652,6042,840,2,2,1,3,1360,3375.5033366,7810.58
101653,7200,694,5,5,1,1,780,7176.5129546,4377.09
101654,4374,1259,2,1,1,2,3450,7846.2133109,8883.89
101655,5316,995,4,5,1,3,950,12958.339422,5933.96
101656,922,1300,2,1,1,2,1250,11423.264538,6244.95
101657,5594,771,1,1,1,7,1340,7635.3334252,17781.52
101658,5871,970,2,1,1,4,1960,8509.8654568,21314.13
101659,4567,295,5,5,1,2,650,5939.8883501,10692.96
101660,6994,529,2,3,0,2,4280,2546.7198982,17487.13
101661,5205,946,2,1,1,3,3210,6454.1585382,9257.41
101662,4285,1247,2,1,1,4,2600,6277.9439685,10524.06
101663,4623,1288,2,1,1,4,4000,8451.6783832,15768.01
101664,8530,428,2,1,1,3,2100,947.4545635,7817.58
101665,3301,1487,2,5,1,2,1200,5101.5646358,21029.25
101666,4328,1627,2,1,1,2,2500,4229.7466437,10348.85
101667,6295,900,1,1,1,1,1200,875.92523686,5318.28
101668,9946,317,2,2,1,2,1700,6758.5872311,22873.5
101669,7258,868,2,1,1,5,2090,6742.2970718,15557.17
101670,4481,1164,2,3,1,6,3030,5745.2588698,6932.08
101671,1867,2798,5,5,1,1,1000,13069.537953,8750.83
101672,3803,1537,3,1,1,1,1540,5506.5049808,3130.57
101673,4543,1131,4,5,1,1,860,13251.454627,7756.98
101674,6454,795,3,1,1,2,1500,3444.188914,6832.48
101675,860,1728,5,5,0,1,610,16363.284428,1551.45
101676,5011,1092,3,-2,1,2,2800,2785.804126,6405.47
101677,7097,521,2,3,1,1,980,2305.2338606,4388.21
101678,5513,1021,2,1,1,3,1790,20366.115393,21102.08
101679,1211,4610,2,5,1,2,2000,6059.0548891,5584.56
101680,1212,2149,4,1,1,1,1200,18318.087773,5060.57
101681,2881,1648,2,5,1,5,2200,5363.6096296,28009.98
101682,3864,1301,4,1,1,1,750,7923.1049435,5246.65
101683,1954,2197,2,5,1,2,2750,8355.9897356,20632.35
101684,5146,1013,4,5,1,1,670,9065.9494856,6400.49
101685,1455,2565,1,5,1,3,1290,9548.2272574,16057.17
101686,757,3521,2,5,1,1,750,11278.678527,18792.02
101687,5224,982,2,1,1,4,3100,7599.0180377,9190.88
101688,8692,653,5,1,1,1,900,1483.2563292,2604.47
101689,4927,1019,4,5,1,2,750,12344.380011,5615.55
101690,3414,1671,5,1,1,2,650,1724.9509049,3463.99
101691,4407,1127,3,1,1,1,1900,1445.9113033,2938.84
101692,5708,885,2,1,1,4,2900,4572.8306138,14889.48
101693,5354,996,2,2,1,1,1920,12750.054238,9058.63
101694,6906,466,3,1,1,2,1520,1032.9032953,7219.18
101695,5690,531,2,1,1,2,3200,5978.9026134,16928.56
101696,8214,493,3,5,0,2,800,639.28016982,7412.54
101697,5632,855,2,3,1,4,4000,3130.0336123,11995.5
101698,6679,942,5,1,1,1,1100,6409.4426963,2819.05
101699,1022,3276,2,1,1,4,3200,4696.9114484,12887.96
101700,4384,349,5,1,1,1,500,7178.4531001,1480.54
101701,2960,2000,2,1,1,1,2240,3595.2504366,14664.1
101702,441,4022,1,5,1,3,1680,15890.827436,16664.97
101703,3341,1710,4,1,1,4,650,1759.3679888,7185.97
101704,4408,1127,2,1,1,4,2080,4515.6911378,13443.29
101705,4212,1364,5,5,1,1,1100,10556.544843,7209.86
101706,4846,1370,2,1,1,3,1600,4429.8553971,7181.31
101707,2127,2230,2,2,1,3,1930,7913.6598727,8661.48
101708,3988,1497,3,5,1,2,1450,6922.4790851,12504.91
101709,0,5051,5,-2,0,3,550,2245.4088364,5123.19
101710,5612,1040,2,1,1,3,1100,8803.2960103,6151.02
101711,5660,1074,2,1,1,2,2590,3724.7276262,9135.92
101712,3457,1604,2,5,1,6,5490,5437.17199,9094.64
101713,14069,1,2,3,1,6,1800,745.32045214,12158.04
101714,5934,978,2,1,1,2,2400,4535.8695617,17755.32
101715,4798,1115,2,3,1,3,1680,12567.235771,11804.62
101716,835,3668,2,1,1,2,2100,12545.49469,9568.18
101717,0,4405,3,-2,1,1,1450,1332.524277,8809.42
101718,2621,1868,2,1,1,2,1500,6996.0069639,6121.04
101719,3929,1426,2,1,1,3,1600,6336.2486556,11217.8
101720,6513,574,2,1,1,2,2300,4704.847147,17236.1
101721,4438,336,2,1,0,1,1700,5095.7978695,6907.6
101722,6635,861,2,3,1,1,3380,4467.0532927,7553.98
101723,4304,1286,5,5,1,2,750,8410.4318082,7028.2
101724,3979,1414,2,1,1,2,3100,4081.8774646,20563.61
101725,8726,68,2,1,0,5,1300,1487.8348753,8254.56
101726,6904,626,2,1,1,4,2470,5577.2304614,11480.12
101727,4819,696,2,5,1,2,1500,2785.711308,14262.94
101728,4463,1220,4,1,1,4,1850,14145.119107,10222.85
101729,791,3777,2,1,1,3,980,11239.631717,12235.13
101730,6906,627,2,2,1,1,3200,8482.2559897,7466.38
101731,2857,2059,2,1,1,3,7400,6063.1717245,24555.79
101732,4478,1270,4,5,1,1,420,13269.778401,5026.93
101733,4871,959,2,1,1,5,2910,1994.4152848,11170.58
101734,2060,2303,3,1,1,2,900,8767.5475582,6035.69
101735,5047,1063,2,1,1,4,2670,5100.2171896,11553.74
101736,5377,917,2,7,1,4,2400,6106.1326014,17892.18
101737,5249,934,2,1,1,2,3150,6903.8378716,12959.8
101738,7324,618,2,2,1,4,2100,5883.0732827,11465.78
101739,6521,632,2,2,1,2,1120,2806.9167348,6251.13
101740,0,3993,2,-2,0,4,1200,1475.8467901,7503.14
101741,5826,1213,2,1,1,2,1710,3425.846221,8620.11
101742,3192,1472,5,5,1,1,840,11952.178216,5261.77
101743,6195,757,2,1,0,2,670,6765.4478208,3040.24
101744,4810,1121,2,1,1,2,2660,11458.35058,12871.7
101745,7132,883,2,1,1,1,660,8546.317213,7094.48
101746,3645,1439,2,1,1,2,2990,4344.701762,7908.1
101747,3913,1236,2,1,1,2,1400,5801.0115345,4738.82
101748,1514,1971,2,1,1,4,1500,8663.8990815,5539.07
101749,7115,866,2,1,1,5,900,6144.5581667,19665.5
101750,5311,1169,3,5,0,1,570,6568.2002113,2590.56
101751,4666,1189,2,1,1,2,1600,7615.9335475,5177.86
101752,911,2185,2,1,1,5,1950,13974.17757,17459.78
101753,4257,405,2,1,1,2,2300,4606.4142186,5732.11
101754,0,3689,2,-2,0,5,1000,1592.8705929,4765.64
101755,1549,2510,2,5,1,4,800,6205.4177298,28270.22
101756,4402,1125,2,5,1,2,2290,3786.0813607,21873.14
101757,505,3945,2,5,1,4,2600,12720.945552,17741.08
101758,1400,1799,2,-2,1,2,1700,9813.3133143,12026.13
101759,6168,794,2,1,1,2,1500,11910.187259,6615.14
101760,5450,831,2,1,1,4,5300,8574.9784621,14626.71
101761,3177,1629,2,5,1,3,3550,5544.5529025,18210.61
101762,4202,1352,5,1,1,1,620,12927.004547,1839.58
101763,10807,1,5,1,0,2,900,1052.3013285,3258.11
101764,6509,723,3,1,1,4,1430,4831.8705586,3443.62
101765,1125,928,5,-2,0,1,690,16958.113451,2110.47
101766,4165,1290,2,1,1,4,2250,6716.6719683,12572.81
101767,0,4947,2,-2,1,4,1850,1416.632975,14236.26
101768,5945,947,2,1,1,1,3150,7122.7544076,12991.19
101769,3190,1474,2,5,1,1,400,7109.2880085,7168.85
101770,2408,1748,3,5,1,1,600,4043.1506216,12616.15
101771,5515,747,2,1,1,2,1000,3155.0118967,8609.16
101772,4335,261,4,5,0,3,900,11689.126253,11734.81
101773,1424,863,5,5,1,6,700,13762.342874,8726.73
101774,6079,778,2,3,1,4,2130,4135.578593,13851.44
101775,2870,1878,3,1,1,2,3340,6665.6557938,6400.91
101776,6104,804,2,3,1,2,3000,4048.6909547,5649.3
101777,2553,1353,2,5,1,1,1290,7941.0451381,18995.96
101778,6225,1055,2,1,1,1,1100,4443.59775,8098.75
101779,741,3647,2,1,1,2,2000,4918.1748306,11821.67
101780,3203,1459,4,5,0,1,650,9478.2817027,14760.07
101781,3810,1536,2,1,1,2,6250,6555.3532743,11535.44
101782,5378,952,2,1,1,7,880,2713.3025402,11300.94
101783,292,4032,2,5,1,1,1400,10372.785145,9836.5
101784,4908,125,2,5,1,1,1600,5550.9840612,9315.99
101785,2575,1782,2,1,1,1,1000,12102.360393,8293.91
101786,4762,1111,2,3,1,5,2130,6998.9066664,13035.96
101787,5218,943,2,1,1,2,1150,2187.5376266,5562.97
101788,4278,1629,2,1,1,4,3080,7536.3888108,8898.7
101789,1788,4208,2,1,1,3,1900,6789.8694586,11441.83
101790,7906,15,2,5,0,1,2200,876.86654774,15644.95
101791,4597,167,5,5,0,1,2000,8029.3471435,6224.86
101792,3798,1536,1,5,1,2,1100,12781.311194,13152.43
101793,5309,929,2,2,1,2,800,3778.8524963,11516.37
101794,3182,1725,2,1,1,1,940,4008.9661771,8634.47
101795,3786,1445,5,5,1,1,460,1658.6039651,5326.05
101796,195,4541,1,5,1,2,700,13919.258007,9271.18
101797,2008,2728,1,1,1,1,800,13168.05565,3404.73
101798,5972,603,2,3,1,2,2300,5184.084812,23052.86
101799,8176,355,2,3,1,3,1350,1061.224197,8635.47
101800,5104,989,4,5,1,1,600,21405.05537,5418.92
101801,5450,1022,2,1,1,2,2680,3618.0414302,7094.8
101802,1565,2718,2,1,1,2,2500,8372.5162083,8130.88
101803,5491,1057,2,1,1,4,4200,5909.4063361,11578.48
101804,0,4035,2,-2,1,2,2220,1461.015681,9317.19
101805,3838,1108,5,5,1,2,960,5359.4718019,13853.5
101806,4115,1251,2,3,0,2,2550,7331.8041421,3910.06
101807,7435,264,2,1,1,2,2750,2284.331527,10751.26
101808,8348,0,2,3,0,4,1950,828.70122578,14529.8
101809,0,5068,5,-2,1,2,550,1909.1976502,4608.99
101810,4728,1324,5,5,1,2,890,6286.9685347,10116.59
101811,7164,884,2,1,1,2,3870,7368.2824449,5491.03
101812,6806,573,2,5,1,3,3800,1063.4973167,26314.98
101813,4196,1371,5,5,1,4,1200,11632.909916,15590.71
101814,5654,878,2,5,0,4,2600,12536.278735,21223.37
101815,5493,1094,2,2,1,2,3750,9345.9434409,8203.29
101816,7013,403,5,5,1,1,700,3312.339112,4282.12
101817,6169,784,2,1,1,2,4000,12594.983882,24331.43
101818,5031,1050,3,1,1,1,1700,6034.0646532,7573.28
101819,5489,503,2,1,1,3,3010,4324.7348255,11299.59
101820,1933,2162,1,2,1,4,1300,12264.06424,17449.72
101821,4170,1280,2,3,1,1,3160,6838.4989875,14743.6
101822,1729,2459,2,1,1,2,2810,5252.5437822,12668.31
101823,4969,972,2,1,1,3,4250,4124.0964394,11678.89
101824,4227,1284,2,1,1,2,1560,4081.8774646,8737.66
101825,8077,388,2,1,0,3,1200,1201.4965915,5682.51
101826,2437,1824,5,1,1,2,850,10552.010148,7996.16
101827,6098,727,3,2,1,2,2480,1578.0795475,6494.67
101828,2007,2287,2,5,1,2,1920,6006.930741,20442.07
101829,1153,3376,2,5,1,3,2110,11008.863356,20292.13
101830,2638,1733,2,1,1,3,3100,6536.6835217,8345.03
101831,6799,523,2,3,1,1,5200,7902.0367142,10207.14
101832,6986,228,3,1,0,5,1730,2588.7737037,6363.42
101833,2625,1864,3,1,1,1,1290,4812.7844294,12464.31
101834,3740,1162,2,7,1,2,1800,4539.5844398,10985.72
101835,1063,3403,2,-2,1,4,1730,10460.613797,29058.88
101836,4191,1346,4,5,1,2,550,12631.544217,8156.5
101837,6630,749,2,1,1,2,1200,1665.2686002,3896.18
101838,2007,2267,1,5,1,1,700,6928.420866,10871.52
101839,4129,1238,2,1,1,1,5430,1359.1527063,20399.5
101840,4199,1353,5,5,1,2,680,9690.4376684,4957.79
101841,2434,1819,2,1,1,2,2330,7532.809123,11482.94
101842,2487,833,5,1,0,1,1000,13589.137964,1669.73
101843,4182,1272,2,1,1,2,3600,1973.418855,9239.75
101844,4795,972,4,3,1,2,800,8151.7503314,10654.99
101845,1985,2676,2,1,1,5,1390,7507.6699618,8236.34
101846,1897,2167,2,5,1,3,3900,5669.4365722,13622.9
101847,785,2130,3,1,1,1,1730,6026.3825589,7595.21
101848,2175,2712,1,5,1,3,1500,7904.4671895,12452.87
101849,5624,803,3,1,1,2,2500,3110.5577599,5858.91
101850,4272,1355,5,1,1,2,1250,7331.2683765,4760.0
101851,4462,1203,4,1,1,2,1200,10968.829284,7250.47
101852,1886,2178,5,5,1,3,1100,8954.5407264,9526.53
101853,1365,4344,2,1,1,3,2320,4764.4151834,10840.51
101854,4562,1182,2,5,1,2,1250,4026.228898,17238.25
101855,6903,625,2,2,1,1,1800,7386.4062528,1790.06
101856,7133,856,2,1,1,1,2180,6148.703221,5315.79
101857,5031,212,3,1,1,1,1350,2750.431159,4727.49
101858,5996,800,2,2,0,1,970,8704.5943869,11173.44
101859,6275,1048,2,1,1,1,2400,3613.0407956,5158.39
101860,7507,402,2,2,0,2,1720,2546.7198982,3779.35
101861,6082,847,2,1,1,3,2000,5442.285748,13218.12
101862,5711,894,1,5,1,3,1050,4875.7701039,7436.04
101863,5591,963,5,1,0,1,800,8621.0100214,1247.07
101864,5426,934,2,5,1,3,1900,7506.2068662,20661.46
101865,748,2014,3,5,0,1,1000,6779.1626268,2247.07
101866,1168,3276,2,1,1,2,1800,7293.5108716,8483.07
101867,2279,1866,2,5,1,3,3070,6535.2401102,20632.76
101868,2096,277,2,1,1,2,1360,9473.4698722,4750.06
101869,1597,2687,2,5,0,2,4100,6830.9417922,21858.31
101870,5781,933,2,1,1,4,1510,11156.269119,12885.69
101871,4279,1127,3,1,1,2,1120,4866.5224871,1916.51
101872,4741,1166,4,5,1,2,790,10500.611829,12326.95
101873,1245,4547,2,5,1,3,1100,4697.5823169,19721.19
101874,3750,1591,2,1,1,3,1150,5781.1558708,10573.46
101875,1749,2297,2,5,1,2,1650,4805.0881417,11598.22
101876,4484,322,5,5,1,1,1120,8083.6554754,6686.3
101877,4865,962,2,5,1,1,1630,2071.9594556,12252.49
101878,1094,4852,2,-2,1,2,1140,4539.3176991,15866.58
101879,1120,986,4,1,0,1,940,17002.307794,1132.19
101880,330,4399,2,5,1,2,3000,9938.3426895,26879.48
101881,7257,589,4,3,0,1,420,2270.2353927,2367.11
101882,5834,916,2,1,1,1,1850,14069.263619,3784.64
101883,5068,740,1,5,1,1,980,3467.6960677,8728.52
101884,3683,1280,2,1,1,3,2700,5537.2136908,16654.7
101885,6058,929,2,1,1,3,2530,6683.1746121,6952.93
101886,1791,4202,2,1,1,2,2100,5475.8394381,18778.77
101887,6921,1036,2,1,1,2,4350,1664.3245525,9497.85
101888,271,4354,2,5,1,2,1900,8440.9367305,19101.75
101889,6203,1145,2,1,1,2,2130,4229.6321248,8183.78
101890,4678,1053,2,3,1,3,4030,6004.7358298,16767.81
101891,2039,2031,2,5,1,2,1350,8124.071687,11588.45
101892,5222,1522,1,1,1,2,1290,4524.1533688,3750.71
101893,4185,1354,5,3,1,4,850,9310.8269098,3016.17
101894,1415,3948,2,1,1,1,1600,4640.2636261,7195.28
101895,5416,1116,2,1,1,5,2500,4785.1864674,7457.27
101896,6496,751,4,1,1,1,420,4773.5236464,4105.96
101897,1058,3381,2,1,1,3,2300,11695.344222,26962.75
101898,4808,917,2,5,1,1,800,4553.3527444,8736.12
101899,6069,823,2,3,1,2,1850,4321.4663317,12555.44
101900,4277,1231,3,1,1,4,820,10466.551376,8245.45
101901,6747,578,2,5,1,2,4600,2531.1186184,23989.89
101902,4643,1459,2,5,1,4,1800,13318.286498,15772.71
101903,2920,2258,2,5,1,3,1900,7407.4229127,15493.26
101904,2266,583,2,1,1,4,2650,11056.771069,10622.98
101905,2703,1688,2,5,1,3,1500,6523.7686616,11936.23
101906,2109,2181,2,1,1,2,1300,7872.7322215,7757.32
101907,2036,3255,2,1,1,2,3200,11757.103081,12992.93
101908,5484,760,2,1,1,2,2700,1970.495985,6376.56
101909,2966,1808,4,1,1,2,1200,3598.295947,9929.81
101910,10705,1,2,1,1,4,2400,945.4530843,7199.12
101911,8381,315,1,2,0,3,1600,2278.8007984,4721.98
101912,6609,726,2,1,1,2,2000,10435.223607,10352.17
101913,4164,1153,2,1,1,4,2400,4896.8603915,11059.0
101914,3085,1771,2,1,1,1,4000,2835.798299,16459.76
101915,4506,12,1,5,0,2,1680,5482.6700265,9558.03
101916,6062,733,2,5,1,3,1600,5924.8943069,12495.63
101917,4205,1372,2,5,1,3,2130,5079.4191042,18719.18
101918,3344,1709,5,5,0,4,700,2011.515503,5467.23
101919,7649,369,2,1,0,7,3750,2097.2234244,7601.28
101920,2238,2484,5,5,1,1,780,13051.526342,6058.42
101921,2723,1689,3,1,1,2,2900,6487.7533782,10990.55
101922,7195,398,2,1,1,2,3970,6513.8098268,6169.02
101923,2304,2101,2,1,0,5,490,6924.4280829,12569.72
101924,1572,2447,1,5,1,4,1400,7461.3342994,9426.79
101925,0,4423,2,-2,1,4,1930,1892.492951,8513.28
101926,4342,1557,2,1,1,1,1650,10604.125465,4852.66
101927,1036,3442,2,1,1,3,4200,12280.393824,15626.85
101928,4124,1414,2,1,1,1,3100,6560.029643,5576.99
101929,5156,947,2,1,1,1,2470,3226.9449762,7059.38
101930,4743,767,1,5,1,3,2000,8928.311147,23272.82
101931,1570,3055,2,1,1,3,2200,9181.4994161,14431.76
101932,4997,1165,2,1,1,4,1080,4098.2384857,9901.76
101933,2746,1655,5,5,1,1,960,11685.35653,10864.44
101934,4989,1157,2,5,1,2,1620,3621.9405028,26950.49
101935,1194,4610,2,1,1,2,3000,3718.2128874,16082.24
101936,1826,2374,2,5,1,1,1150,7473.3022004,13739.24
101937,4152,1223,5,5,1,1,570,8807.8843351,30034.89
101938,5718,1120,2,1,1,3,1110,5317.3660016,13248.9
101939,2860,2031,2,5,1,2,1500,3760.0618386,10013.45
101940,7957,350,2,3,0,1,1100,1069.3249191,6536.05
101941,4082,875,1,1,1,1,1080,5495.6985109,2694.55
101942,1097,893,5,1,1,1,530,12036.75518,2369.46
101943,1016,1191,4,-2,1,3,380,13750.853937,2921.33
101944,1105,3559,5,5,0,2,680,13570.20214,7090.09
101945,5835,483,5,5,1,2,1000,7568.1862417,13308.82
101946,2229,886,3,1,1,2,1510,8063.7253522,5257.68
101947,1033,3145,4,5,1,1,860,6868.9815739,5403.7
101948,3537,1404,2,5,1,1,1200,3599.4128194,10961.22
101949,8065,425,2,1,1,1,1440,1128.2052633,8090.63
101950,3377,1595,2,5,1,3,5750,4619.4028319,52532.91
101951,6233,876,2,1,1,5,5800,6103.3826687,14858.55
101952,4960,1155,2,1,1,2,5100,16221.39852,5445.92
101953,5159,838,1,1,1,2,1400,4625.0772301,8552.65
101954,2244,1989,2,1,1,1,2500,4211.9316041,19196.87
101955,1109,4821,2,5,1,5,3800,8546.2752215,23970.1
101956,3206,1744,2,3,1,3,2250,6151.4017514,20970.87
101957,4206,1340,2,1,1,6,2600,3592.3818091,14249.61
101958,5033,1078,2,1,1,4,2260,16085.606967,11554.03
101959,1383,2071,2,1,1,2,4900,8864.057524,21598.32
101960,4363,665,2,5,1,4,2200,4613.1498149,25071.25
101961,3908,1259,2,1,1,4,2180,3638.2777563,18286.64
101962,475,3996,2,5,1,4,2450,8775.0122058,16146.02
101963,5117,1274,2,1,1,2,3000,4393.9537267,21061.47
101964,5129,881,2,7,0,2,1870,4865.2940637,4424.67
101965,5686,872,2,1,1,1,3000,4335.1618881,7708.56
101966,433,4094,3,5,1,3,1720,7251.5287417,15339.73
101967,5909,808,5,1,1,2,650,7599.1834416,4894.82
101968,3302,1684,1,5,1,2,2040,4324.5155618,3711.55
101969,4867,1118,4,5,1,4,1050,16459.240075,13725.41
101970,3938,1422,2,1,1,3,2960,3770.1531527,17771.63
101971,747,3630,2,5,1,2,4020,5824.7434595,13938.46
101972,537,3806,2,5,1,1,2250,17600.838528,13424.79
101973,2597,741,5,1,1,2,1120,14494.383623,3786.95
101974,5695,855,3,3,1,2,5000,2127.8043686,10928.09
101975,14013,1,4,3,0,4,1000,1088.9056657,5333.7
101976,3907,1531,5,1,1,1,780,6427.7735865,3852.8
101977,2097,2576,2,1,1,1,1600,13288.139857,4639.19
101978,2295,2850,2,1,1,2,2380,8889.74037,5916.63
101979,2096,2817,2,-2,1,1,1000,5048.5740681,3225.38
101980,4735,1098,2,1,1,2,4500,3746.9298577,7906.71
101981,6599,757,3,1,1,2,1300,1034.1405048,4477.82
101982,5005,76,2,1,1,4,1400,4837.931149,5214.58
101983,3345,1709,5,5,1,2,1700,1822.9758092,12488.98
101984,2143,359,4,-2,0,2,1600,12574.558271,4027.42
101985,5465,885,3,5,1,1,700,4037.0870437,10540.43
101986,1104,3564,2,1,1,4,2400,8230.5170345,11316.91
101987,1326,4097,5,5,1,1,670,8885.4503136,5398.0
101988,4521,1005,2,5,1,2,2400,2918.8773964,15827.44
101989,4617,163,2,1,1,3,1400,5855.1054328,8703.28
101990,6705,710,2,1,1,2,1450,3302.9236177,6230.49
101991,940,2067,2,1,1,3,2220,9127.3463149,11532.27
101992,4768,1189,3,5,0,2,1800,6637.889764,11685.67
101993,6881,611,2,1,1,2,2100,4998.1084544,6535.7
101994,969,3539,5,5,1,2,1800,16978.441142,12405.02
101995,848,1526,5,-2,0,3,720,17321.570639,4207.03
101996,2378,505,3,1,1,4,1010,5264.9627646,3649.38
101997,6219,798,2,1,1,2,1920,7605.8558403,8314.7
101998,3126,1331,1,5,1,3,2200,6235.9950355,17799.71
101999,4133,1418,5,5,1,2,1200,8927.5247217,9346.87
102000,5764,825,2,2,1,2,1350,6137.5589162,6477.47
102001,4388,249,2,5,1,3,1680,5529.5144416,18741.58
102002,7116,605,5,1,1,3,1120,3364.221164,4305.89
102003,2875,1586,1,5,1,2,1700,12780.705559,15669.58
102004,5482,1060,4,5,1,1,600,9925.9183263,4455.26
102005,5423,833,2,5,0,3,4000,4110.8212915,19942.33
102006,7098,890,2,5,1,4,4450,4477.5845949,43163.27
102007,10608,1,5,1,0,1,600,995.93006748,3473.94
102008,0,5067,5,-2,1,1,710,1909.1976502,7764.61
102009,5985,960,2,1,1,2,1870,3901.0404225,10534.64
102010,1735,2755,2,5,1,1,900,11810.18055,12399.55
102011,5540,1216,5,1,1,1,950,11736.493187,2664.47
102012,3769,1458,2,1,1,2,2200,3822.1109238,11742.17
102013,5299,916,2,1,1,4,3000,3767.1894794,15827.11
102014,2840,1540,2,5,1,2,5200,4969.0745264,17994.04
102015,6999,663,2,1,1,2,2100,6943.7743879,6696.13
102016,6493,318,2,1,1,2,1820,2327.6979725,6556.74
102017,3428,1670,5,5,1,3,1050,11075.62437,9759.15
102018,4740,1107,2,1,1,4,3750,6982.8326036,15197.64
102019,5065,1086,2,2,1,3,4500,14215.757664,23073.61
102020,1157,3311,4,5,1,3,750,12639.751646,12664.57
102021,6931,843,2,1,1,2,1600,6046.3205871,11469.96
102022,5321,625,2,1,1,2,2400,4156.9143463,6384.78
102023,1164,3267,2,1,1,6,4140,7436.0113118,32137.21
102024,2324,1873,2,1,1,2,2580,9253.6856419,11052.24
102025,6517,514,2,1,1,4,2500,5463.7164434,8424.96
102026,2690,1671,2,5,1,4,1200,6767.2776889,19792.82
102027,1475,2595,2,1,1,2,1100,8356.0852817,14501.88
102028,1772,2534,2,5,1,2,820,4859.783089,13365.42
102029,4945,1149,2,1,1,2,690,6962.71882,6803.26
102030,2001,2642,2,1,1,6,2600,6990.4232198,20594.07
102031,5734,907,2,1,1,2,910,5572.181942,6383.43
102032,6430,783,2,2,1,3,1810,2134.4632483,6141.09
102033,7879,467,2,7,0,2,2460,7893.03775,5903.77
102034,7820,705,1,5,1,2,1700,1004.7765998,17558.16
102035,5685,1090,2,1,1,2,1090,11082.449768,9815.24
102036,5436,1024,5,1,1,2,750,6979.2323456,1358.51
102037,4928,1087,2,3,1,1,2000,9448.0770848,32680.41
102038,6650,743,3,1,0,2,1200,1088.656422,2425.5
102039,6670,815,2,1,1,3,2280,1030.4870862,9350.9
102040,5725,694,2,1,0,2,1200,4812.4064534,5012.21
102041,6524,571,2,1,1,1,1150,9746.1325083,3577.61
102042,1773,2536,2,1,1,1,1600,6648.4112461,24045.94
102043,9412,518,3,1,1,2,3400,489.90192933,13682.14
102044,1174,3295,2,1,0,3,1900,12169.072788,14026.12
102045,5287,893,4,1,0,3,1350,9618.1597187,6830.1
102046,5532,1196,2,1,1,4,830,9546.7077853,9823.01
102047,3123,1746,2,1,1,4,1190,4261.0686021,15142.16
102048,6857,534,2,1,1,5,1800,939.5567155,15624.99
102049,2314,283,2,1,0,2,2900,12719.175136,3472.13
102050,715,3634,2,5,1,2,1050,10529.381075,10025.64
102051,3831,1139,3,5,1,1,1500,5345.1491345,13968.88
102052,1080,3062,2,5,1,1,3600,7895.6230248,9860.6
102053,2686,1900,2,-2,1,4,1700,12600.564043,15358.63
102054,4500,1121,2,1,1,4,2800,6543.623936,11918.83
102055,6087,749,4,1,0,1,1000,17071.024422,7611.45
102056,1244,2136,2,1,1,2,1740,9229.1449215,6543.44
102057,101,4877,2,-2,1,2,1340,10410.290899,13505.95
102058,2855,1448,2,5,1,2,1530,11133.174184,11034.77
102059,5457,1018,2,1,1,3,3600,5747.5885466,11232.96
102060,874,5362,2,5,1,2,1020,7049.2377907,11492.37
102061,1195,2659,5,5,1,1,1600,6244.5463578,7977.56
102062,4231,1359,4,1,1,1,2300,12199.145849,3637.56
102063,6244,534,2,3,1,1,1500,7604.7586899,7603.64
102064,3210,1451,2,5,1,2,3200,7343.539431,15323.12
102065,3482,1633,2,1,1,2,4050,4563.781001,16914.77
102066,2638,2281,2,1,1,6,2500,10111.71203,30340.24
102067,1603,2525,3,1,1,4,1050,8259.2949234,5118.53
102068,5016,774,2,7,1,2,2600,3511.0344829,19005.87
102069,5597,1169,2,1,1,1,2530,4640.5687899,6108.82
102070,2104,2148,3,5,1,1,1290,2676.432197,2246.89
102071,2334,2084,1,5,1,3,2100,6543.0679455,18454.74
102072,6333,651,2,1,0,2,2550,2428.606365,3980.24
102073,158,4562,5,-2,1,1,1400,16198.181881,4674.31
102074,2808,2009,2,1,1,5,4350,4182.1385245,21477.25
102075,10718,0,2,1,0,5,2600,717.42828264,9722.25
102076,4047,915,3,1,1,2,1200,2167.4317097,12263.66
102077,3352,1568,2,5,0,2,1400,7308.4926488,18033.6
102078,7218,623,4,5,0,2,2900,10651.657512,7139.61
102079,5313,1066,2,1,1,3,4800,3134.6476952,26899.49
102080,1885,2683,3,5,1,2,2520,5669.9293932,14875.12
102081,3913,1575,2,2,1,2,2400,7761.9965942,13204.34
102082,8489,416,1,5,1,2,1450,995.45084396,16315.39
102083,5570,1196,2,1,1,5,1940,12103.708803,5501.19
102084,4425,1313,2,7,0,1,640,5947.3393787,2648.32
102085,3708,1628,5,1,1,1,1500,7324.2542021,8072.26
102086,7691,587,2,1,1,5,1400,5657.4405912,12453.66
102087,2908,1661,1,5,0,1,1100,9836.5184759,11176.13
102088,5832,1124,5,5,1,1,530,5094.8140524,4979.01
102089,6615,844,3,1,1,4,3300,515.55234459,7199.89
102090,8682,656,2,1,1,2,2700,835.44511683,6642.78
102091,1172,2956,2,5,1,1,1920,9988.1716958,21963.79
102092,1241,3319,1,5,1,1,600,12256.410983,7970.54
102093,2835,1475,2,5,1,2,4800,7071.2910425,20958.85
102094,907,3559,2,1,1,2,2700,7124.7090998,13391.05
102095,3368,1401,2,5,1,2,1840,7368.4106223,13735.63
102096,4279,1127,3,1,1,1,1120,4866.5224871,4694.86
102097,4937,974,2,2,1,3,3130,8200.1469945,7588.95
102098,1775,4230,3,1,1,2,960,2720.8189126,7091.11
102099,6106,732,5,5,1,1,570,6739.4002749,11384.36
102100,7643,364,2,2,1,5,2900,2080.3511572,9690.92
102101,4925,941,2,1,1,5,2500,3931.277312,13549.64
102102,4366,225,4,5,0,2,1100,8519.1566462,13643.59
102103,8489,290,1,3,1,3,1110,1149.6451484,9498.95
102104,7211,874,2,1,1,4,1820,7269.3823242,4889.9
102105,5235,866,3,5,1,4,1670,5220.638774,13934.71
102106,1039,3220,1,5,1,2,1000,6637.5906321,3900.55
102107,5020,952,3,5,1,4,1510,5844.6162762,16184.89
102108,163,4509,2,5,1,2,2800,12037.713998,14378.05
102109,1922,2161,5,5,1,2,550,8310.0142585,12927.0
102110,7058,771,2,1,1,4,2400,6083.0128864,21027.85
102111,6039,801,2,1,1,3,3900,5389.5972684,5914.14
102112,4542,1038,2,3,1,3,2610,4807.6399289,15605.84
102113,2624,1702,2,1,1,6,3000,9129.9565082,25524.25
102114,6800,636,4,3,0,1,1000,4762.8670234,1355.95
102115,4502,310,2,1,1,2,2240,4327.2740491,14263.29
102116,5377,1041,2,3,1,2,2540,2984.5354079,4486.3
102117,5073,823,3,3,1,2,1500,3518.2651134,3713.69
102118,4737,855,2,1,1,1,1580,4855.5603516,6734.54
102119,5503,1226,2,1,1,2,3220,4613.8018773,8103.22
102120,4307,1306,3,1,1,2,1580,8548.5861063,7872.66
102121,3829,1120,3,5,1,1,1110,5341.5208091,11672.22
102122,321,4368,2,5,0,1,710,12883.657894,10475.83
102123,8363,443,2,3,0,1,3000,856.05841453,9514.37
102124,4137,1326,2,1,1,4,2600,7696.6177964,16598.79
102125,5801,921,2,1,1,1,2400,10861.179058,1821.37
102126,420,4117,5,-2,1,1,2060,14416.448746,7407.18
102127,5457,620,2,2,0,1,2300,4493.3038312,6008.32
102128,5511,1228,3,1,1,4,1500,4836.0702571,6377.14
102129,6075,762,2,1,1,2,2300,6852.0992995,9762.09
102130,2827,1537,2,1,1,3,4640,7465.4575872,12907.55
102131,5002,1103,2,1,1,2,2680,8099.4536618,6416.7
102132,3804,1229,2,5,1,2,4200,3940.7286221,21907.31
102133,5979,831,2,1,1,4,1400,4646.1690583,6614.78
102134,3357,1659,2,7,1,2,4000,7136.404482,14448.51
102135,4284,278,2,1,1,1,2210,5904.4125747,5606.74
102136,7852,501,2,1,1,3,1560,6270.2473632,12028.49
102137,3399,1303,2,1,1,3,1700,9718.2060277,5932.1
102138,0,4461,3,-2,0,2,1290,1406.9552503,5566.2
102139,5909,880,2,1,0,2,2170,5559.2053314,5619.85
102140,3898,1461,2,5,1,4,4350,3886.8664057,22927.63
102141,5649,956,2,1,1,5,3880,5289.5396116,12146.83
102142,9918,282,2,2,1,4,950,6913.4906429,7894.48
102143,392,4175,2,-2,1,1,650,12950.582436,11873.48
102144,5259,1094,2,1,1,4,9000,3965.0223839,12828.96
102145,5632,1009,2,1,1,3,1880,9589.6134993,8709.71
102146,14548,0,2,3,0,2,2400,770.70667404,6185.09
102147,4326,336,2,5,0,2,1070,5867.8824334,16405.43
102148,4938,1172,2,1,1,2,1000,9192.8621839,2624.64
102149,8780,79,2,1,1,5,2070,1903.7230859,15114.13
102150,4154,1303,5,5,1,1,1010,4509.991676,10157.54
102151,750,3619,2,1,1,2,1100,5298.6660707,19563.2
102152,1203,1445,2,1,1,4,2800,7541.3357746,5240.5
102153,5774,824,2,1,1,1,2200,6682.678698,3394.82
102154,1197,3038,2,5,1,5,2170,8081.6523573,18471.81
102155,4563,1143,5,5,1,1,460,8669.1942011,4184.49
102156,3463,1290,2,5,1,2,2910,8281.6843053,22741.98
102157,4187,1511,2,1,1,1,1000,6720.6781193,5669.19
102158,5068,134,2,7,0,2,1350,5606.0439964,7364.32
102159,1193,3047,3,5,1,2,2150,6326.0559199,11289.9
102160,4249,1371,2,1,1,3,3700,6219.0305297,12948.53
102161,1370,4021,5,5,1,3,730,8885.4503136,9520.36
102162,1105,3558,5,5,1,2,640,18014.472946,4410.82
102163,2249,919,5,5,0,3,1450,19666.81647,2555.58
102164,2249,1844,2,5,1,1,1750,6379.8961202,9957.13
102165,1329,4091,3,1,1,2,800,2925.6445985,2179.64
102166,1116,3488,5,5,1,2,500,15901.950377,5302.15
102167,5874,912,2,1,1,6,1200,7012.8034784,15026.49
102168,5512,1223,5,1,1,2,900,12296.077037,2983.65
102169,4693,1365,2,1,1,2,4400,7749.2081483,24151.51
102170,4482,1123,2,7,1,4,4310,5421.5048884,6789.37
102171,5936,837,2,1,1,1,3490,12912.684487,5572.76
102172,5210,759,4,3,1,2,500,3003.5263232,3089.5
102173,1711,2599,2,1,1,1,1960,4384.2317405,9766.88
102174,2007,2646,2,1,1,6,1950,8024.1277744,8933.22
102175,4412,1283,5,5,1,1,450,10602.178337,3948.13
102176,5075,924,4,1,1,2,890,6744.4320723,6163.88
102177,4582,1183,2,5,1,2,1490,4964.060826,13959.58
102178,5217,1428,2,1,0,4,1400,4626.0577212,5261.08
102179,4989,211,2,5,0,6,2000,5939.8616756,23040.49
102180,4807,1135,2,2,1,1,2640,7128.1576419,8647.49
102181,3030,1492,1,5,1,3,2800,7612.6760119,33569.35
102182,800,3775,2,1,1,1,2800,7673.4206911,16836.62
102183,7995,632,2,1,1,4,3200,870.06675095,7040.73
102184,4611,1130,2,5,1,1,2500,3271.3286855,21174.4
102185,1222,2309,2,1,1,4,7310,8701.0057684,13384.12
102186,2966,1801,2,1,1,2,1150,3974.9906538,5784.38
102187,6225,564,3,2,0,2,1200,1504.6496374,3701.63
102188,3889,1292,2,1,1,2,1800,7894.7739522,11642.64
102189,5591,874,2,2,1,3,3500,12606.442206,33200.27
102190,3190,1475,2,1,1,3,1490,6978.9143429,7807.73
102191,3981,1442,1,1,1,4,1200,6046.9952007,5699.01
102192,4184,1018,2,7,1,1,2200,6243.7132114,11440.7
102193,1547,2508,2,5,1,4,4200,3805.0795712,18766.29
102194,5734,1110,2,1,1,1,3400,7084.6043207,10455.16
102195,3969,1553,3,1,1,1,800,3009.6288373,4424.22
102196,6678,810,2,1,0,2,870,981.81785003,2608.79
102197,5811,1187,2,1,1,2,880,3372.1122768,6249.04
102198,6031,791,2,1,1,2,1430,7277.690986,8190.36
102199,7173,422,5,5,1,3,2100,7110.3132468,12581.95
102200,5528,849,2,1,1,4,4800,5196.0370153,11774.2
102201,1126,2873,1,5,1,4,1120,5766.991842,20776.08
102202,2695,1732,1,5,1,2,1500,11374.249713,15451.04
102203,8492,527,2,2,1,2,4620,5919.2853844,9878.51
102204,5064,934,2,3,0,1,1820,7405.0569618,2674.01
102205,6300,631,2,1,0,2,2100,3263.2856023,4453.15
102206,6015,961,2,1,1,1,3100,6804.0092302,5938.85
102207,3623,1491,3,5,1,1,1600,1782.8200646,6711.86
102208,4751,310,2,2,0,1,3460,7218.6803316,5092.37
102209,1811,2487,4,5,1,3,1200,5574.3093546,12105.97
102210,3760,1511,2,1,1,2,2630,8895.7433592,12506.31
102211,6615,843,3,1,0,2,1760,520.50089333,3003.28
102212,4762,1148,2,2,1,7,2000,7168.5951332,2626.47
102213,4693,668,2,7,1,2,2500,6763.1067372,13396.82
102214,3685,1647,3,1,1,2,2480,1642.3808228,5742.41
102215,1789,4206,2,1,1,2,1590,4594.6754033,14399.9
102216,874,5362,3,5,1,1,1200,4025.09577,11229.93
102217,6000,813,1,1,1,1,350,3609.4069962,9603.02
102218,4632,1182,2,1,0,3,1040,6136.0176835,11520.82
102219,2616,1776,2,5,1,2,1300,9481.7496885,12197.49
102220,5839,866,2,7,1,1,3400,3940.2918199,18470.01
102221,2694,1621,1,5,1,1,840,7413.395277,37121.58
102222,5633,791,5,5,0,2,800,6352.5919193,5180.44
102223,1249,1793,1,5,1,3,720,15144.088803,6936.96
102224,8233,481,1,2,1,3,1280,950.21715798,8227.9
102225,4521,1176,2,3,1,4,3330,6211.0554822,8760.13
102226,6095,1099,5,1,1,2,1180,4858.7543344,8896.78
102227,618,4557,2,5,1,2,2700,9814.8395795,12921.79
102228,6537,730,2,1,1,2,2540,2001.6214157,5972.57
102229,5992,766,2,1,1,4,3250,5127.8331522,7477.89
102230,3336,1712,3,1,1,2,1100,947.04335055,4739.73
102231,5052,101,2,1,1,5,800,5890.6326142,8447.52
102232,14044,19,2,7,0,1,480,1311.758898,2315.11
102233,4466,225,2,1,1,2,2700,5524.938911,9884.72
102234,5920,1232,2,5,1,1,1500,3883.3275057,17357.4
102235,5792,886,3,1,1,1,1100,3069.0116967,6770.57
102236,3642,1420,2,5,1,2,3700,4081.8774646,15005.25
102237,4205,1372,5,5,1,3,1000,9441.4284689,3422.39
102238,3389,1386,3,1,1,1,1170,4734.1627078,5857.01
102239,4922,598,1,3,1,1,720,7477.2233228,5236.29
102240,4856,1106,2,1,1,3,3730,5413.8315015,6794.42
102241,7133,602,3,2,0,2,1050,601.27635069,6607.12
102242,3205,1465,1,5,1,7,2400,5470.9621084,38115.85
102243,1147,3015,2,1,1,2,500,6260.3724976,11695.05
102244,2520,1837,5,5,1,2,1150,8208.277927,13424.48
102245,4207,1376,5,1,1,5,650,13251.767519,5310.75
102246,7065,612,2,3,0,2,3000,1059.1878617,8160.53
102247,5250,990,4,1,1,6,1200,18450.357337,4368.6
102248,3835,1511,3,5,1,1,1530,3602.8819146,7134.59
102249,4608,1165,3,1,1,2,2150,6426.9387941,11879.86
102250,2,3300,2,-2,1,2,1200,1237.6663984,8518.35
102251,1153,2916,2,5,1,1,2090,4971.2326161,17726.91
102252,2975,1945,2,1,1,3,3200,5886.493115,13952.29
102253,13869,1,2,7,0,5,1000,1181.0933314,9460.04
102254,2769,1887,4,5,1,1,750,7970.3434744,14962.53
102255,2246,893,2,1,1,2,1530,11076.985407,5581.78
102256,4978,1173,2,3,1,1,2050,4545.2551161,4102.85
102257,4998,1122,2,1,1,3,1630,10437.414215,8085.32
102258,5414,902,2,1,1,4,2400,4909.7545073,8874.56
102259,4777,994,2,1,1,3,2310,6210.455005,6542.72
102260,368,4322,2,-2,1,2,1410,8629.1054002,8544.53
102261,1301,860,2,5,1,2,2200,8841.2773248,4562.06
102262,8683,659,2,1,1,1,3390,921.90507983,9222.44
102263,1510,2514,2,1,1,3,2180,4652.5398721,13688.97
102264,1236,2380,5,5,1,1,900,15497.621367,4060.81
102265,971,5111,2,1,1,2,1920,4452.9071678,23816.76
102266,7349,518,2,7,1,3,1650,10624.760396,12570.25
102267,874,5362,2,5,1,5,2800,7054.7919186,20826.87
102268,4686,1104,2,1,1,1,2210,4018.8047034,4370.74
102269,1031,1734,3,1,1,1,750,5797.0406445,3674.07
102270,4414,1238,3,1,1,4,2630,5618.6922796,6461.54
102271,3460,1826,2,1,1,2,5030,5323.6219077,8052.8
102272,3602,1433,2,1,1,2,1850,3609.6987098,8478.43
102273,2555,1800,2,1,1,2,1080,10743.422413,6150.32
102274,2832,1723,2,1,1,1,2500,7814.2527945,10874.61
102275,2859,2033,2,1,1,3,2000,4699.5305463,15681.8
102276,1163,3358,2,5,1,3,2260,6481.585425,22653.89
102277,4522,1182,3,1,1,1,1500,6773.0277904,3377.77
102278,2606,1756,2,5,1,1,750,6523.7686616,7375.28
102279,210,4521,2,-2,1,5,1360,10535.044231,11395.88
102280,7569,569,2,2,1,5,3000,7902.0367142,6658.12
102281,6347,744,2,1,1,6,1100,7612.8905323,9039.01
102282,3190,1457,1,5,1,4,630,10595.487005,14655.99
102283,6994,526,2,3,0,2,3500,1154.4615906,3062.04
102284,5065,1060,3,5,1,4,1000,1502.9002483,12752.79
102285,7362,654,2,1,1,2,2500,5875.6863912,8650.24
102286,6336,642,2,1,0,2,1650,2307.5725651,5032.64
102287,3993,1371,4,5,1,2,1150,4256.3143672,11605.67
102288,2814,1918,2,1,1,3,1600,3805.3230861,5287.88
102289,14075,1,4,3,0,2,1100,1078.8445964,1690.92
102290,6125,1139,2,2,1,1,1760,3463.683553,8980.67
102291,5168,943,4,1,0,3,980,4460.7296303,3299.28
102292,8858,407,2,2,1,2,2560,837.4449615,9526.52
102293,312,4126,2,5,1,4,2750,10606.779724,26599.83
102294,0,3524,3,-2,1,4,2260,938.71425175,12962.02
102295,874,5362,5,-2,1,4,1250,9719.6728603,17064.45
102296,5927,880,2,1,1,3,1600,5191.6902915,11648.94
102297,1266,2560,1,5,0,1,2280,12201.011697,16114.62
102298,3362,1699,5,5,1,2,600,1604.5999787,5482.77
102299,1623,2581,2,1,1,1,1520,10155.752939,13119.16
102300,2597,1980,3,5,1,4,1200,2457.1916739,16408.89
102301,175,4467,5,5,1,2,1500,19182.418709,4866.89
102302,4178,1275,3,1,1,2,930,1906.2692193,11178.06
102303,6118,922,3,1,1,6,1250,2515.0762571,24437.05
102304,7350,795,2,1,1,1,2300,838.78114575,7825.64
102305,2024,2694,2,1,1,1,2900,8844.8467172,13088.79
102306,3805,1431,2,1,0,2,1600,3700.4685821,14245.65
102307,1487,2527,2,2,1,2,3600,5050.8790605,20261.57
102308,7598,616,2,1,1,4,3600,5924.1735927,9243.97
102309,3285,1862,2,1,1,4,1930,5734.5707535,13430.91
102310,1791,4202,2,1,1,2,2350,4410.2539669,12507.79
102311,8076,598,5,5,1,1,830,1183.6605149,5303.14
102312,790,3781,2,1,1,4,2700,11386.072444,20276.14
102313,6600,757,2,5,1,3,1380,1532.7261172,15340.16
102314,2236,2489,2,1,1,2,1460,10291.696039,9724.22
102315,4495,991,2,1,0,3,2200,5685.5631575,8572.64
102316,7998,577,2,2,1,2,4250,848.03930361,18454.67
102317,1143,3007,5,5,0,1,660,8431.1262209,4377.38
102318,5774,824,2,1,1,4,5450,5351.556287,11171.08
102319,9081,582,3,1,1,3,1450,488.26657949,10843.89
102320,2304,2968,1,-2,1,2,630,16457.148274,4193.25
102321,5015,127,2,5,0,7,2500,5938.9763499,25622.21
102322,4366,1131,2,1,1,3,1600,4528.9698812,9784.29
102323,3146,1597,2,5,1,1,3510,3796.7804217,8602.06
102324,4881,1086,5,5,1,2,400,19233.079817,5070.44
102325,7710,649,2,1,1,2,4100,836.27163437,12942.71
102326,2488,1782,2,1,1,4,1950,9049.5795098,5114.78
102327,1870,2654,2,1,1,3,1600,7661.0749015,22866.88
102328,6338,849,2,1,1,6,3300,6941.247898,8993.64
102329,5789,1075,2,5,1,2,1930,3107.1933872,16311.1
102330,3243,1828,2,1,1,2,2630,7091.37083,9270.34
102331,5544,1034,2,1,1,4,1500,8840.7057422,5942.84
102332,5500,1232,5,1,1,1,700,10281.803269,2294.04
102333,4483,1104,2,5,1,1,1400,4550.732671,22712.71
102334,2857,1725,1,5,1,4,700,4764.6224913,16347.71
102335,4519,1203,2,1,1,3,3600,2894.1310891,10551.6
102336,3131,2698,2,1,1,6,1900,4280.9480581,15222.02
102337,5927,1094,2,1,1,5,2340,2921.4157445,20898.9
102338,2886,2030,3,5,1,3,1130,2886.1808731,16525.69
102339,3577,1502,2,5,1,2,1680,3023.259454,15265.3
102340,6060,887,2,1,1,3,3500,8025.1779021,15135.21
102341,2146,3634,2,5,1,2,1500,3991.7116211,15725.11
102342,4883,1073,2,1,1,1,3000,5652.941255,11271.62
102343,3,3262,2,-2,1,2,3600,1379.7683298,22091.47
102344,3752,722,3,1,1,1,1000,4109.7022019,4403.47
102345,6976,666,2,1,1,4,3480,5763.9505884,15047.6
102346,90,5037,2,5,1,4,2100,15081.00369,32569.34
102347,787,3762,2,1,1,1,1440,10656.08781,12101.29
102348,4426,360,2,1,1,2,2590,4772.5295906,8365.65
102349,7996,631,4,1,1,1,560,1036.6339819,3033.89
102350,6123,778,2,1,1,3,990,7783.5436358,15136.9
102351,5683,840,2,1,1,7,2100,5488.0225267,8957.44
102352,5186,1550,2,1,0,2,2860,5251.6650477,8791.56
102353,1106,3549,2,1,1,3,1000,9537.0189926,2406.9
102354,4743,1325,2,1,1,4,2690,4200.2788587,18667.16
102355,7101,887,2,1,1,4,1580,7789.8627803,7519.89
102356,3776,1275,2,5,1,2,4900,5837.4365037,14783.95
102357,9753,25,2,5,1,2,2520,5874.9340015,6230.13
102358,1759,2285,1,5,1,2,1290,6295.4284428,14274.24
102359,4648,1053,2,3,1,1,1500,7628.2371954,7735.72
102360,4812,1350,2,1,1,2,2700,4834.3661367,3450.05
102361,6584,321,2,1,1,2,2630,2226.5490704,15059.47
102362,5296,954,2,1,1,5,3850,5817.5476329,20877.55
102363,4181,1274,2,3,1,1,2530,3061.5159216,5022.34
102364,4728,1058,2,3,1,2,2200,7617.8760265,6616.36
102365,5466,853,2,5,1,4,1370,4152.5114748,15810.83
102366,5894,813,2,1,1,3,1630,5363.6412198,12515.38
102367,1231,4574,2,5,1,5,800,4336.4054012,13938.08
102368,3179,2050,2,1,1,1,2590,5404.5889929,9756.87
102369,4370,1275,4,5,1,2,1020,8712.820267,6263.75
102370,5582,1055,2,1,1,2,1850,6345.43723,9427.09
102371,1657,3564,2,1,1,2,1400,4822.2735916,6569.16
102372,2305,2158,2,1,1,1,1050,6823.5894983,8620.07
102373,1147,2841,5,5,1,2,1300,9827.0258296,10102.32
102374,195,4544,2,5,1,2,1410,11242.005996,12569.48
102375,7542,401,2,1,1,1,1290,1096.7822297,7410.75
102376,1057,970,2,5,1,2,1200,13183.5616,12562.37
102377,5509,1216,5,1,1,2,550,13910.693374,6699.82
102378,3560,1525,1,5,1,4,2100,3188.853284,23112.29
102379,5959,610,2,1,1,2,1500,18092.150968,4689.06
102380,2407,496,2,7,0,4,2000,7079.1162775,8079.96
102381,6908,623,4,5,1,3,1330,8137.5775718,10208.38
102382,6271,1029,2,7,1,4,3800,3656.7985663,20056.08
102383,3873,1078,2,5,1,2,5800,4539.5844398,20352.01
102384,610,3733,2,5,1,2,2680,11069.712808,24523.17
102385,6281,655,2,3,1,2,4800,2727.697909,6090.84
102386,1406,2614,5,-2,1,2,730,7331.7479143,7484.76
102387,2318,1953,2,2,1,1,4050,6075.2621613,9247.16
102388,9412,518,5,5,0,4,1100,1150.176842,3880.55
102389,1894,3273,3,1,1,2,1500,1971.0993408,5272.38
102390,4469,1043,2,1,1,2,1500,4527.1254391,16105.91
102391,6874,8,1,2,0,5,830,931.6750875,14196.97
102392,246,4200,2,5,1,2,1100,10883.586897,8838.04
102393,6115,922,2,1,0,5,2550,3212.8734749,4744.62
102394,9290,515,2,3,1,1,2800,846.50939864,27069.57
102395,1936,2289,2,5,0,2,1800,5020.5734342,14762.68
102396,5486,1004,5,1,0,3,580,7941.5870276,2755.3
102397,7257,589,2,3,1,1,1080,1067.4109975,4532.36
102398,8703,650,2,1,1,5,5280,728.84433411,19448.4
102399,3144,1597,2,5,1,1,2210,4832.1334079,6696.26
102400,4207,1366,5,3,1,1,500,12159.447044,3249.42
102401,3631,1463,2,5,1,2,2400,5099.0501453,15953.54
102402,7401,622,3,1,1,1,2600,2697.6594786,7705.98
102403,3557,1559,5,5,1,5,920,3624.9369467,11043.55
102404,6287,749,2,1,0,5,4800,8028.2452212,15476.03
102405,3786,1533,2,1,1,2,2930,4875.7342114,17565.96
102406,2557,677,2,7,1,2,1800,9354.9903803,7695.53
102407,4186,1345,2,1,1,2,2140,6723.7954572,8451.4
102408,6244,1023,2,1,1,4,3360,3354.9490688,14395.93
102409,2630,2367,3,5,1,1,1000,1797.0956031,7310.18
102410,5792,893,2,1,1,4,1800,6192.5947698,5869.25
102411,5871,861,2,1,1,5,1700,7680.9310388,13103.1
102412,5184,957,2,1,1,2,380,7312.5423222,7957.74
102413,3249,1413,2,5,1,2,3900,6514.8161967,15080.92
102414,8112,444,2,3,1,2,3000,3355.5412961,5710.5
102415,2318,1961,2,1,1,2,1090,10830.723749,11535.12
102416,744,3642,2,1,1,2,2570,5240.5939185,13097.83
102417,4096,1045,2,5,1,1,2100,5798.2442997,9985.99
102418,6446,656,2,2,1,5,1800,10016.676216,3454.67
102419,1831,2855,3,1,1,5,800,5758.2874769,7158.08
102420,8742,320,2,1,1,2,1800,6633.8520411,6173.12
102421,1102,3318,2,1,1,2,2600,7912.5546687,5718.5
102422,3296,1579,3,1,0,1,1500,5703.276934,4865.38
102423,6585,994,3,5,1,1,1870,2864.8785326,31983.95
102424,4266,1352,3,1,1,1,1800,4706.6276806,5939.03
102425,4674,1376,2,1,1,5,2270,9234.9443297,9959.05
102426,2096,1986,2,1,1,3,2000,8327.9925205,9656.65
102427,5,2996,2,-2,0,6,3600,1313.2166236,25816.7
102428,7462,263,2,1,0,5,2600,1768.0900712,8401.62
102429,904,3604,2,1,1,4,2000,10255.594612,20535.98
102430,1155,3060,1,5,1,2,880,7884.1068753,1728.14
102431,1688,1748,2,1,1,3,2200,10050.015755,6598.45
102432,4812,1175,2,5,1,2,2480,4450.3986135,18898.13
102433,2795,1361,2,5,1,1,1380,7764.699595,13000.93
102434,2,2262,2,-2,0,1,1850,1623.9078634,3161.92
102435,5864,1077,2,2,1,6,4800,5503.5968149,30966.66
102436,4862,240,2,5,1,2,610,5283.384805,7963.25
102437,6612,773,2,1,1,4,1500,1827.1869072,6886.15
102438,6779,821,2,7,1,2,4200,4584.3563179,6886.77
102439,6692,642,2,2,1,2,3400,1979.3614795,6528.9
102440,419,3831,2,5,1,2,2500,10815.731984,8916.28
102441,4717,1313,5,5,1,2,750,6888.2341949,8996.66
102442,4490,209,2,1,1,3,2250,6001.6858939,15491.4
102443,4960,1144,5,5,1,1,1110,16802.03717,5849.74
102444,14094,0,3,3,0,1,1150,656.86519574,2986.83
102445,874,5359,3,1,1,1,1100,2079.2203453,7061.67
102446,5519,846,2,3,1,4,2700,5215.4853451,17640.48
102447,7995,632,5,5,1,1,800,1176.1366361,3242.45
102448,4218,1173,2,1,1,5,3750,6051.9352534,14038.46
102449,5915,962,2,1,1,2,2800,6158.4939854,9221.73
102450,5002,1078,2,5,1,2,2550,5048.0549019,20508.46
102451,1648,2727,2,1,1,4,3100,6587.200174,16589.28
102452,3560,1633,2,1,1,4,1700,4590.8166362,14841.33
102453,7094,1034,3,1,1,2,1950,945.86892939,8165.13
102454,5242,919,2,1,1,2,2530,4778.0370765,5510.0
102455,2748,1705,2,1,1,7,2900,9447.8546251,11800.64
102456,669,3575,5,-2,1,1,810,15001.488195,2701.54
102457,2632,1841,5,1,1,1,1230,9107.1472593,11322.71
102458,4277,1288,2,1,1,1,2400,6390.1646483,10416.31
102459,616,4562,2,-2,1,1,500,14225.858866,5743.74
102460,1945,2301,5,5,1,2,980,8633.5445599,9084.64
102461,2756,1665,2,5,1,4,1550,6631.0347924,38609.92
102462,3909,1414,2,2,1,2,3000,8190.5006793,10109.8
102463,7896,451,1,1,0,3,810,1433.7793868,872.82
102464,3642,1473,2,5,1,3,2200,2673.7353111,15645.75
102465,4208,1297,2,5,1,1,2950,4081.8774646,20842.89
102466,1551,2503,2,1,0,6,2400,5805.1362784,18745.14
102467,4418,361,2,1,1,1,1100,6306.780448,13691.55
102468,3369,2313,2,1,1,1,780,10372.465637,8011.75
102469,1207,3498,2,1,1,3,620,9155.6756955,16030.73
102470,6523,813,2,1,1,4,2100,5854.7011359,10089.99
102471,6359,639,4,3,0,3,1300,3572.8860294,4348.52
102472,4742,1111,2,3,1,1,2200,8139.0869255,4630.73
102473,5048,1002,2,3,1,2,3510,5642.1175378,12129.97
102474,2531,1811,2,5,1,3,5800,6000.1568837,30287.88
102475,1099,3123,2,1,1,4,1030,8189.6199304,5604.85
102476,4462,224,1,3,1,2,1540,4961.3456491,7742.72
102477,5479,1065,2,1,0,2,1920,5013.7078477,2383.49
102478,8054,427,2,5,1,2,2000,926.33828442,21505.85
102479,5236,927,5,5,1,2,1500,6286.0426225,10456.88
102480,5185,591,2,3,1,1,2400,3958.9867104,3966.01
102481,2651,1754,2,1,1,3,1800,8057.6973931,15416.05
102482,1140,3003,3,5,1,1,1980,2435.5484516,18077.98
102483,3616,1379,3,5,1,2,950,5199.7343733,6649.15
102484,2916,1876,2,5,1,2,1000,5950.7990127,13001.49
102485,1425,2799,2,5,1,1,1200,10026.064762,13072.24
102486,4894,1095,3,1,1,2,1000,3441.8089122,3094.75
102487,7543,539,2,1,1,2,3000,5319.9865264,11363.59
102488,4209,1364,5,-2,0,1,1000,12539.25953,3093.88
102489,7348,748,2,5,1,2,1700,1843.4066247,20111.06
102490,4843,140,2,1,1,2,3600,6810.6598556,7020.98
102491,1156,3313,5,5,1,4,1770,12822.185089,15988.96
102492,2666,1683,2,1,1,2,4200,4828.376091,10621.21
102493,3189,1787,2,5,1,2,2850,6240.5792211,24931.91
102494,954,3017,2,1,1,3,1900,10394.881006,14085.37
102495,1179,4678,2,5,1,3,2600,4079.4888719,32191.27
102496,902,1262,2,1,0,3,1580,13611.631692,7449.19
102497,94,4931,2,5,1,2,1780,12333.761091,14871.29
102498,942,1359,4,1,1,1,600,14270.21508,2263.81
102499,981,1472,4,1,1,2,1300,12911.060249,1845.3
102500,1072,940,3,-2,1,2,690,10212.123012,4821.18
102501,3692,1349,2,5,1,2,1900,6361.5879923,19148.44
102502,10796,1,1,1,0,7,2870,1281.4163954,11370.19
102503,3335,1713,3,-2,0,1,2600,900.3180239,20445.7
102504,2869,1953,3,1,1,3,2350,2072.4680923,10171.85
102505,2615,1886,5,5,1,2,350,11519.214753,6313.33
102506,1923,2676,5,5,1,1,750,16884.842668,8001.35
102507,4786,1013,2,3,1,3,2630,4552.1086978,6755.85
102508,7354,284,2,3,0,1,2700,897.27990102,6767.87
102509,5947,928,4,1,1,5,2080,19481.944223,8107.11
102510,4248,1323,2,1,1,3,830,5108.9340085,5940.91
102511,4174,1283,3,1,1,1,1190,2573.2992906,5949.53
102512,4518,320,2,5,1,2,1900,4853.4270111,23243.6
102513,6082,826,2,1,1,2,3630,4458.4446562,5395.38
102514,4173,1513,2,1,1,2,1630,4785.4163729,5673.43
102515,1805,4176,5,1,1,2,780,8092.0516791,6136.37
102516,4456,1175,2,3,1,4,510,6223.470147,14593.42
102517,4286,1315,3,1,1,2,1730,6862.8991078,1794.15
102518,2425,755,2,1,1,2,1100,8387.2704865,5789.73
102519,7042,472,2,5,0,4,2240,2075.9589461,19566.6
102520,4775,1142,2,1,1,1,3000,10798.115188,3441.7
102521,5689,931,2,1,1,3,3630,3848.5462814,6228.9
102522,3820,1696,2,1,1,4,1400,3838.0504066,8657.35
102523,5314,902,1,1,0,1,600,11954.214926,4335.96
102524,1136,2953,2,1,1,2,2700,4312.7047883,14302.98
102525,5220,613,2,1,1,2,2700,3432.5983193,10086.98
102526,5196,1270,2,5,1,2,1500,2382.156982,15191.53
102527,5846,1137,2,1,1,5,950,3830.3813353,10238.65
102528,7645,150,3,1,1,1,600,2614.6531184,2563.17
102529,4894,1034,2,5,1,3,3210,8048.6175407,25629.89
102530,6671,438,2,1,0,2,1800,8971.3202548,6681.36
102531,4222,1290,2,5,1,3,1800,3052.2363418,20967.39
102532,1767,4247,3,1,1,1,1500,2093.4492661,11208.68
102533,4262,1137,2,5,1,3,3000,6465.1030608,38581.21
102534,6108,925,5,1,1,1,510,8387.2374704,2001.92
102535,685,3489,2,5,1,3,1830,10746.139466,16635.55
102536,4533,1368,2,1,1,4,5150,6558.1922639,20007.61
102537,703,3629,1,5,1,1,450,14252.498608,1433.29
102538,1251,4534,3,5,1,1,1380,2234.3042795,7677.63
102539,4189,1370,5,1,1,2,1200,13292.130763,5796.53
102540,3806,1538,2,1,1,4,1150,8134.934895,6997.91
102541,1887,2777,2,5,1,1,1890,7038.9125627,7444.93
102542,4287,1615,3,1,1,2,1700,3695.7125286,10862.14
102543,7141,871,2,1,1,2,2410,6188.9411694,7255.82
102544,5037,977,2,1,1,1,1800,5233.683979,2829.92
102545,5171,924,2,1,1,3,2300,2209.7204421,12796.82
102546,4326,241,5,-2,0,1,590,6848.510163,1246.5
102547,2937,1561,2,2,1,3,1950,8077.1505626,11834.11
102548,3538,1642,2,5,1,2,4000,3917.4160435,23977.84
102549,4987,965,4,1,1,1,1000,14063.205942,2540.23
102550,2464,1974,2,1,1,5,2600,9580.9801027,17710.28
102551,1797,2343,4,5,1,1,700,10167.102766,6155.0
102552,875,1423,2,1,1,4,2540,16183.800361,5620.92
102553,4203,1353,5,1,1,2,700,13146.741872,3445.56
102554,1458,2607,2,1,1,4,2050,5999.0973806,11568.68
102555,4387,218,2,3,0,2,2380,5687.0230825,7905.76
102556,784,1912,2,1,1,4,2010,12282.863623,9401.81
102557,5366,964,2,1,1,3,2550,9003.3774786,12733.53
102558,4238,1388,2,1,1,1,3800,6845.9461511,10220.4
102559,0,5047,5,-2,1,1,600,2233.4892161,2459.21
102560,3,3107,2,-2,1,6,1400,1415.298343,12375.53
102561,1285,4437,2,1,1,2,1800,4191.7432474,10088.18
102562,4192,1361,5,-2,1,4,850,11511.729245,4397.48
102563,4348,1286,3,1,1,2,1850,5889.1455928,4441.92
102564,1420,2757,1,5,1,2,450,7099.8408629,18780.46
102565,1257,4522,1,5,1,1,700,6018.8394265,7536.94
102566,6110,831,3,1,1,2,2300,3884.9282332,6445.18
102567,3538,1622,2,1,1,2,2290,7494.9041003,4423.83
102568,3516,1331,2,7,1,4,2500,5488.6105228,11905.19
102569,4467,1125,2,5,1,5,4480,3115.6799065,33822.94
102570,3378,1506,2,1,1,3,1450,7059.2809145,7811.21
102571,2726,2230,2,7,1,4,1760,12602.603269,16541.35
102572,83,964,2,-2,1,2,1740,1444.115961,7929.5
102573,6149,895,3,1,1,2,1380,5762.8615976,6747.55
102574,2789,1533,2,1,1,4,1400,8004.684333,12372.5
102575,4634,1230,4,5,0,1,800,15954.406276,12148.98
102576,6434,527,2,1,1,7,3800,5335.9716531,17559.74
102577,2058,2300,4,1,1,1,500,14179.328598,3242.48
102578,4765,1321,2,1,1,2,1330,6009.1989554,12786.99
102579,2218,2443,2,1,1,4,5400,8618.8615055,29692.39
102580,3353,1656,5,5,1,2,1100,5956.6522048,12558.13
102581,5409,840,2,1,1,5,2300,2578.2601464,10974.48
102582,2373,1945,2,2,1,1,1650,9207.2493134,10460.76
102583,4879,1087,5,1,1,1,650,21577.503433,2610.86
102584,6339,613,2,1,0,2,3400,4045.3660021,3412.14
102585,4350,1225,2,1,1,1,1980,7893.1036204,5779.97
102586,4780,1181,2,1,1,4,2500,11301.161735,12984.26
102587,5535,1046,2,1,1,3,2100,5171.122741,9310.97
102588,5239,921,2,1,1,2,2550,11625.148679,7604.34
102589,10046,11,3,5,0,1,1000,1028.5609727,19668.38
102590,5545,1214,2,1,1,4,1700,13131.190712,5296.2
102591,2626,1744,2,1,1,2,2900,7311.3186506,19382.65
102592,778,1820,2,1,1,5,3400,8214.9470379,12666.49
102593,4277,1346,5,1,1,1,700,10556.1059,2010.81
102594,4414,1467,2,1,1,4,3600,7917.6975917,10276.48
102595,7719,646,2,1,1,2,1500,999.71795371,7526.86
102596,4534,1170,2,1,1,3,2000,6323.1193414,7428.9
102597,1106,3560,2,1,1,3,4100,6759.9483638,13779.06
102598,3329,1717,5,1,1,1,920,1373.737954,6953.09
102599,8749,66,5,5,0,3,760,1863.2644335,5243.42
102600,5118,847,2,2,1,4,1250,3290.4531288,13063.49
102601,1266,2780,2,5,1,3,1840,9538.1404925,17861.33
102602,5248,504,2,2,0,2,1250,4721.0227922,8445.08
102603,3121,2205,2,1,1,3,1700,5265.7405267,7241.98
102604,4846,1061,5,5,1,1,320,7576.3954864,8931.83
102605,6925,413,1,3,1,2,1150,2749.915058,7573.25
102606,5591,833,2,1,1,4,2960,4392.289084,800.5
102607,7056,574,2,1,0,2,2700,5315.6900221,14124.44
102608,2623,1688,2,5,1,5,2160,9821.2405961,25981.1
102609,3745,1596,2,1,1,4,3900,6562.9436584,9085.75
102610,5798,820,2,1,1,4,4400,1990.1160942,15921.45
102611,5025,1186,2,3,1,1,2250,4864.8410735,3901.02
102612,5189,883,2,5,1,1,2000,9472.5013596,19043.03
102613,4373,1549,2,5,1,1,3400,4724.0326752,22592.84
102614,9409,520,1,5,0,1,1290,962.19971075,31966.42
102615,5828,1299,3,1,1,1,2300,2279.8534416,11102.21
102616,5970,995,5,1,1,1,850,11075.254239,5438.15
102617,5177,1142,3,1,1,2,1200,3093.5777949,4894.23
102618,4583,1178,3,1,1,2,1440,9695.0165714,8601.42
102619,5364,888,2,5,1,1,1440,2960.8248742,7071.29
102620,0,2859,2,-2,0,4,2320,1396.9464991,14507.6
102621,8167,248,2,3,0,2,4390,927.79147226,5776.62
102622,5131,535,2,7,1,2,1910,7512.7135441,17957.8
102623,5254,1095,2,2,1,4,2700,3354.2114968,11618.38
102624,3805,1537,2,5,1,1,3480,6537.2380548,18595.16
102625,995,5067,5,-2,1,2,1100,6865.6082048,4190.25
102626,4997,1117,3,1,1,1,2540,6595.2496311,7940.23
102627,5204,823,2,1,1,2,2000,3438.4767447,7853.64
102628,1366,4025,5,5,1,2,720,6279.1589698,7914.63
102629,2079,2043,2,1,1,3,1400,8921.0151596,6213.9
102630,4213,1356,5,5,1,2,600,7141.4047273,10776.21
102631,3336,1713,3,1,1,3,3330,950.39215365,7256.49
102632,4785,768,3,1,1,1,1030,4135.7315647,6692.73
102633,6153,839,2,1,1,2,2700,3025.1180825,4812.66
102634,3870,1482,2,5,1,5,3000,5945.9639496,10141.72
102635,5293,1152,5,1,1,2,1200,9786.579887,5505.87
102636,4433,334,2,1,1,5,1570,5501.4599709,17719.5
102637,1185,1508,3,1,1,1,1100,5956.7849012,2803.97
102638,5025,1618,3,1,1,2,3000,4547.5043073,9068.39
102639,2103,2571,2,1,1,2,3800,10292.336126,9214.17
102640,1544,2495,1,5,1,4,2100,3728.0980229,22570.48
102641,3779,1448,3,5,1,3,1670,1031.7194193,17749.01
102642,5210,942,2,1,1,2,1520,2796.5193239,5818.83
102643,8199,258,2,1,1,2,2440,9951.8211563,7449.75
102644,6679,143,2,1,1,4,4050,6022.3191751,9113.71
102645,7177,892,3,1,1,4,1500,3708.2547592,9768.69
102646,6584,438,2,1,1,1,810,5125.6690681,7154.12
102647,5870,874,5,1,1,1,2100,14223.08386,12303.6
102648,6690,855,2,1,1,2,1900,1085.57628,9524.42
102649,4951,1162,5,5,1,1,800,10984.007739,8464.95
102650,3698,1557,2,7,1,2,1400,9431.4869076,5820.56
102651,5716,797,2,5,1,4,2500,8732.7608429,25804.28
102652,6541,697,5,1,0,1,540,1398.6096199,1371.52
102653,5705,922,2,1,1,4,2400,5086.8136841,6707.61
102654,1796,2460,1,5,0,1,1080,8644.301279,5533.9
102655,3057,1767,2,1,1,1,2250,3909.5785606,8163.8
102656,4139,1264,2,5,1,7,3900,4131.2670946,41758.44
102657,2770,1864,2,5,1,4,1730,6647.546727,23629.23
102658,6846,721,2,1,1,3,1200,6968.2468855,15256.86
102659,5539,1216,5,1,1,1,1000,10161.093569,7462.84
102660,1066,947,5,5,1,4,1100,16138.702332,6033.61
102661,1130,2969,2,5,1,4,1300,9477.4274392,12447.8
102662,4662,175,2,5,1,5,990,8246.3067482,45303.0
102663,736,3660,2,5,1,3,1420,5151.0164372,14942.7
102664,4633,282,5,5,0,1,700,10842.387927,6979.62
102665,3221,1349,2,5,1,1,1000,7394.5316085,11615.5
102666,3420,1668,5,1,1,2,1480,1443.3872537,6312.79
102667,954,3016,2,-2,1,2,1900,13528.92422,15193.89
102668,4220,1171,2,1,1,2,3700,5646.0730835,10018.72
102669,2738,1708,2,1,1,6,2900,10445.744619,24578.81
102670,4441,1422,3,5,1,1,3300,4364.8718387,19040.06
102671,1564,2717,5,5,1,1,950,10130.691799,6063.67
102672,2514,1721,2,7,1,2,3130,6417.0679099,14983.51
102673,5284,1082,2,1,1,1,2000,4200.125915,4111.71
102674,3142,1598,1,5,1,7,2560,3582.7168979,24227.15
102675,1119,4799,2,5,1,2,1870,4544.731761,24080.33
102676,4368,250,2,1,1,4,2730,5405.4679952,10340.65
102677,5263,929,2,1,1,2,8150,4694.6626652,26161.78
102678,5833,1165,5,5,1,3,750,8309.2270925,10710.58
102679,2381,1290,2,1,1,4,4400,8307.0848571,12897.64
102680,2127,2199,1,2,1,2,1060,6558.0731696,8492.14
102681,5565,1173,5,1,1,4,1200,10441.951187,5895.7
102682,5658,773,2,1,1,1,2600,10955.157971,8911.7
102683,2578,2433,2,1,1,2,2200,2961.4023744,6639.07
102684,6991,528,1,3,1,1,1000,2806.4075819,3285.52
102685,7181,555,2,2,1,4,2200,2273.127938,19480.32
102686,2252,388,5,5,0,4,780,12685.557286,8662.35
102687,6124,810,2,1,1,2,1430,10449.036953,3830.77
102688,4634,1076,5,1,1,1,1000,8720.6959932,5872.23
102689,5326,445,2,5,1,2,1470,7409.6632457,11924.72
102690,3778,1275,5,5,1,1,670,8755.528529,6378.7
102691,8102,290,3,3,1,2,1870,6576.3514357,7920.9
102692,3745,1560,2,2,1,1,3000,7842.809837,12562.02
102693,6957,323,2,1,1,1,3750,2201.0292645,4560.6
102694,1158,3118,1,5,1,2,720,12407.249357,22242.92
102695,5005,77,2,5,0,2,2300,5207.6622194,26585.78
102696,895,1463,2,1,1,6,3750,9288.7486084,12243.52
102697,2007,2730,2,1,1,1,2140,9065.6072628,12742.77
102698,5322,1312,2,1,1,5,1950,8802.3912423,8248.23
102699,6159,814,2,2,1,6,1920,3040.2545771,9249.2
102700,5639,859,2,3,0,1,1600,5135.3037818,2744.67
102701,7870,472,2,1,1,1,980,6974.2196074,7031.86
102702,7662,626,2,2,0,2,3000,3790.1036176,5773.63
102703,5317,891,2,2,1,4,4200,6253.7650972,30597.32
102704,1089,907,2,1,1,3,1600,8664.0556037,5741.03
102705,6161,792,2,1,1,3,2000,8436.2450505,8293.57
102706,7645,363,2,1,1,5,800,2080.3511572,4140.96
102707,5850,822,5,1,1,2,1000,7619.7573398,6615.26
102708,2505,1723,4,1,0,2,1120,7919.9555465,3870.39
102709,3745,1596,3,5,1,1,800,3934.0074936,13248.25
102710,6551,724,5,1,1,3,2000,3801.4768173,9209.71
102711,5810,1015,5,1,1,3,1030,6888.1160278,11689.93
102712,4774,1116,3,5,1,1,1430,1917.9312797,16086.72
102713,6187,790,2,1,1,1,1500,12464.359841,6628.7
102714,6050,536,2,7,1,2,1200,2388.0440335,16937.38
102715,4311,375,4,5,1,2,1000,7042.6412464,8218.65
102716,6702,738,2,1,1,3,1990,3796.0818535,7894.31
102717,5403,1073,1,1,1,1,680,8803.8310467,11667.92
102718,5323,932,5,5,1,1,800,23513.618601,3597.6
102719,5369,914,2,1,1,5,2500,3701.8327887,15617.91
102720,4549,1095,4,5,1,1,900,2324.0615725,9139.34
102721,4769,1108,2,1,1,2,5250,15757.862323,14798.68
102722,5322,881,2,3,1,3,3000,8326.2159873,3743.29
102723,5110,1030,2,2,1,1,1430,10164.026164,7353.71
102724,0,5067,5,-2,1,1,1000,1975.4510182,10135.09
102725,5529,836,2,5,1,2,4000,6205.9056077,38452.41
102726,2270,2854,2,5,1,3,930,13351.019209,13963.14
102727,5803,809,2,1,1,4,2450,3672.797314,5296.21
102728,4564,1174,2,5,1,2,770,3842.4710675,25836.66
102729,6031,791,4,1,1,2,800,9357.1721076,3763.67
102730,7245,681,2,1,1,2,1850,6958.5064986,6316.73
102731,2808,1959,5,5,1,1,900,10550.916854,6635.31
102732,3996,1429,2,2,1,3,2400,4457.3164014,9107.71
102733,4405,1296,3,1,1,2,1650,5592.7275168,9222.27
102734,2424,2322,2,2,1,5,2800,9676.1640847,12230.77
102735,4509,1518,2,1,1,5,4650,5850.2522755,16007.68
102736,3057,1772,2,1,1,2,1630,3821.3522096,23669.07
102737,1723,2457,2,5,1,3,1350,5469.9136971,12713.52
102738,971,3074,3,1,1,2,1380,7377.4268072,7722.24
102739,4652,1391,2,1,1,1,3170,7666.5358199,7040.59
102740,3709,1452,2,-2,0,2,1500,2897.3764516,8423.75
102741,4145,1283,3,5,1,1,2500,4391.3844002,10673.83
102742,1126,2978,3,5,0,3,1800,2575.2889097,14424.96
102743,7389,608,1,1,1,1,1590,7910.9410766,7318.06
102744,1258,2643,2,5,1,1,2160,4813.0410719,9746.2
102745,5482,1237,4,1,1,7,1300,16144.217706,6308.17
102746,4955,1164,1,1,1,2,1200,5468.0517226,7559.55
102747,610,4574,4,5,1,2,700,12823.201604,8243.43
102748,3331,1715,5,5,1,2,800,1462.8050389,7265.3
102749,9341,255,2,1,1,1,3720,8218.3341108,3635.06
102750,1093,3348,5,5,1,1,850,12462.801713,6501.89
102751,5331,966,2,5,1,1,890,10693.053557,5123.49
102752,6046,850,2,3,1,2,3150,2849.3629022,10482.0
102753,6187,808,5,1,0,1,800,13835.60878,1822.83
102754,4532,1148,5,5,1,2,640,7230.2260278,7309.17
102755,1117,3497,5,1,1,2,1250,13359.859718,6838.02
102756,5278,943,2,1,1,2,2400,3105.2761765,2051.93
102757,5833,478,2,5,1,2,2150,5487.7800518,33134.98
102758,5305,939,5,1,1,1,660,5578.3315652,2359.52
102759,3430,1306,1,5,1,7,750,4668.4809563,18372.19
102760,904,3556,2,1,0,5,2000,10647.409513,12054.13
102761,1866,2862,2,1,1,3,2200,13421.902162,13059.81
102762,2185,2040,2,1,1,1,2400,5563.4211185,8330.89
102763,5518,747,2,1,1,1,1400,2076.5686169,4784.64
102764,4251,1146,5,1,1,1,380,1957.7941383,4368.25
102765,3772,1457,5,5,1,1,380,1772.9063233,3246.22
102766,4192,1368,4,1,1,2,380,10792.524138,1725.01
102767,5215,1033,2,5,1,1,1950,12425.564467,24714.96
102768,6300,698,2,3,1,1,1800,5297.8465789,7277.15
102769,3336,1713,5,1,1,1,400,1462.8050389,5167.57
102770,6101,837,2,1,1,4,2500,4570.1907225,12147.74
102771,4556,1059,1,5,1,2,980,4305.8859354,16760.25
102772,7170,893,2,1,1,4,2530,6596.7308216,10723.91
102773,5741,900,5,5,1,2,580,7599.2413619,10736.79
102774,4960,1102,5,5,1,1,650,12050.467314,4342.49
102775,3354,1699,2,1,1,1,5030,6746.0374061,6095.49
102776,1050,3188,2,5,1,1,1030,10511.99851,5417.89
102777,4451,1409,2,1,1,4,2800,6782.7743908,13388.38
102778,5263,36,2,5,1,2,2400,5959.4521606,14679.32
102779,1832,2854,2,5,1,2,4800,7215.0174598,21925.25
102780,2091,1936,1,3,1,1,480,6672.6306305,9589.78
102781,2130,2159,2,5,1,3,1640,9268.1237839,35323.48
102782,2956,1989,3,1,1,2,2250,1823.8819284,11440.52
102783,1420,2767,3,1,1,3,700,2859.1349275,11399.49
102784,4195,1350,5,5,1,1,830,6961.8588884,4253.77
102785,10602,2,2,1,0,5,3200,728.61979652,6719.87
102786,5591,863,2,3,1,4,2820,3542.6081308,9086.5
102787,6832,552,2,1,1,3,2520,1065.8835399,12998.0
102788,3131,2697,2,1,1,2,1250,4327.1960495,8958.95
102789,6717,741,2,1,1,2,1900,4474.0303107,5058.59
102790,4699,1105,2,1,1,3,2700,2562.102879,8049.15
102791,4513,374,2,1,1,2,1860,4562.588815,5681.16
102792,2141,2096,2,5,1,2,4600,7676.2841424,16902.96
102793,5078,110,1,5,1,2,1400,7193.5011227,23362.82
102794,4958,218,4,5,1,2,900,8766.4205985,10792.83
102795,2175,2712,2,1,1,3,2000,12070.974514,6705.45
102796,7924,676,2,1,1,5,1600,898.95656392,11865.51
102797,931,1408,2,1,1,2,900,11268.52942,5869.11
102798,430,3712,5,-2,1,1,2000,14715.975296,11485.38
102799,4194,1335,4,1,1,5,3000,12236.716932,7404.46
102800,6314,858,3,1,1,2,1390,4108.7744686,7971.89
102801,7175,76,2,7,0,2,1800,5039.4763747,12417.83
102802,1137,2976,5,5,1,1,800,7595.6474818,8345.31
102803,7692,423,5,5,1,2,900,970.84867753,3878.15
102804,3575,1566,1,1,1,2,1600,5898.6626524,12232.12
102805,5717,1166,2,1,1,1,1880,5071.9359096,4471.41
102806,7096,565,2,3,1,2,3000,7292.7339697,2745.89
102807,7088,654,2,2,0,2,2230,6610.1178842,11380.13
102808,3208,2013,2,5,1,2,1100,5779.9696917,18105.73
102809,970,3115,1,5,1,2,600,19359.252489,18464.83
102810,5551,973,2,7,1,4,1800,1954.7897916,8454.36
102811,8732,548,5,5,1,1,500,1536.9055377,5645.52
102812,5296,954,2,1,1,1,3950,10320.003459,6236.95
102813,781,1924,2,1,1,3,1120,13974.17757,9245.92
102814,4940,1174,2,1,1,7,840,7366.1439347,12146.16
102815,2608,1755,3,5,1,3,1950,9573.3951998,9016.71
102816,1814,2276,2,5,1,2,3570,9631.9147501,16026.81
102817,5065,1060,2,1,1,5,1150,3270.9324953,12374.74
102818,1265,2643,5,5,1,1,1600,8349.7596687,7156.47
102819,5415,833,2,7,1,4,3350,3344.659209,9234.87
102820,2139,2355,2,1,1,2,2170,7703.8313844,13608.52
102821,3844,1507,2,3,1,1,2000,6922.0400556,5089.57
102822,1193,4642,2,1,1,3,2500,4720.0922191,24275.36
102823,2848,2010,2,1,1,3,1500,6534.8657421,9662.68
102824,4226,1169,3,5,1,2,990,5090.7915882,8653.29
102825,4770,720,2,5,1,5,2500,6297.3985216,38122.16
102826,4728,293,2,5,1,2,2800,4602.4606454,22280.86
102827,3346,1708,5,1,1,4,560,2142.897628,1424.98
102828,947,1283,2,1,0,2,1000,9176.1985023,4981.09
102829,1783,4217,2,1,1,1,1670,5059.3890079,9963.59
102830,1341,2663,2,5,1,7,1430,10770.8299,24854.26
102831,5898,895,5,1,1,1,650,10593.867684,2090.56
102832,5548,966,2,1,1,2,2460,5251.6650477,6727.01
102833,10469,7,2,1,0,5,7850,702.74755282,8686.37
102834,4416,1244,2,3,1,5,2800,6882.5209096,20073.69
102835,4727,1099,2,3,1,4,3630,4974.6592264,13928.47
102836,5057,1057,2,1,1,2,4380,4439.8214977,26395.88
102837,7408,854,2,1,1,1,1400,1680.1285079,9758.28
102838,7368,388,2,3,1,2,2510,2147.0685985,9067.01
102839,5785,890,2,1,1,1,2700,5560.6921272,12226.48
102840,1692,2285,2,5,1,2,1300,8177.3715666,14557.85
102841,2316,2060,2,1,1,2,980,14843.316303,10741.7
102842,1984,2642,2,5,1,2,2660,8089.3212597,17995.28
102843,4371,1096,2,1,1,3,1850,4191.3333394,15655.23
102844,1791,4202,1,-2,1,4,650,4487.3882202,9531.85
102845,1145,3020,2,1,1,2,3090,5805.1362784,19313.56
102846,1765,4250,2,1,1,1,1780,3361.3414576,10329.7
102847,7067,406,2,7,1,7,2680,2445.9309135,19668.33
102848,5894,900,3,1,0,2,3000,4805.9198497,6946.73
102849,7509,471,2,3,1,7,1870,2432.3231387,3935.95
102850,6989,596,2,5,1,3,2290,6651.7156044,26321.11
102851,4352,366,4,5,1,1,930,6599.8944663,8152.66
102852,1789,4206,5,1,1,1,850,7261.0846376,8277.27
102853,7659,359,1,5,1,4,1250,2201.2759087,22460.5
102854,3440,1290,2,5,1,1,400,6492.3217285,3320.41
102855,4205,1338,4,1,1,2,600,13188.545023,2803.56
102856,4242,1153,5,5,1,1,800,1590.2799339,6038.98
102857,4921,1391,2,1,1,2,2000,6199.4507517,15607.95
102858,1779,2542,1,1,1,4,1800,6198.1460175,12034.04
102859,6605,315,2,1,0,3,2400,1820.0399142,8399.38
102860,5796,822,2,5,1,4,1000,2447.9402362,12733.93
102861,876,3607,2,5,1,4,1590,11810.18055,32936.12
102862,8692,652,5,5,0,1,700,1528.2872445,2413.54
102863,5229,919,5,1,1,1,860,5521.1877303,2167.01
102864,5646,787,2,3,1,1,1750,3205.252021,4326.63
102865,7037,673,2,1,1,1,900,6840.876536,6897.45
102866,2068,2607,2,1,1,4,1800,9843.0764777,16936.85
102867,4192,1339,5,3,1,3,950,13096.628876,2717.35
102868,1048,1347,2,1,1,4,1200,8736.7420844,6359.9
102869,1427,3931,2,1,1,2,2600,4179.5394441,12996.04
102870,1416,2778,2,5,1,2,680,7984.3499893,12510.3
102871,6384,627,2,3,1,2,3000,2335.6230602,5162.43
102872,3835,1342,2,5,1,2,800,4415.4790555,4464.81
102873,3140,1618,2,2,1,2,1290,6557.0986801,14072.11
102874,1719,2456,2,1,1,2,2180,3895.0584992,11831.04
102875,9049,326,2,1,0,2,1650,6446.20542,9421.04
102876,5810,913,2,1,1,1,760,13956.573382,5722.69
102877,3296,1855,4,5,1,2,1000,5433.3815896,8046.55
102878,6395,517,2,5,1,4,980,7148.9690118,12573.04
102879,5788,973,3,1,1,2,950,5199.8746367,3043.45
102880,4333,1101,2,1,1,2,2630,3835.0618157,9017.61
102881,1040,1056,2,1,0,1,670,17006.20365,1679.7
102882,6037,797,2,1,1,1,1920,5029.1825996,6193.39
102883,2622,1724,3,5,1,5,2370,8757.6451734,12216.6
102884,879,5346,2,5,1,2,1700,5648.4446558,4337.95
102885,6313,594,2,7,1,2,3400,5640.7518594,14970.94
102886,3966,1379,2,2,1,1,2000,7272.4692121,7783.68
102887,5654,781,2,1,1,2,2600,12896.255975,6859.26
102888,5216,870,2,3,1,4,3080,1489.0544971,10457.95
102889,421,4116,2,5,1,1,780,9255.8169722,7398.06
102890,4951,1260,5,1,1,1,550,7530.8922559,2126.91
102891,3161,1621,2,5,1,3,1580,5761.7638573,18867.61
102892,4534,1147,1,5,1,5,1560,5086.7362333,8448.97
102893,1206,2380,5,5,1,3,1000,17925.124783,3138.97
102894,2860,2031,2,1,1,3,4200,4282.6494087,31880.39
102895,2859,2034,5,5,1,7,1150,8629.6602108,23516.11
102896,2078,2172,2,5,1,2,1400,9237.272362,17156.44
102897,4796,1170,1,1,1,5,980,5826.2259305,15428.81
102898,375,4310,2,5,1,3,2570,11752.778763,14501.5
102899,5368,914,2,1,1,2,3990,3792.730995,14074.89
102900,4208,1348,5,1,1,3,550,9893.0372013,2840.8
102901,2463,2033,2,5,1,4,2500,5122.6640583,21829.68
102902,7211,884,2,1,1,5,3900,6643.6076596,9969.13
102903,5771,876,2,1,1,4,3600,4052.4349405,15035.2
102904,2071,1082,2,1,0,3,4460,10043.114707,6291.77
102905,5061,912,2,1,0,6,3500,6890.2007654,6392.24
102906,6185,960,2,5,1,3,3400,3771.124507,24792.4
102907,2256,2069,2,1,1,2,1480,9843.0764777,9976.25
102908,4240,1191,4,5,1,2,600,5488.8647821,5364.03
102909,6690,955,2,1,1,2,2610,3687.8228576,7133.11
102910,6381,727,5,1,1,1,1280,10127.217156,6206.51
102911,2413,1873,2,5,0,2,1500,7954.2267396,14423.77
102912,3735,1300,2,1,1,1,2400,6288.9409707,7172.84
102913,4549,1093,3,5,1,2,3290,1667.4964907,22420.17
102914,1147,3006,5,5,1,2,1100,7131.9832595,14124.56
102915,3736,1485,3,1,1,4,1750,816.59173369,10857.73
102916,95,4938,5,-2,1,3,1450,14638.623704,13159.35
102917,5513,748,2,5,1,3,3000,2293.477869,18216.3
102918,3150,1491,2,1,1,3,2350,7137.7768309,15034.83
102919,4963,1062,2,1,1,2,1950,5215.4853451,7360.61
102920,5681,885,3,1,0,2,1750,3580.8096723,6934.67
102921,2100,940,2,1,0,2,1400,10254.211915,1810.18
102922,5847,857,2,1,1,3,830,4016.1698381,7832.17
102923,4944,1159,2,1,1,2,1300,8743.4473029,5484.48
102924,5804,873,2,5,1,3,1900,4770.7120079,7920.23
102925,5675,1235,4,1,1,1,800,3528.0733305,2975.63
102926,4159,1300,3,1,1,3,2180,2629.6674072,15327.55
102927,1831,2855,2,5,1,2,2500,9613.2023372,16462.78
102928,6684,741,2,1,1,1,4360,3618.8986641,11423.14
102929,6122,1075,2,1,1,2,4000,4031.4545009,18503.9
102930,3646,1463,3,5,1,2,2000,1811.0199466,7391.41
102931,5171,960,2,1,1,2,2540,8039.4590718,7666.92
102932,853,1301,3,1,1,2,650,7204.9747965,2027.4
102933,1114,3009,4,1,1,3,750,10584.629627,3418.9
102934,7127,571,2,7,0,4,480,2450.2144678,4422.26
102935,367,4375,2,5,1,3,1880,11576.679432,18696.56
102936,1085,2947,2,5,1,4,4310,4474.1178471,36936.52
102937,5505,751,2,1,1,1,780,2351.9012987,5048.07
102938,1137,3624,2,5,1,1,1200,12435.491208,6370.85
102939,1798,3393,2,1,1,3,3340,4027.4817213,20434.08
102940,735,3664,2,5,1,2,1050,4650.1910046,18461.91
102941,1010,1287,5,1,1,5,900,17437.033196,7349.89
102942,2209,1920,2,1,1,2,400,9869.6003417,5289.24
102943,6150,789,2,3,1,3,2740,2682.2478426,8770.29
102944,8569,295,1,7,0,3,860,1128.0275242,4459.77
102945,6502,717,2,1,1,2,2950,7128.4571602,9309.44
102946,4249,1199,2,1,1,4,3600,5024.5572343,20152.56
102947,5178,1048,3,1,1,2,1490,4970.4399521,4407.96
102948,6909,581,2,1,0,2,1740,4011.0575459,6938.87
102949,1259,3023,5,5,1,2,1200,6274.5677684,3800.1
102950,3169,2075,3,5,1,5,1810,3722.3220255,10987.86
102951,5509,1083,2,1,0,2,600,6695.9083331,5693.61
102952,6378,618,4,3,0,5,1800,4224.0824236,4257.24
102953,1416,2730,2,5,1,1,1800,5643.6965253,9090.37
102954,1800,2514,2,1,1,2,1200,4095.3324144,7662.6
102955,110,4896,2,-2,1,3,2150,10734.910112,12062.26
102956,8150,688,2,1,1,4,1070,1709.2469199,8890.66
102957,2855,1674,2,1,1,3,3190,6827.0821758,18329.62
102958,10796,1,3,1,0,4,1100,568.7088117,7435.1
102959,4404,224,2,-2,0,1,3350,6781.4300455,5597.37
102960,8167,559,1,2,1,5,1200,2295.3016954,32538.06
102961,5677,782,4,1,1,6,1200,12560.079941,15291.37
102962,1065,3376,3,5,1,3,860,5557.121347,11678.14
102963,6983,318,2,1,1,2,880,1980.7371365,4728.36
102964,4818,1343,2,5,1,4,4230,6726.0657624,18439.12
102965,0,5074,5,5,0,2,1070,1972.2347113,6322.57
102966,1791,4204,2,1,1,2,3200,3573.0289974,12000.09
102967,4302,1313,4,1,1,1,1700,14145.119107,2742.0
102968,3233,1416,2,5,0,4,850,10933.982891,16493.09
102969,8707,648,3,5,1,2,1640,527.29361411,9186.61
102970,4493,1223,2,1,1,4,3150,7262.624178,24160.53
102971,5289,934,4,1,0,4,1200,6609.0169596,5313.3
102972,3538,1444,2,5,1,2,1150,6778.7589744,15658.36
102973,7052,204,2,7,0,3,2200,3671.5998154,25479.77
102974,7240,873,2,1,1,4,4200,5288.7984636,9363.85
102975,5180,1269,2,1,1,1,1800,5935.7079959,15212.76
102976,2307,2155,2,5,1,2,2500,6334.9326741,21706.41
102977,1130,2986,2,5,1,4,1900,7605.0833314,13413.69
102978,4260,1356,2,1,1,6,2050,6041.3220093,10945.05
102979,2661,1887,2,1,0,2,670,5221.9559803,4548.1
102980,4550,610,3,1,1,2,600,3042.6136506,7149.95
102981,2617,1870,2,5,1,3,6750,6194.1466551,21503.53
102982,874,5362,3,5,1,4,2450,3804.2085356,11382.14
102983,8416,592,2,1,1,2,1500,7289.4080932,6938.17
102984,1082,5136,2,5,1,2,2000,4484.7313406,7225.28
102985,5989,1174,2,1,1,2,3100,3367.6114254,18935.64
102986,0,4801,2,-2,1,2,1800,1395.7926046,4919.63
102987,3570,1542,2,1,1,3,5000,5259.210237,19339.83
102988,4766,1103,2,7,1,4,1280,5518.4713052,13875.78
102989,4449,1242,2,1,1,4,3840,4436.687291,16177.68
102990,3401,1576,2,1,1,2,1850,4580.3599378,14441.96
102991,7881,347,2,3,1,1,2400,923.61599017,3031.78
102992,7175,890,2,7,1,3,2420,6156.6498764,16173.76
102993,1194,2769,2,5,1,4,5700,5622.228276,26274.94
102994,4235,1366,5,-2,1,1,800,9637.5888263,2909.5
102995,3907,1215,2,7,1,2,4000,4233.4096023,17810.33
102996,4196,1337,4,3,1,4,700,14449.312438,7458.44
102997,650,5033,5,1,1,1,710,17697.561687,7021.63
102998,5805,901,2,1,1,5,3400,8884.6823036,23013.55
102999,2063,1984,2,5,1,2,960,5280.192312,5555.15
103000,7693,419,2,1,1,1,2340,1003.8575535,4013.78
103001,751,3619,4,1,1,1,1700,4061.0744497,7936.94
103002,7543,539,1,3,1,2,900,6084.8433506,5584.2
103003,4502,373,2,1,1,4,3300,4895.9366128,13940.2
103004,9178,447,2,1,1,3,1200,1046.218375,19312.99
103005,4402,1043,2,5,1,3,2550,9786.9269528,22330.54
103006,5294,901,5,1,1,2,840,6207.3322635,3087.69
103007,1191,2728,2,5,1,7,2380,5024.5486384,33415.88
103008,5880,907,2,1,1,3,1830,6148.0391643,4077.65
103009,6906,698,2,1,1,2,2750,1015.3324897,6943.65
103010,6308,630,3,1,1,2,1200,1550.5000449,6199.9
103011,2278,2095,2,5,1,7,2350,9096.7267961,16034.67
103012,462,3998,2,1,1,3,1770,9048.4440725,7022.2
103013,4673,1426,4,1,1,1,1020,14571.067019,6908.18
103014,6997,356,2,2,0,2,2000,5826.6195424,14816.26
103015,4686,1122,5,1,1,2,650,18741.2146,5486.59
103016,5382,715,5,5,0,1,840,2377.9980548,7380.53
103017,7399,795,2,1,1,3,2810,5616.0764934,11494.55
103018,0,4961,2,-2,1,2,2300,1124.3020373,11492.78
103019,3241,1904,2,1,1,1,3800,5979.4189093,8451.75
103020,3744,1597,2,1,1,4,2600,5781.1558708,11132.21
103021,2916,2272,5,5,1,3,950,16233.129628,10497.16
103022,3470,1639,5,1,1,1,860,1658.6039651,10595.82
103023,7700,614,2,1,1,2,5060,5279.6755691,5895.37
103024,4611,1162,2,1,1,1,1500,5271.894161,8046.06
103025,3293,1624,2,5,0,2,2200,5792.0465148,20758.25
103026,8687,654,2,1,1,5,1160,914.42528771,13876.03
103027,5556,1123,2,1,1,7,1700,10101.974423,17319.95
103028,5187,937,5,1,1,3,990,3156.6115294,5502.29
103029,2,3018,2,-2,1,7,4870,1397.0238029,18409.24
103030,8707,649,3,1,1,1,2900,486.70593278,13789.61
103031,5495,1234,5,5,1,2,860,11869.990767,2225.83
103032,1777,4226,2,5,1,2,1850,4305.5165299,11122.26
103033,4140,1257,2,1,1,2,1650,6164.9254154,12168.76
103034,7644,150,2,5,0,2,2020,2260.3908974,22931.61
103035,413,4696,2,5,1,5,2010,10404.184805,33744.25
103036,5834,621,2,2,1,2,4030,11442.92101,10320.07
103037,7543,343,2,5,1,2,2400,2358.3069724,20591.73
103038,4409,1127,2,5,1,5,2700,3970.8715089,13847.61
103039,7716,647,3,1,1,2,460,755.10941398,3083.0
103040,2015,2411,2,5,1,2,2200,6362.8604668,23857.68
103041,3946,1131,1,5,1,2,1150,5938.8741398,13461.75
103042,1109,3342,2,5,0,4,2800,8950.6678663,29345.33
103043,7218,873,5,1,1,1,760,10063.644867,5978.18
103044,0,3993,2,-2,0,7,640,2140.4169324,7744.01
103045,1350,2778,2,5,1,2,2020,9417.6758574,5069.21
103046,7663,353,1,3,0,2,2240,2949.5829179,4979.5
103047,4201,1355,4,5,1,2,1600,14038.39785,1250.85
103048,4780,1265,2,5,1,3,3000,6349.2174088,21307.1
103049,4357,1510,5,1,1,1,550,11201.057988,3339.97
103050,4220,1362,5,5,1,1,450,12026.086623,1777.63
103051,4436,1184,2,1,1,6,2320,7619.6229202,13477.53
103052,2534,1824,3,-2,1,1,1900,3634.9876302,1948.73
103053,4806,973,1,3,1,2,1400,9568.1196551,6161.47
103054,5011,960,2,1,1,1,3700,4589.7143166,7036.34
103055,839,1598,1,1,1,2,1360,13492.087502,3233.9
103056,2620,1749,3,1,1,3,1180,5310.2790385,5922.59
103057,596,3826,2,5,1,3,1890,11274.735566,16933.88
103058,5944,919,2,1,1,3,4050,9841.8825717,12061.84
103059,7404,227,2,5,1,7,3350,4954.2966327,10995.76
103060,1446,2555,2,5,1,1,1000,6240.7466816,9402.54
103061,3949,1509,2,1,1,2,1500,4107.5872356,10421.71
103062,4361,1326,2,5,1,2,2600,7114.1168705,12783.0
103063,815,3735,5,-2,1,2,1250,13281.933327,14727.85
103064,5928,930,4,1,0,2,900,13367.977077,6265.58
103065,6223,864,3,1,1,2,3220,3755.4803754,7335.04
103066,10779,1,4,1,0,3,1730,1052.1255254,4629.9
103067,6380,316,3,1,0,2,1200,3751.6542903,3092.83
103068,5597,871,2,1,1,4,2700,7907.6402802,7738.1
103069,1168,1363,2,-2,1,6,1550,15498.666289,6473.11
103070,4386,1286,2,1,1,1,1500,6918.2000099,8888.27
103071,4714,1069,4,5,1,3,800,6255.7072859,13170.83
103072,4946,1045,5,5,1,1,1100,19663.197873,20920.51
103073,10494,6,2,1,0,4,1990,910.82076371,10908.05
103074,6209,773,4,1,1,3,1600,4302.442995,4738.21
103075,1918,2204,1,5,1,2,1250,10169.488289,12298.61
103076,8127,308,2,1,0,4,1300,1035.9879639,13197.43
103077,6093,770,2,3,1,4,1880,2778.5348147,5708.8
103078,6023,709,2,3,1,1,2880,3174.3013198,6353.95
103079,1791,4204,2,1,1,6,1850,6396.443963,35366.21
103080,2808,1959,2,5,1,2,6000,5291.2981982,48304.43
103081,5932,618,2,1,1,4,1350,20558.932239,9085.23
103082,3450,1620,2,5,1,2,2100,5653.1063614,23944.99
103083,3430,1622,2,5,1,2,1100,7991.2965779,18207.68
103084,2709,1126,2,5,1,2,490,10779.198983,3230.86
103085,3577,1477,2,5,1,2,2000,5829.5630775,9641.22
103086,7161,878,2,1,0,2,4080,7750.356495,5029.09
103087,1791,4202,4,5,1,3,1020,7205.6313762,9770.36
103088,5949,1070,2,1,1,3,1800,3379.4245384,14182.87
103089,10591,1,5,5,0,5,850,1078.7748836,3541.67
103090,91,4982,2,5,1,2,1500,18025.4238,8423.66
103091,5268,918,4,1,1,4,1200,7697.5823754,3869.79
103092,5913,832,2,5,1,3,1500,5151.6874661,19092.75
103093,6990,549,2,1,0,2,3900,8294.9125314,4300.43
103094,4315,246,2,1,1,1,860,5851.0079283,5642.87
103095,7588,592,1,7,1,1,1100,6243.8446562,4652.4
103096,6583,330,2,1,1,1,1900,2059.3777671,5621.67
103097,1129,3460,5,5,1,2,650,16884.842668,6299.83
103098,4533,1147,5,1,0,4,1200,8348.7748609,9892.97
103099,3779,920,2,2,1,3,1200,8197.7528997,15208.23
103100,6182,772,4,5,0,2,970,8007.8548701,8492.44
103101,5024,1619,2,1,1,5,3300,4757.9003954,9744.49
103102,4484,1395,2,1,1,3,2280,9131.6692641,13324.37
103103,4433,280,2,5,0,1,1540,5030.7691586,5970.41
103104,10891,0,2,1,0,3,1330,815.49482411,2702.8
103105,9091,0,2,2,0,1,1500,884.68224626,3681.93
103106,2174,1952,3,1,1,1,750,7788.9651104,2851.33
103107,7838,611,5,1,1,1,500,5374.6707283,2697.53
103108,4925,1154,5,5,1,1,900,8865.4532157,9230.92
103109,880,5344,5,5,1,1,840,9551.8839117,7043.63
103110,1095,1059,4,5,0,4,380,20263.470719,2332.99
103111,8224,265,2,7,1,2,1800,682.99688748,7292.64
103112,5036,1020,2,1,1,4,2880,5917.5187102,8880.48
103113,6238,643,2,1,1,2,1500,12112.683721,9109.95
103114,5452,525,1,1,1,1,560,4809.8788578,4844.82
103115,6200,868,5,1,1,5,970,12225.464443,3050.54
103116,2352,2066,2,1,1,2,1000,9014.7530675,6953.96
103117,6109,599,2,1,0,1,1570,9741.4710071,4301.53
103118,5050,1016,2,5,1,5,3750,7502.2020255,48200.59
103119,4883,1140,2,5,1,1,1680,7521.8386881,18299.99
103120,1298,2904,2,5,1,1,1900,5882.0270075,13774.53
103121,5947,812,2,1,0,3,2150,5179.745601,10705.22
103122,3318,1621,2,1,1,2,2160,6637.6316534,9807.56
103123,5199,1291,2,1,1,3,2840,5446.5023625,27268.86
103124,10607,0,2,1,0,4,2790,590.44348644,6138.39
103125,4248,1129,2,5,0,3,2180,3598.2600699,27697.71
103126,1189,2183,2,1,1,2,1660,9297.1300455,3708.91
103127,4357,1162,2,1,1,2,2300,2796.7713973,1564.2
103128,903,5287,2,1,1,4,2740,5106.5914791,18687.3
103129,8186,633,2,1,1,6,2300,1876.3781788,17045.84
103130,4519,869,2,1,1,1,1900,4919.6374558,4214.74
103131,2773,1646,2,1,1,5,2290,6948.2018232,15262.98
103132,4548,1183,2,1,1,1,1900,3665.1722889,8926.63
103133,5218,964,2,1,1,3,3630,11327.271886,15732.09
103134,1918,2373,2,5,1,2,5200,8769.8369591,26195.96
103135,8400,557,2,2,1,2,2000,1680.1285079,19823.56
103136,2109,2167,3,5,0,1,2000,4300.7637729,20181.99
103137,348,4339,2,5,1,2,650,11560.165009,13946.66
103138,3336,1713,5,1,1,2,700,1589.2173891,6896.23
103139,6081,759,2,1,1,3,2220,9161.2758979,9488.78
103140,5010,74,2,7,0,1,600,6760.4649202,5203.14
103141,1202,2417,2,1,1,5,1480,9916.7921363,6329.81
103142,4436,1434,2,1,1,2,2700,6827.4088119,8803.26
103143,4535,1150,2,3,1,6,2600,3896.2171037,19437.12
103144,5483,1233,2,-2,1,2,2250,9023.6519325,3913.63
103145,3226,1826,2,5,1,2,2800,6164.7483245,19503.06
103146,4585,288,4,5,0,4,1310,6218.6446775,4616.89
103147,5652,1081,1,1,1,2,1250,6699.9640877,5919.74
103148,4691,1134,2,1,1,3,1400,6647.1143655,11515.85
103149,7801,216,2,1,1,7,5800,4332.5066678,18583.5
103150,4115,1219,2,1,1,3,2900,4527.1254391,13002.44
103151,4208,1334,4,1,1,3,1400,13929.94872,11690.76
103152,3760,1581,4,5,1,5,870,5285.4189385,6009.27
103153,1444,2691,2,5,1,4,1800,4628.9302285,17045.02
103154,3951,1365,3,5,1,2,3500,2262.8586235,30841.56
103155,9058,300,2,5,1,2,2000,6696.0698659,7086.91
103156,5193,958,2,1,1,2,2210,7733.2485276,7874.24
103157,3875,1297,2,5,1,1,1690,7163.2298838,11004.73
103158,4684,1117,2,5,1,1,1800,14043.021031,12310.42
103159,2945,1606,2,5,1,2,2000,7800.4568998,13589.61
103160,740,3652,3,5,1,3,1200,2620.7189135,11766.87
103161,6324,652,2,1,1,1,1880,2320.7505098,3973.68
103162,6187,753,2,1,1,1,3000,4769.2894248,5057.18
103163,2417,1797,2,1,1,3,4000,9813.6551414,12188.29
103164,3190,1784,2,1,1,3,850,6458.8837488,6054.08
103165,5648,784,2,1,1,2,2900,16841.961444,6073.77
103166,4182,1370,3,1,1,2,1430,8705.2188108,7240.04
103167,1771,4240,2,1,1,1,1590,3926.8609515,7253.73
103168,6273,695,5,1,0,3,580,10512.624006,6624.47
103169,10928,3,3,2,0,2,1630,821.04281525,7510.99
103170,2084,543,3,1,0,7,1700,9667.1039532,6890.62
103171,3963,1172,2,5,1,2,2200,8259.0914011,18231.3
103172,4104,1257,4,5,1,1,1000,7054.4896186,11374.77
103173,2689,1704,2,1,1,3,3000,5137.9255954,22669.87
103174,2936,1599,5,5,1,1,600,12195.048675,6429.28
103175,7113,568,2,2,0,2,2590,2565.7384308,3998.3
103176,5304,950,2,1,1,1,2550,7741.655365,10592.09
103177,3341,1711,4,1,1,1,800,1474.6997651,6080.2
103178,3619,1553,3,1,1,7,1400,1009.0119608,11878.32
103179,5786,500,2,1,1,2,3570,4705.5043452,8235.58
103180,2137,1930,2,1,1,3,1900,10505.857137,8267.71
103181,6316,964,2,1,1,4,3000,3753.5264162,15063.93
103182,2210,2105,2,5,1,1,1950,7162.6726278,12932.27
103183,8647,583,2,1,1,3,1150,991.16861761,11797.12
103184,5842,1045,2,1,1,2,2630,7589.8959438,11309.39
103185,4211,305,2,5,0,1,1200,5473.9771108,11322.61
103186,4202,1360,5,1,1,2,750,12159.447044,4695.11
103187,4441,334,2,1,1,4,510,4387.4986018,6772.51
103188,4750,1194,3,1,1,2,2300,5525.0552411,7770.39
103189,5177,979,2,1,1,1,2590,11469.391619,7253.73
103190,4362,234,2,1,1,2,2250,7055.2075627,8367.73
103191,7531,584,2,1,1,2,2400,7033.0940812,10686.96
103192,8936,522,5,5,1,2,760,1380.928868,10932.3
103193,7316,383,2,3,1,1,1880,2517.3072365,2952.14
103194,4479,1387,2,1,1,3,2420,8289.4673453,9179.2
103195,4616,1163,2,1,1,2,2250,9760.7029331,11907.23
103196,4670,1138,2,1,1,2,3300,3947.3355671,17633.63
103197,6269,703,2,1,1,7,1500,5617.3864007,12406.41
103198,6103,757,5,5,1,1,800,10738.472196,2246.51
103199,2357,2052,2,1,1,1,2000,6795.3711701,6558.53
103200,5383,1046,2,1,1,2,4000,3594.4865179,20164.96
103201,3780,1451,5,5,1,2,660,1536.1906099,3396.75
103202,6141,750,2,1,0,1,2060,7413.5853082,4384.1
103203,7867,368,2,2,1,3,1660,9391.1122234,6898.33
103204,5951,972,2,1,1,2,1420,3790.1269633,6937.14
103205,2041,3246,4,-2,1,7,600,10925.722888,5879.46
103206,1142,3004,2,1,1,2,3370,4560.789553,20698.41
103207,2445,1825,1,2,1,2,960,8818.7496177,13327.73
103208,4652,1145,2,1,1,2,3000,4469.9861611,6197.21
103209,3816,1538,2,5,1,3,3500,4278.6876461,24308.09
103210,1154,3358,5,5,1,2,970,16191.364209,13288.83
103211,103,4868,3,-2,1,1,1100,11129.437094,8339.71
103212,3744,1562,5,5,1,1,650,13041.509136,6139.32
103213,4295,258,2,1,1,2,1360,7261.0273162,9441.63
103214,6833,741,2,1,1,2,2010,5832.7269346,10460.43
103215,5023,1620,5,1,0,3,1150,12150.390597,5743.79
103216,5824,885,5,1,1,1,500,7520.6925028,2471.91
103217,5066,1056,4,5,1,6,1190,4760.1930068,13710.33
103218,2610,2925,2,1,1,1,2330,3402.670203,12195.91
103219,459,4217,2,5,1,1,1180,9657.1442165,9789.49
103220,841,1720,3,-2,1,4,800,10327.859782,3276.38
103221,3207,1626,2,1,1,3,2400,5417.6973848,14477.65
103222,4443,1076,2,1,1,1,3300,6286.0540826,8339.82
103223,6598,436,2,2,1,2,1400,6585.3884297,9946.28
103224,798,1744,2,1,1,2,1230,12578.005277,6232.64
103225,4158,1590,2,2,1,2,3000,4940.0148903,11717.08
103226,5786,932,2,1,1,2,2100,10321.942037,7539.25
103227,5847,1155,2,1,1,4,1930,3436.2524019,9751.66
103228,1892,2645,2,5,1,3,3960,7648.954443,16557.31
103229,5599,1105,2,1,1,7,1190,4713.1172529,10705.37
103230,5570,889,2,1,1,1,1800,12991.566519,5185.35
103231,8687,656,5,5,1,1,1150,1253.2800469,9105.4
103232,5023,1620,2,1,1,7,3400,5460.0415125,8916.0
103233,2661,1758,2,1,1,2,2060,8816.1252441,14276.07
103234,3180,1556,2,1,1,2,3120,5527.7325783,13981.37
103235,4806,1117,5,5,1,1,1100,13375.261456,5630.3
103236,9416,517,2,1,1,4,2300,982.01098699,14980.49
103237,3407,1521,3,1,1,2,1490,3672.5423385,14298.69
103238,6542,342,2,1,1,2,4540,2122.7366696,10981.22
103239,1790,4205,2,1,1,3,1950,4892.2727654,17028.47
103240,4663,1180,2,5,1,2,1330,5993.5993648,23882.45
103241,1776,4229,5,5,1,2,1220,6991.2395521,11819.32
103242,8265,552,2,7,0,2,2700,7510.569788,7051.86
103243,4386,1235,2,1,1,3,3900,3675.806269,13107.02
103244,5153,947,2,1,1,5,1730,18308.134517,14524.36
103245,972,2152,3,1,1,6,800,7108.7803794,6692.01
103246,146,4608,2,-2,1,2,4400,13719.781884,21744.55
103247,6477,556,2,3,0,1,1650,1070.3886027,6948.65
103248,7253,702,2,1,1,1,1090,3875.5521562,3961.06
103249,2599,2941,2,1,1,1,1500,4149.1189541,8182.37
103250,6524,632,2,1,1,2,2930,8777.0342065,4836.45
103251,9858,225,2,1,1,4,1100,6360.9676519,11103.48
103252,621,3719,2,5,1,2,2050,8027.9914781,15074.6
103253,4860,960,5,1,1,2,1040,2785.0295345,2581.25
103254,394,4162,2,5,1,1,1800,12170.211303,8645.9
103255,4197,1359,5,3,1,1,350,11899.232482,2335.68
103256,873,3609,2,1,1,3,900,12016.501267,15586.85
103257,3472,1824,2,1,1,4,3550,4974.5831123,14423.44
103258,767,1933,2,1,1,2,2800,11130.159194,5255.88
103259,5253,621,2,1,1,2,2600,4446.0284244,7622.0
103260,1370,2622,2,5,1,1,3390,6849.45468,17724.43
103261,4948,1136,2,1,1,1,2200,7084.5369327,4728.94
103262,4456,331,2,1,1,4,1400,4595.7705579,24262.6
103263,6237,586,2,1,1,2,2600,4409.4359972,8315.98
103264,1164,3350,2,5,1,3,2460,10352.213538,20623.43
103265,1170,3127,2,1,1,2,2300,6142.0847452,25209.23
103266,201,4522,2,-2,1,4,2000,14639.113852,23826.62
103267,3819,1532,3,5,1,1,1100,4541.0282798,7745.23
103268,1438,2955,1,5,1,5,960,10976.194558,4882.69
103269,7378,297,2,5,0,3,1560,2051.0886112,29498.11
103270,4283,1187,5,1,1,1,790,6655.614235,4419.95
103271,5195,1202,2,1,1,6,3600,4237.981936,17887.64
103272,1141,3421,2,1,1,4,1380,9660.9516629,16173.89
103273,5081,1071,2,3,1,2,2030,9104.1544479,14052.24
103274,4156,1220,5,5,1,2,1160,8322.5857,8946.61
103275,4209,1260,2,5,1,2,1500,2244.5203834,17663.77
103276,2732,2616,2,1,1,3,1030,3982.7631718,7331.96
103277,6126,742,2,2,1,1,1920,2672.7590351,2640.71
103278,11179,3,2,3,0,1,1680,1058.3728666,7741.45
103279,1136,3117,1,5,1,3,960,16262.243294,16807.87
103280,394,4158,2,5,0,4,1620,12012.291391,13395.96
103281,5742,1095,3,1,1,2,2000,4662.7648958,3985.6
103282,190,4531,4,-2,1,1,850,11061.497962,3327.89
103283,874,5362,2,1,1,6,850,7466.1074351,15984.0
103284,1105,3561,2,1,1,2,1170,8968.2136486,11462.9
103285,8742,67,2,1,0,4,2800,999.71795371,4409.53
103286,4179,1017,2,5,1,1,1650,4021.3731141,19219.36
103287,4238,1356,4,1,0,2,1080,13697.889571,2231.84
103288,2879,1564,2,7,1,4,1000,5872.7147441,11397.78
103289,5793,1053,5,5,1,4,620,7126.8922153,7876.93
103290,4195,1358,5,5,1,2,1440,6938.2781288,6956.82
103291,3638,1286,2,5,1,1,850,4835.8338212,17687.03
103292,739,3653,3,1,1,1,3800,2387.6732312,5375.83
103293,2061,517,1,1,0,2,1300,7969.2871069,6551.97
103294,1039,1017,2,-2,0,3,890,19371.068112,11369.49
103295,4203,1352,5,1,1,1,1100,12099.822469,6307.41
103296,10697,1,3,1,0,2,1480,552.81443343,3591.6
103297,0,5063,5,-2,0,1,550,2473.1883311,7053.71
103298,4581,1038,3,1,1,3,1950,3784.6034965,17865.6
103299,4001,1102,4,5,1,3,950,7353.8787589,17059.74
103300,1294,2634,2,5,0,2,1290,6272.440269,11334.32
103301,1784,4215,5,-2,1,4,350,7944.050505,10439.45
103302,7647,188,1,1,1,1,1500,1747.409627,4935.38
103303,6765,698,2,2,1,1,2770,3694.7732533,12355.79
103304,6077,745,2,7,0,2,3000,1683.3890131,15658.49
103305,4293,1312,3,1,1,2,4000,9202.0137532,4513.4
103306,1247,2353,2,5,1,3,1200,12382.938746,17465.15
103307,6706,933,2,1,1,2,2500,3684.8542793,9007.82
103308,3726,1456,2,5,1,1,1450,3515.5794576,13990.53
103309,5470,826,2,5,1,2,2720,3118.5800799,27220.76
103310,4970,415,2,1,0,4,5000,5526.4113837,11679.15
103311,5276,644,2,3,1,2,3150,3777.7091525,18160.0
103312,7569,637,5,2,1,1,900,7203.0296055,2060.97
103313,4423,1287,2,5,1,2,3250,5721.8216216,21496.89
103314,6022,803,1,7,1,1,1340,12016.438772,12281.29
103315,896,3627,3,1,1,2,2350,4043.439187,10164.06
103316,6181,813,2,1,1,4,1700,6118.364332,1586.52
103317,10503,2,3,1,0,2,1360,523.16024365,6855.27
103318,10476,7,2,1,1,2,3120,822.27425417,8718.66
103319,4198,1365,5,1,1,1,680,12370.846249,1767.08
103320,6822,559,2,1,0,3,1950,983.35977295,9098.99
103321,1231,2685,2,1,1,2,1700,3999.712744,7156.43
103322,1031,1239,2,5,0,5,900,11528.382816,5608.84
103323,4363,1273,3,-2,1,1,1650,7902.63827,1460.78
103324,4368,1094,2,5,1,2,6380,4364.3802736,31700.65
103325,3131,2698,2,1,1,2,4280,4280.9480581,11166.4
103326,5304,729,2,5,1,2,400,1906.5206645,9405.1
103327,1247,4541,5,5,1,1,730,9034.9992418,4818.37
103328,7344,584,5,5,1,1,540,7968.8462521,5652.95
103329,8524,9,3,1,0,4,1500,573.91173454,7599.56
103330,1065,4534,2,1,1,4,1980,10380.682011,11159.91
103331,6588,890,2,1,1,1,1520,4193.51325,5876.0
103332,437,3698,2,5,1,2,1150,9379.931479,9486.52
103333,5244,1517,2,1,1,3,1900,5154.6800766,6911.89
103334,7081,1039,2,1,1,2,1940,1435.8707917,4886.54
103335,2947,1775,1,5,1,3,1460,5602.1195346,34420.12
103336,1104,3562,2,1,1,1,1790,8348.9863601,8780.06
103337,2289,2197,2,5,1,4,1500,9992.0863943,17534.52
103338,2119,372,2,1,0,6,2000,15538.386199,2149.57
103339,105,4896,5,-2,1,1,1100,22547.532354,6811.8
103340,4317,1244,4,1,1,3,700,14765.612695,7698.91
103341,1834,2859,2,1,1,3,1500,13170.949379,10426.71
103342,7667,357,1,1,1,2,1500,2147.4150888,4482.51
103343,4192,1350,5,5,1,1,450,9595.550141,3447.29
103344,6022,1085,3,5,1,1,1500,2753.1348049,20442.4
103345,5005,76,4,5,0,1,800,8637.0234878,7970.55
103346,4393,1211,2,3,1,2,8330,6390.1646483,14258.14
103347,4351,1537,2,1,1,1,1800,9647.5818837,2849.8
103348,2976,1798,2,1,1,1,2390,4056.6533562,15799.87
103349,3777,1223,2,1,1,2,1440,5701.8200029,14082.17
103350,2130,1937,2,1,1,2,2600,9157.7031228,8151.45
103351,874,5362,2,5,1,4,2600,7515.2800425,16626.72
103352,2762,1695,5,5,1,3,1000,14026.79566,6192.17
103353,2636,1837,5,1,1,1,650,10678.618236,3541.89
103354,5693,980,2,5,1,3,1050,8460.8000674,19797.03
103355,1127,1482,3,1,1,2,1350,8064.7709115,5390.06
103356,6167,739,5,1,1,4,1000,12172.629902,3866.29
103357,1093,1020,2,1,0,3,1130,10182.770659,3191.07
103358,2378,1842,5,1,1,2,760,14897.781489,15489.65
103359,2885,1635,4,5,1,1,1600,11086.157535,4179.03
103360,4387,1473,2,1,1,2,6250,5955.3603506,16408.05
103361,1104,3564,2,1,1,4,1420,7331.8491896,22730.07
103362,5192,1278,2,1,1,4,2700,4942.2044808,12013.52
103363,1557,3071,2,1,1,2,540,9062.7420916,8432.62
103364,4274,1127,2,1,1,2,2500,6257.9614596,8093.62
103365,826,3426,3,5,1,3,1500,2875.5054204,20362.18
103366,6595,571,5,1,1,1,780,5485.2822932,3790.41
103367,3666,1498,2,1,1,4,3360,6217.2243253,15275.91
103368,4959,1145,5,1,1,1,580,11532.419332,3235.52
103369,4757,988,2,3,1,1,3000,6483.3845071,7057.96
103370,5288,922,2,1,1,1,2880,10537.8012,4058.2
103371,5238,1518,1,1,1,2,1120,4811.547748,5754.87
103372,6104,823,2,1,0,1,1300,5784.5469777,4775.26
103373,4373,1260,2,1,1,5,3450,6414.8435414,13714.2
103374,1854,2464,3,5,1,5,1150,2396.8516131,10968.45
103375,2026,1412,2,5,1,4,2870,14943.644589,9978.5
103376,3578,1540,1,5,1,4,2200,2804.5692916,18950.07
103377,5117,1274,2,1,1,5,4600,4850.0767307,9740.56
103378,5741,842,2,1,1,2,3200,7359.683626,8165.55
103379,1768,4244,2,5,1,6,1600,4338.2864183,16134.61
103380,3823,1119,2,5,1,2,3900,4346.6690634,11132.84
103381,4204,1355,5,1,1,1,990,11289.064396,4198.85
103382,7051,321,5,5,1,1,500,3629.7196528,5181.19
103383,737,3658,2,5,1,1,1970,5700.4863661,9794.03
103384,540,3525,3,5,1,1,1500,6067.7270567,5927.73
103385,1622,2918,2,5,1,2,1500,8586.417877,18720.04
103386,2390,815,3,1,1,1,1350,6123.3844735,6734.13
103387,4007,972,2,5,1,4,3400,4286.0497732,26989.75
103388,877,1300,5,5,1,2,1100,16422.260563,15237.1
103389,1895,2696,5,5,1,5,880,17422.049085,10715.59
103390,6112,565,5,5,1,2,750,10004.476326,2150.43
103391,4968,1244,2,5,1,2,3700,4777.4957817,23098.85
103392,4910,1089,2,3,1,2,1490,6764.0995917,10655.16
103393,2871,1647,4,5,1,1,350,11099.992103,4340.91
103394,83,964,2,-2,0,4,1800,1993.2041218,9870.38
103395,2985,1671,2,5,0,2,1500,9339.2812534,17470.28
103396,3199,1459,2,1,1,2,3110,7687.9000214,11426.53
103397,1081,4880,2,5,1,2,2000,5106.5914791,8093.1
103398,6751,391,2,1,0,2,1680,10975.261367,5041.77
103399,382,3852,2,1,1,6,1790,10560.451865,26807.29
103400,1779,4222,2,1,1,6,1330,5845.2591421,29408.58
103401,6844,595,2,3,1,2,700,9832.7065001,5964.29
103402,765,3580,2,5,1,1,1500,6446.1128748,12540.86
103403,5064,1059,2,1,1,4,3400,2239.3493654,14577.19
103404,936,1514,5,-2,1,4,980,19399.726571,2259.87
103405,3329,1716,3,5,1,4,1350,1094.9062934,13249.52
103406,6032,791,5,1,1,1,480,10746.478336,1354.85
103407,6139,980,2,1,1,2,3600,4449.7194783,9260.14
103408,933,3557,2,5,1,5,1610,12369.81763,16531.41
103409,5681,933,2,3,1,3,2630,5213.9535943,6449.96
103410,5627,1005,3,1,1,3,980,5856.7889573,7703.25
103411,874,5362,2,1,1,2,1800,5996.2244447,17496.21
103412,6238,700,2,1,1,4,1800,4918.7238783,5621.12
103413,5960,1197,2,1,1,2,3150,3618.1870049,17707.73
103414,1713,2601,2,1,1,2,1150,5101.9834705,6905.17
103415,4356,1278,3,7,0,3,3000,3258.9276373,2923.64
103416,4768,1113,2,1,1,2,2800,3959.5718543,6312.37
103417,2742,1723,2,1,1,2,4200,7763.2055207,11991.98
103418,2832,1510,2,1,1,2,3700,6967.9275791,17374.51
103419,5657,692,2,7,0,3,750,11458.35058,12678.95
103420,4335,1305,5,5,1,1,920,18485.232512,6574.34
103421,2146,2062,2,5,1,2,2500,10933.982891,23482.58
103422,5508,945,2,1,1,1,1680,8568.4427063,2929.35
103423,1085,962,2,1,1,2,1490,15306.977067,7504.05
103424,8181,559,2,1,1,3,2130,730.78411073,10528.4
103425,777,3454,2,-2,0,1,480,19293.43301,2155.4
103426,4293,1592,4,1,1,4,900,10098.572451,12869.16
103427,114,1325,2,-2,0,2,1750,1805.4262688,4942.16
103428,2957,1628,2,7,1,2,1000,4392.003823,10063.58
103429,4469,1189,2,5,1,4,2280,4266.2658563,24840.32
103430,6869,778,2,5,1,1,4000,3905.7519051,7086.97
103431,142,4680,5,-2,1,1,1250,14673.942294,8242.1
103432,4883,1043,2,2,0,5,3900,4578.5915775,9986.76
103433,5094,1162,5,5,1,1,920,8664.4685264,3786.34
103434,2478,1800,3,5,1,3,1250,5410.0936515,4838.73
103435,4700,987,2,5,0,4,1250,5630.2741178,21491.22
103436,3880,1210,2,2,1,2,2350,6358.3650703,15279.18
103437,4704,1033,2,1,1,3,3030,5013.4339581,7836.09
103438,4085,1809,1,1,1,2,1800,11222.79547,9167.45
103439,4006,1435,2,1,1,2,950,4152.2114644,7883.99
103440,4929,1038,2,1,1,2,3090,5043.1724376,12050.9
103441,6982,4,2,3,0,1,2700,795.2861564,6867.24
103442,3686,1646,3,1,1,2,830,1641.1618426,10720.59
103443,5174,921,2,1,1,2,3900,1918.4662639,5079.94
103444,5726,856,3,5,1,1,1180,4584.161628,13471.07
103445,533,3528,3,-2,1,4,1000,8090.020958,18519.66
103446,4075,1212,2,5,1,2,1280,4532.2085047,18184.48
103447,5530,836,2,7,1,4,1800,5586.199523,21364.76
103448,5780,1354,5,1,1,2,1080,5268.9179387,5775.05
103449,1683,727,2,1,0,3,1530,12303.220494,4040.75
103450,3391,1679,5,1,1,1,500,11178.874909,9889.84
103451,1043,4961,2,1,1,2,1840,4549.3679195,12638.4
103452,7100,1017,2,1,1,2,1750,1446.9699296,11019.79
103453,6398,702,2,1,1,2,1600,9077.8467482,8067.84
103454,3482,1273,2,1,1,3,2350,4924.7026561,18404.44
103455,2623,1749,2,1,0,4,2690,6982.2920349,9154.34
103456,4893,935,3,1,1,1,1200,4205.235572,75.62
103457,3158,1743,2,1,1,3,2450,3563.4201234,17501.89
103458,4242,1385,2,1,1,1,3600,6663.166433,6253.86
103459,2204,2457,2,1,1,2,2700,7881.1566446,14462.0
103460,6423,784,3,1,1,5,1880,3255.3321471,10330.88
103461,4500,337,2,1,1,2,1100,5867.8824334,3319.81
103462,5579,803,5,1,0,1,550,6532.4216767,4059.27
103463,5006,76,5,5,0,1,480,10701.981798,3086.3
103464,0,4994,3,-2,0,5,1800,922.13857483,17418.8
103465,922,1260,2,1,1,2,2200,8697.6935297,7665.08
103466,5271,917,2,1,1,4,1860,4664.8884469,5390.65
103467,8924,307,2,1,1,2,2700,8302.2596377,4255.8
103468,8753,66,5,5,0,1,400,2216.8817642,3789.73
103469,5065,1060,4,5,1,2,1000,3666.2130466,7975.75
103470,4934,106,2,5,1,1,2100,6566.3080337,20441.31
103471,2623,1857,2,1,1,2,2400,9786.9269528,12764.9
103472,381,4251,2,-2,1,3,4200,10770.95388,22304.67
103473,4968,964,2,3,1,4,1510,8186.6115613,14224.96
103474,4282,1341,2,1,1,1,1720,8773.1843368,4202.03
103475,5571,885,3,1,1,2,1000,2161.5949687,1414.85
103476,5577,801,5,5,1,1,750,6633.2461606,2483.5
103477,9232,238,2,2,1,2,4100,6104.7432037,15033.86
103478,1134,3448,2,-2,1,4,1060,11810.18055,8390.39
103479,5921,1096,5,5,1,3,750,4827.588015,6288.91
103480,3566,1483,2,2,1,1,4500,4059.9760167,17158.85
103481,2195,1882,5,5,1,3,850,18325.514582,4846.46
103482,6096,1188,2,5,1,5,2200,3514.1897747,23988.38
103483,4169,1331,2,2,1,2,3200,4000.3742098,11522.24
103484,9414,518,1,1,1,1,1040,973.34857849,6670.69
103485,6385,703,2,1,1,2,2200,8713.7532418,5850.88
103486,2148,2054,2,5,1,4,2000,5542.7120438,25489.38
103487,1774,4232,5,1,1,2,1020,7779.253352,6974.14
103488,4515,1453,2,1,1,4,2230,4651.08185,13637.24
103489,590,3702,1,-2,1,5,1500,14169.154253,16363.51
103490,1137,2935,2,5,1,2,2300,3551.221052,12167.19
103491,6252,694,2,5,1,6,3700,7882.3085277,23495.95
103492,6570,728,1,3,0,2,1720,3472.0233181,8751.29
103493,5167,41,2,5,0,2,1400,6155.8824942,16163.92
103494,2197,1741,2,1,1,4,1850,10333.336396,10785.98
103495,1542,2741,2,5,1,3,1400,9905.7685224,14050.64
103496,9595,308,2,1,1,2,1000,7364.5651259,17783.47
103497,1207,3498,5,5,1,1,800,16201.275484,8187.91
103498,5603,981,4,-2,1,5,1080,12849.818707,2179.41
103499,4960,1081,2,1,0,3,1900,7776.3440993,11034.34
103500,4405,228,5,5,1,1,700,6472.5842691,3431.64
103501,3385,1687,5,1,1,2,950,1648.1657216,6092.03
103502,1326,4097,3,1,1,3,300,3999.0975728,10845.06
103503,2061,2594,2,1,1,4,1500,13981.688166,9556.5
103504,2266,626,2,1,1,2,2170,8978.0671623,15774.26
103505,4191,1347,4,5,1,3,1150,11539.695245,6629.43
103506,6360,739,2,1,1,2,2000,6779.3973898,10196.72
103507,1355,2733,2,5,1,1,2660,10532.083148,12600.64
103508,5998,855,2,1,1,4,1940,9266.1166524,8595.46
103509,4531,1149,2,1,1,2,2010,3658.7209505,6125.85
103510,3794,1540,5,1,1,1,750,8142.6900996,6646.61
103511,4846,1062,5,5,1,2,1200,8784.3505521,9866.55
103512,2637,1904,2,1,1,7,2560,7211.5135195,13530.15
103513,6241,768,2,1,1,4,2900,3813.877509,9430.05
103514,2954,1974,2,1,1,5,1800,5685.5600275,10712.16
103515,154,4613,2,1,1,2,2600,12018.557722,21656.65
103516,4943,998,2,3,1,4,3300,7392.5538045,12098.41
103517,7478,246,2,1,0,3,3300,2336.8095777,3486.77
103518,7181,889,2,1,1,1,3000,6441.4348814,4405.24
103519,5336,891,4,1,1,2,890,8935.1734411,6252.57
103520,5069,910,3,1,1,2,1230,5730.3513209,5981.11
103521,5726,955,3,1,1,1,2480,6595.2592473,6157.12
103522,9279,234,2,2,1,2,1540,5888.0768556,13282.32
103523,4760,1312,2,1,1,3,3010,6634.0884639,18957.38
103524,1847,2573,2,1,1,2,2670,7909.7412285,13126.73
103525,1791,4202,2,1,1,1,1690,4189.2776512,8123.64
103526,5995,888,5,1,1,2,500,11509.49501,4729.59
103527,2445,1822,2,1,1,4,2740,9550.7385601,19427.31
103528,813,3354,3,5,0,3,1150,7514.6737471,13075.19
103529,880,5345,5,5,0,1,660,10395.625499,3768.84
103530,4443,1223,2,3,1,2,2550,10907.904615,5566.38
103531,3869,1429,1,5,1,4,1200,4300.777648,14549.32
103532,1807,2251,2,5,1,2,2800,8550.6437054,17606.01
103533,3420,1662,4,1,1,4,970,1379.5706258,8936.24
103534,6290,734,2,1,1,6,2880,6179.7513363,10134.15
103535,2142,3351,1,-2,1,4,960,5652.4820004,7300.08
103536,5515,908,3,1,1,1,1170,3628.0868485,4151.3
103537,3895,1011,1,5,0,1,1700,7867.1086459,15246.36
103538,3383,1588,5,5,1,2,1120,7211.6601301,7656.81
103539,5370,863,2,1,1,2,4500,3887.6129902,9687.4
103540,1349,659,2,1,1,2,1200,9018.5623417,7381.86
103541,5729,877,2,1,1,3,3600,1748.3021356,6256.17
103542,0,4830,2,-2,0,2,1400,1398.5586453,7307.08
103543,6205,802,3,1,1,2,2400,4467.8982542,4611.96
103544,1833,2368,2,1,1,2,2600,6094.8862218,17228.52
103545,7068,400,2,1,1,2,2100,2124.1785384,4849.66
103546,1051,1265,4,5,0,1,700,9960.2700781,1860.82
103547,2660,1756,3,5,1,1,930,7959.6171525,5345.65
103548,6086,825,2,3,1,4,1900,2473.7605753,11256.58
103549,2289,1837,2,1,1,7,2730,8249.1202693,15082.69
103550,3448,1507,1,1,1,1,840,4546.4002548,6332.87
103551,2238,1956,2,5,1,2,1080,10402.055198,12855.08
103552,1486,2649,2,5,1,2,1200,8200.2403161,10483.9
103553,4092,1290,5,5,0,2,500,4255.2807732,5182.78
103554,5587,957,4,5,1,1,800,15255.83742,1642.06
103555,6120,919,4,1,1,1,1440,3654.0858937,3138.4
103556,5945,790,2,1,1,4,4680,5127.8331522,13826.26
103557,2421,1937,2,1,1,2,1920,6814.353997,8411.78
103558,138,4647,5,-2,1,2,660,21141.666646,7399.24
103559,5348,803,2,1,1,2,3000,3375.7854127,4938.2
103560,7468,741,2,2,1,1,2000,7225.3453427,6657.07
103561,5007,76,2,5,0,1,2600,6021.9745855,4937.35
103562,921,5239,2,5,1,3,2180,5715.5958083,18683.56
103563,2713,1616,2,1,1,3,6000,5929.3410048,21445.16
103564,2503,815,2,1,1,2,300,10472.204468,7412.58
103565,6315,966,2,5,1,1,2100,3271.1395909,23087.06
103566,4252,1262,5,1,1,1,910,10885.127977,4793.82
103567,4471,1405,2,1,1,3,600,11375.305897,5012.29
103568,4976,435,2,5,1,4,2200,4881.244802,13109.41
103569,0,4725,2,-2,1,3,1800,1568.460291,10232.28
103570,2419,1772,2,1,1,1,2000,6244.7340601,8308.46
103571,7737,431,2,2,1,2,2000,941.1299543,4099.03
103572,3975,1390,2,1,1,1,1500,4305.3201558,7755.31
103573,5617,822,3,5,1,1,1500,2500.3206585,6057.27
103574,83,964,5,-2,0,3,550,2103.5348926,2974.21
103575,6370,725,2,3,1,3,3500,3146.908047,9525.39
103576,5835,1137,2,1,1,4,1880,3361.643241,14785.13
103577,6450,712,2,1,1,2,3320,5816.2814792,8608.9
103578,8328,418,2,1,1,2,1850,10514.56699,5225.21
103579,5242,32,5,5,0,1,860,10633.385078,8743.64
103580,6687,820,2,3,1,1,1100,5296.5105537,4163.56
103581,5526,887,2,3,1,1,1860,8329.1703466,6208.8
103582,5924,862,2,1,1,1,2800,9333.9492911,5846.02
103583,0,4909,4,-2,1,3,700,1828.2365932,13864.25
103584,4956,953,2,1,1,3,2710,5890.2377629,13482.27
103585,2864,1749,2,5,1,2,3850,5283.8194888,17214.3
103586,1971,2246,2,2,1,2,1100,6355.9846676,7771.09
103587,5798,896,2,1,1,1,2370,7241.0145257,8969.77
103588,1137,2993,2,5,1,3,2000,4543.9959417,11524.86
103589,6633,531,5,5,0,1,600,10239.510195,5842.34
103590,7618,466,2,3,1,6,1880,1068.9902377,14078.85
103591,4299,1216,2,3,1,4,1930,7187.6289376,11442.42
103592,1693,3508,3,5,1,2,1600,1938.4262174,10174.27
103593,5708,1095,2,1,1,3,6000,5953.9799385,14430.33
103594,5951,878,5,5,1,1,800,14589.570185,1683.65
103595,152,4573,2,1,1,2,1380,13306.622097,14916.05
103596,2368,1310,2,1,1,2,5210,7590.7889546,5151.47
103597,7133,30,3,1,0,3,2100,2698.2012942,2941.61
103598,6612,305,2,5,1,1,1000,2319.2058985,12552.53
103599,6520,996,2,1,1,2,1100,4337.7981638,8538.98
103600,6940,454,2,1,1,3,2250,7762.6661232,5111.57
103601,94,4926,2,5,1,4,2090,11569.378738,21021.76
103602,5610,1176,2,1,1,3,4400,7343.5014818,6265.47
103603,1259,4490,2,5,1,1,1400,4487.5004859,14100.76
103604,4092,1307,3,5,1,2,3730,3863.545396,22840.78
103605,4999,1010,2,1,1,2,6000,5506.5380203,5952.08
103606,1891,1229,2,1,0,4,1700,10099.614851,6976.07
103607,3188,2210,2,1,1,4,2170,4974.6469585,16559.35
103608,6009,830,2,1,1,3,1900,5630.2741178,13219.79
103609,6533,568,2,1,0,1,1300,6362.8754165,5999.16
103610,1784,4215,4,5,1,1,950,9122.1553436,9271.64
103611,6434,604,1,7,0,1,1400,5336.3357275,3423.0
103612,1976,947,2,1,1,3,1920,10609.106572,8277.51
103613,7358,789,1,1,1,2,980,1045.0513469,3369.59
103614,6320,786,5,1,1,2,890,15632.30857,4987.06
103615,8726,68,2,1,0,3,1600,988.30722433,8242.94
103616,4214,304,2,1,0,1,1830,5671.603183,6448.86
103617,4246,1271,5,5,1,1,830,10166.716144,3378.43
103618,1004,1359,2,1,0,2,1930,8205.4396297,8045.52
103619,4663,1153,2,1,1,2,4210,3335.5573742,10049.37
103620,512,3889,2,1,1,2,1910,9473.1657807,12365.72
103621,5249,984,2,3,1,3,2400,7530.9293112,8838.76
103622,5284,955,2,1,1,6,2630,19244.895258,10473.14
103623,3905,1430,2,5,1,2,2000,4665.1207331,13352.28
103624,1097,2928,2,5,1,1,2000,12332.865956,16736.67
103625,2150,2073,2,5,1,2,3400,8384.1698162,18005.55
103626,3813,1814,1,5,1,2,1800,11158.430354,29562.75
103627,4184,1272,2,1,1,2,4820,2016.1557252,6273.64
103628,4194,1360,4,5,1,2,830,13873.577469,6721.68
103629,6785,743,5,5,1,1,580,6740.5969192,4434.91
103630,8017,298,2,3,1,1,2400,1068.9902377,4015.95
103631,1027,3028,1,5,1,3,1200,7113.2650035,11937.31
103632,2545,2805,2,-2,1,3,2950,6049.1421027,16334.2
103633,6542,568,2,3,1,2,2210,4902.9137581,9536.66
103634,4247,1149,5,1,1,1,500,1564.1983168,5263.38
103635,2601,1742,2,5,1,4,1580,8861.8973947,20614.01
103636,6047,818,2,1,1,3,3380,5224.9853876,9719.78
103637,1731,2460,2,5,0,1,1080,5605.5033444,22645.43
103638,408,4500,4,5,1,6,1370,11111.277077,27619.14
103639,911,5264,2,5,1,3,1300,5078.7820932,21191.83
103640,649,3660,2,5,1,2,1800,11585.329583,14819.37
103641,6130,825,2,3,1,2,3470,2403.2749493,19720.38
103642,876,5353,2,1,1,3,1240,5141.2454884,16542.91
103643,5466,973,5,1,1,1,510,2459.2936149,2514.0
103644,2146,2116,5,5,1,1,850,14220.999167,9905.54
103645,3386,1687,5,1,1,1,720,1536.1906099,5265.29
103646,5528,980,2,1,1,2,1600,16698.569274,4294.09
103647,8302,506,2,2,1,2,1510,5714.2231989,14644.5
103648,3338,1712,5,5,1,1,420,1462.8050389,2324.84
103649,3789,1353,2,5,1,1,5100,4474.6873574,17892.98
103650,6597,702,5,5,1,1,800,4696.0170535,6356.78
103651,531,3525,2,5,1,4,2700,13022.37899,20403.44
103652,1215,2716,2,1,1,2,2000,3605.8361872,10451.09
103653,2150,2138,3,5,1,1,1200,7085.98822,8151.01
103654,4165,425,5,5,0,3,1160,6827.624998,8143.77
103655,5890,953,2,1,1,2,2550,12086.319476,7108.75
103656,3245,1914,5,-2,0,1,500,9489.9179207,10671.55
103657,6835,249,2,1,1,1,1150,1888.1484528,6995.87
103658,6420,817,3,1,1,5,1600,6101.7958669,12345.66
103659,0,3689,2,-2,1,7,2900,1411.1427415,17341.25
103660,2021,2640,2,1,1,2,4100,6145.9390576,11501.13
103661,1749,2297,5,5,1,3,1800,5888.6856577,11314.04
103662,2651,1756,3,5,1,4,1160,4686.297132,5226.5
103663,4650,1389,2,1,1,4,3450,5792.4272551,19564.76
103664,1155,2747,2,1,1,2,7310,3978.805941,56418.43
103665,7064,1035,2,1,1,2,1600,2129.227989,32818.12
103666,3972,1113,2,5,1,1,1900,5808.5442739,14349.14
103667,89,5074,5,5,1,2,700,19655.053924,6828.26
103668,5717,522,5,5,1,1,1250,8119.0872485,6777.23
103669,5196,898,2,1,1,2,3170,12695.559998,18096.7
103670,3320,1634,2,1,1,1,1730,4043.4302565,7138.22
103671,869,1226,5,1,1,2,1400,11294.398071,6455.38
103672,3458,1564,2,1,1,2,2400,4966.1778876,9437.43
103673,4637,1187,5,1,1,1,700,11103.349499,3000.81
103674,5196,944,4,5,1,2,1200,3182.4251862,14366.31
103675,4600,1166,5,5,1,2,2000,7432.7975568,9282.95
103676,2965,1790,1,5,1,2,1600,6133.2741819,29818.66
103677,5604,980,5,5,1,1,1130,10747.496557,5641.81
103678,4205,1182,2,1,1,2,3000,1230.0734359,8637.18
103679,7562,188,2,5,0,2,1680,2504.4733804,21035.35
103680,4787,976,2,3,1,4,1120,5384.3284582,9056.45
103681,4196,1012,3,5,1,2,1800,4708.4408256,2307.95
103682,4708,1105,2,1,1,4,4880,3927.2143636,13325.64
103683,4606,1510,2,1,1,2,2430,6990.087972,11157.0
103684,5465,885,2,5,1,2,1190,5794.7856445,33543.52
103685,632,3688,1,5,1,1,600,11547.678833,8262.63
103686,7184,714,2,2,1,3,2200,6773.1206138,8877.53
103687,2198,1876,2,1,1,2,1970,10988.785436,8038.8
103688,5812,889,2,1,1,1,1800,9210.5986369,8997.03
103689,10246,1,2,7,0,1,1800,2818.1946354,2267.43
103690,6034,874,2,1,1,3,3150,9824.9811719,11832.52
103691,5680,985,2,1,1,2,2130,8825.8578131,6054.17
103692,4486,327,4,5,1,1,750,6529.8832639,5594.74
103693,5732,878,2,1,1,3,1810,11034.102532,2257.04
103694,4198,1345,4,5,1,1,750,14168.938184,7758.42
103695,3839,1757,2,5,1,4,1400,5639.4450822,17008.35
103696,4281,1227,2,1,1,1,1400,4086.7499796,3342.65
103697,4451,1242,3,5,1,4,2200,4674.6716737,21822.11
103698,5104,1026,1,5,1,3,680,6364.9043889,15966.31
103699,6123,922,2,2,1,4,2800,3646.772838,27708.97
103700,1120,2045,2,1,1,2,1720,13233.983809,7686.83
103701,844,1405,2,1,1,4,1980,10873.633803,6915.5
103702,4582,1257,1,1,1,1,650,9156.5337456,5389.98
103703,4149,1256,2,1,1,2,1000,4815.9574882,6905.65
103704,7385,849,4,5,1,5,2240,4803.0746197,21218.8
103705,5515,1226,5,5,1,3,800,13306.477397,3160.22
103706,4711,1373,5,1,1,1,500,7922.2688017,2406.12
103707,8169,302,2,1,0,2,1020,1894.5864052,4953.13
103708,6487,556,5,1,1,1,650,7148.3116652,1793.98
103709,4400,1454,2,1,1,2,4200,5847.6569833,18891.97
103710,1766,4250,5,5,1,1,950,9429.8397892,12797.56
103711,6556,650,2,1,0,1,1200,10624.760396,2542.16
103712,7232,876,2,1,1,4,2330,6168.4548125,11229.52
103713,10599,1,5,3,0,1,860,1184.5429538,2060.96
103714,6813,604,2,1,1,2,1670,6046.3205871,7198.14
103715,1421,1968,4,1,1,4,1010,13572.362543,10342.62
103716,4526,1042,3,1,1,2,2390,6175.5580682,4253.0
103717,0,4942,5,-2,1,1,750,2239.92377,2972.25
103718,400,4316,2,5,1,3,4340,9083.6817318,31069.23
103719,2150,2299,2,5,1,4,2550,9789.4775383,28078.41
103720,6269,1030,2,1,1,2,4650,3196.2811163,12608.41
103721,650,5033,2,1,1,2,1500,10288.309036,17733.36
103722,5475,963,5,1,1,1,990,2183.6783235,3454.65
103723,2235,1869,2,2,1,2,1200,10022.876303,12661.54
103724,1168,3138,2,5,1,4,2600,8942.827066,30929.0
103725,3252,1894,2,1,1,4,3100,5584.0839558,23210.87
103726,6263,778,3,1,1,4,2140,4886.4208265,5254.22
103727,4315,246,5,5,0,2,810,9358.0712808,8388.45
103728,4488,1226,2,1,1,4,2800,4924.3461979,10160.61
103729,8742,319,2,3,1,3,2400,7196.704898,11485.17
103730,2305,2554,2,5,1,2,4500,7871.792624,24664.74
103731,1467,2175,2,1,1,2,1470,14506.524857,8934.51
103732,5133,103,1,5,1,1,1100,6357.9620584,23855.94
103733,2374,1919,2,5,1,2,2820,5601.1652463,19284.55
103734,1883,2800,2,1,1,1,1480,10221.919136,4262.25
103735,5497,1227,2,1,1,4,4000,9162.9367086,15331.66
103736,1299,875,5,-2,0,2,840,10018.160527,2595.03
103737,6951,640,3,1,1,2,390,3002.9088425,5380.75
103738,7441,389,2,3,1,2,4060,2255.6753913,8185.87
103739,6638,767,2,1,1,4,1500,3473.5872345,9791.87
103740,6508,756,1,1,1,3,1200,8926.7358565,15107.88
103741,6436,702,2,1,1,2,1050,8645.3542995,6002.19
103742,4715,1094,2,3,1,3,2400,4554.2418429,8725.91
103743,2320,2827,2,1,1,2,2500,4394.3498476,49304.58
103744,4899,1024,2,1,1,4,1300,7537.4262873,7191.58
103745,7131,572,2,1,1,2,1550,1375.8524787,8427.24
103746,1860,782,2,2,1,1,3150,9807.6507337,10348.63
103747,3171,1470,2,5,1,3,1400,6033.2071471,3443.77
103748,4730,1331,2,1,1,4,1650,7115.9871226,11281.56
103749,1286,2997,2,1,1,3,1400,6535.2401102,13035.13
103750,4998,1185,2,3,1,5,4600,4031.4028514,15209.42
103751,6201,887,2,1,0,1,2050,4623.4203572,1987.45
103752,3332,1715,5,5,1,1,500,11023.307863,4157.22
103753,4321,1297,3,1,1,3,1440,8756.8748779,10855.99
103754,6238,733,2,1,1,5,2000,8574.6796214,13068.67
103755,1234,2976,3,5,1,2,1250,3161.776208,11652.71
103756,6151,1035,2,1,1,3,1800,4719.272603,15991.13
103757,4826,973,2,1,1,4,2830,2156.1493065,14752.71
103758,3289,1396,2,5,1,4,3380,7073.7011298,20838.09
103759,2091,1936,2,1,1,2,6450,6898.792707,30007.67
103760,1210,1409,2,1,1,5,3200,7373.9957641,9741.85
103761,2976,1524,2,1,1,2,2180,6945.7314459,8947.68
103762,5097,107,2,1,0,2,2200,6957.6620094,7278.18
103763,5170,970,2,1,1,2,880,9777.6608593,4226.5
103764,4052,1308,5,1,1,2,800,11886.431206,13053.9
103765,5001,993,2,2,1,4,2020,5080.4781733,7871.82
103766,1444,2162,2,1,1,3,1370,14418.853823,9047.89
103767,2859,2033,2,1,1,2,1100,3559.3564897,16423.19
103768,1432,2601,3,5,1,1,980,3922.2908697,7602.23
103769,6551,717,2,1,1,7,1780,9877.5302737,13741.43
103770,1907,2175,2,5,1,2,2800,5847.6437883,12722.25
103771,8298,506,2,2,1,2,2600,5331.8445161,11932.84
103772,1488,2067,2,1,1,7,1450,12900.71638,11767.58
103773,6169,1038,1,1,1,1,990,7089.6306113,5478.1
103774,1366,4029,2,1,1,3,1400,5939.62158,15988.91
103775,5005,1117,2,5,1,1,1250,16021.316753,9755.13
103776,1019,1189,2,1,1,7,800,8359.5333381,7524.64
103777,3899,1384,3,1,1,4,1750,1448.3427104,5384.73
103778,3239,1757,2,5,1,3,3380,5141.7516139,16040.74
103779,4366,1525,2,1,1,2,2020,12580.988669,14890.23
103780,4996,1121,2,1,1,3,2690,14775.514076,6896.84
103781,957,3181,2,1,1,3,3200,8294.9623344,15581.84
103782,4606,288,2,1,1,1,1280,4935.3093118,10706.36
103783,2622,1866,2,1,1,1,2200,6656.9459088,13398.36
103784,2793,1592,2,1,1,1,2250,4277.0371707,7425.49
103785,435,4097,5,5,1,2,1170,17565.018786,8596.83
103786,4481,1042,4,5,1,5,1700,4835.8792412,16955.72
103787,5918,1135,2,1,1,1,3500,3684.150815,19305.99
103788,4705,1112,2,1,1,1,1830,7629.7691808,4041.42
103789,8273,293,2,7,0,1,2550,3695.1248234,4472.28
103790,4222,301,2,1,0,5,1530,5202.4580389,7291.6
103791,3485,1568,2,5,0,1,1120,5679.5352501,9232.74
103792,5992,1115,5,1,1,1,540,6741.5101874,1735.27
103793,3232,1479,2,5,1,5,3530,6835.370156,27363.67
103794,8748,316,5,2,0,2,400,11253.155822,1294.72
103795,5507,837,1,2,1,1,1400,6702.4233931,5378.95
103796,925,3515,2,1,1,2,710,8333.4705543,14473.92
103797,2000,505,4,1,0,2,800,15508.511779,2968.42
103798,2573,2027,5,5,1,2,1550,5773.4521841,10014.32
103799,5932,677,5,5,1,1,1680,18091.676319,4135.18
103800,5868,833,2,1,1,4,1650,5575.3300652,13810.79
103801,5065,1061,2,1,1,4,2250,2307.8392539,8763.25
103802,1222,1710,5,5,1,2,750,15023.383398,5963.32
103803,809,3761,5,1,1,1,550,14491.300275,4906.16
103804,2456,1773,2,1,1,1,990,9917.0840568,13760.87
103805,1207,4620,4,5,0,1,1890,7703.889813,4616.49
103806,5286,897,5,5,0,3,990,4810.4907805,6191.56
103807,6472,725,3,1,1,1,2100,3604.9454884,4055.91
103808,5296,954,2,1,1,4,3150,3949.1112206,22825.57
103809,1080,5146,2,5,1,1,1800,5029.2757097,14974.59
103810,4402,972,2,1,1,2,2700,4703.513431,18099.15
103811,4333,1576,2,1,1,1,1600,8005.7307297,11240.6
103812,4689,264,2,1,1,2,1700,5534.7389707,4541.2
103813,7398,254,2,1,1,3,1620,2317.3387162,5768.01
103814,8547,563,4,5,0,3,1800,1262.0721005,17415.82
103815,2737,1661,3,5,0,1,990,1899.0258753,10553.45
103816,1084,5126,2,5,1,2,1770,4882.1754132,13056.22
103817,1902,2570,2,5,1,2,2400,7679.196343,24154.08
103818,5023,1620,2,1,1,4,3200,5446.3758244,5370.22
103819,2048,2606,2,1,1,2,1900,6900.3598579,8537.78
103820,9520,0,2,1,0,2,3380,736.00945337,8198.85
103821,4985,1137,3,1,0,3,1670,7470.9289264,7476.53
103822,7308,412,2,2,1,3,3150,2087.2225907,5711.59
103823,10468,7,5,1,0,2,1250,930.57489704,3329.05
103824,6240,765,2,1,1,2,2170,9471.5126696,12907.68
103825,11100,0,2,1,0,4,4950,595.64450776,9530.48
103826,3136,1523,1,5,1,2,720,4657.8689287,15879.08
103827,4196,953,2,5,1,1,3090,4466.4311064,18475.31
103828,2849,2007,5,5,1,1,480,7910.0617909,4625.18
103829,6525,571,2,5,0,3,2980,9599.5625574,24935.32
103830,959,3151,2,5,1,1,880,10605.754088,7757.94
103831,2878,1599,3,5,1,2,1400,6487.7533782,7981.77
103832,3469,1564,2,1,1,2,3500,3518.5411741,15054.93
103833,8470,447,2,2,1,2,1400,5508.9494103,11190.08
103834,5354,893,3,1,1,1,950,7783.6784805,1953.67
103835,2110,2183,4,1,1,1,650,9424.541187,6287.79
103836,1357,2747,2,5,1,2,990,9014.7530675,8943.78
103837,3370,1488,2,5,1,4,3700,4975.6820001,26268.18
103838,874,5362,2,5,1,5,850,8733.9320257,18744.08
103839,89,5090,5,-2,1,1,650,19716.409772,7741.6
103840,3964,820,2,5,1,1,840,8197.5206139,8927.94
103841,4553,1171,3,5,1,1,470,2014.9761725,10162.17
103842,5743,894,2,1,1,6,1170,5789.6730398,10047.41
103843,5038,991,2,1,1,2,4680,9677.1960498,6350.97
103844,6104,918,2,2,1,2,1400,8480.5281234,8622.45
103845,4450,343,2,5,0,3,2930,4700.6894648,33496.22
103846,3081,1821,1,5,0,2,1570,11648.271811,19651.09
103847,8853,407,1,5,1,2,720,965.05885211,24584.78
103848,4345,1065,2,5,1,5,1600,5067.1976353,35228.23
103849,7140,892,2,1,1,3,5000,5277.0955803,32567.6
103850,6995,928,2,1,1,2,3450,1480.1008918,14128.7
103851,3785,1179,2,5,1,2,2610,4286.0497732,14079.28
103852,8565,296,2,7,1,2,2300,985.86054091,5326.03
103853,5972,967,5,5,1,1,800,9023.0253482,2085.99
103854,4336,981,5,1,1,1,1080,9993.6846987,1628.83
103855,1177,1709,5,1,1,1,700,11872.420247,2312.43
103856,6419,809,2,1,1,2,4000,7801.4849677,11306.43
103857,4300,248,2,5,0,2,1800,5754.1005916,11374.6
103858,4144,1223,4,1,1,4,1050,1139.6257673,3176.45
103859,4708,889,2,5,1,1,3350,4211.4175198,15215.46
103860,6237,599,2,5,1,4,1870,2383.185305,12476.92
103861,1135,3626,2,1,1,2,640,11208.32432,9101.56
103862,4240,1379,2,1,1,5,3700,5580.7742999,13203.88
103863,6783,706,2,1,1,2,2560,4146.6292142,7226.08
103864,4485,1194,2,1,1,1,1800,8028.503489,11033.58
103865,4535,1199,3,1,1,3,1520,10836.322343,15599.83
103866,2840,1608,5,5,1,1,810,10690.223811,5826.49
103867,5309,1170,3,1,1,1,1630,4485.4125839,4095.88
103868,4288,1225,2,1,1,3,1280,6691.6581676,10148.11
103869,100,4865,2,-2,1,3,2270,13072.85945,15073.53
103870,5999,831,2,1,1,2,2300,4236.877345,13698.84
103871,3645,1471,4,5,1,6,1600,1722.3665382,12931.15
103872,792,3780,4,5,1,6,980,10692.620099,8195.68
103873,5604,908,2,1,1,5,2360,4602.0960302,14846.46
103874,2103,538,3,5,0,3,1100,7344.8853059,6450.09
103875,4667,1044,2,1,1,2,4450,2871.2465156,15319.62
103876,8673,664,5,5,1,1,1150,1222.7262412,4320.83
103877,5380,1295,2,1,1,4,2500,3886.366733,11056.09
103878,6943,820,2,7,1,1,1880,1310.9313654,6544.36
103879,1749,2296,2,5,1,2,1900,5169.6205675,15311.41
103880,5632,871,1,2,1,2,700,4362.995338,14230.47
103881,8265,512,2,5,1,4,2880,6845.8671152,10810.95
103882,3770,945,1,5,1,3,1120,8730.7780123,19781.85
103883,4258,1263,2,1,1,4,1870,8367.1787794,11613.69
103884,4208,1369,5,1,1,3,830,11434.761671,2248.93
103885,3598,1468,2,5,0,1,1670,4162.2802595,11216.06
103886,874,5362,4,5,0,4,1040,10806.44905,14196.2
103887,1215,2654,2,5,1,3,2100,5176.2206639,20623.71
103888,7343,105,3,1,1,1,1250,3788.2897447,3190.01
103889,5234,891,3,5,1,1,980,1756.7658593,6604.96
103890,4396,1236,1,5,1,4,1400,3195.8852945,15382.59
103891,2286,1838,2,1,1,5,1750,5212.0615747,28139.39
103892,3203,1455,5,5,1,4,1100,11102.632873,7620.26
103893,2815,1973,2,1,1,2,1500,7774.353312,16645.66
103894,6671,826,5,5,1,1,750,1354.3490204,5438.5
103895,2687,1695,2,5,1,4,5300,8606.9896896,39178.74
103896,862,1437,2,5,1,4,2120,8468.4310755,11223.81
103897,4292,382,5,5,1,1,970,6125.3338606,3536.55
103898,3181,1481,2,1,1,3,3130,8354.7418055,8681.93
103899,2689,1648,3,1,1,2,2900,4652.4269353,10628.2
103900,7096,1017,2,1,1,3,2400,1739.9476496,11202.59
103901,8297,584,1,1,1,2,980,1096.2892278,8844.09
103902,497,4437,2,5,1,6,3320,11142.966035,15653.69
103903,4288,1312,3,1,0,2,1770,7704.8806289,6518.13
103904,1765,4250,3,1,1,6,1450,2151.9566579,8542.73
103905,4227,1365,5,5,1,1,590,12575.162563,8340.51
103906,7217,860,2,1,1,1,2520,7511.8600101,8534.77
103907,4600,1086,4,1,1,1,1000,2378.9561025,12188.29
103908,3349,1635,2,1,1,4,1400,4565.5329881,8122.77
103909,6148,1118,2,2,1,1,1740,4039.1729276,4857.12
103910,6383,700,1,1,1,2,780,8604.2167881,9665.56
103911,8681,659,4,5,1,3,750,1053.8484575,10574.55
103912,14071,1,5,1,1,2,1000,1081.0072026,3672.73
103913,5276,930,2,3,1,2,2400,4699.063897,10803.72
103914,3144,1297,2,2,1,1,4800,9649.5093458,8691.63
103915,4439,1233,2,1,1,1,2370,7717.0144176,4665.22
103916,0,5063,2,1,0,4,800,1622.4997024,14089.99
103917,4814,1159,2,5,1,3,1780,12212.321527,23626.28
103918,3965,1516,2,5,1,2,1300,7505.7614892,15040.52
103919,2863,2010,2,1,1,1,2000,6797.4233585,12847.76
103920,4265,290,2,5,1,3,1460,12127.002789,25294.82
103921,5667,936,4,1,1,3,1050,8162.9746059,5456.55
103922,2632,1856,2,1,1,3,3500,5716.5357587,42906.81
103923,8279,0,2,3,0,4,3600,656.08762188,14792.94
103924,699,3585,5,-2,1,3,780,16244.178239,10972.66
103925,336,4423,5,5,1,2,810,16716.748568,7749.16
103926,8408,554,2,1,1,3,2500,1719.5712586,10299.14
103927,2417,1833,3,5,1,6,1900,7859.4466418,4768.22
103928,2669,1753,2,5,1,4,960,10859.614626,17606.33
103929,6159,1051,2,2,1,2,1180,4566.6981633,10694.82
103930,2768,2716,2,1,1,2,2090,4024.9630633,9237.88
103931,7684,366,2,5,1,1,1860,10416.201385,11746.91
103932,6443,978,2,1,1,2,770,4570.0979409,6586.0
103933,6267,439,5,5,1,2,750,10091.039564,3101.53
103934,8681,658,4,1,1,3,2000,1039.240389,9528.87
103935,5062,1307,3,1,1,2,3500,3410.4963797,6543.02
103936,6331,646,5,3,1,1,560,3711.0705905,4938.73
103937,2858,2034,2,1,1,2,900,6577.2037981,10591.22
103938,3367,1422,2,5,1,2,1770,5243.5902516,9301.6
103939,5989,804,2,1,1,3,1410,7665.8786757,6988.97
103940,2840,1617,5,5,1,4,990,12802.026539,7878.41
103941,7336,709,2,3,0,3,1750,983.04743931,5856.53
103942,6674,826,1,3,0,1,1120,6138.3050114,6336.75
103943,417,4137,2,5,1,4,2680,8797.893509,21185.62
103944,2565,2790,2,1,1,1,630,6049.1421027,2652.43
103945,6958,1029,5,5,1,1,750,2847.4704037,7839.11
103946,949,5173,3,5,1,2,1500,1933.9121257,19105.09
103947,3585,1465,2,5,1,1,2100,2153.8151092,10270.09
103948,597,3679,2,5,1,2,2100,12702.497841,24931.75
103949,4290,1226,5,5,0,2,660,7006.2670326,6027.74
103950,3580,1531,2,2,1,1,1410,2285.7992929,4909.08
103951,8686,654,2,1,1,2,1850,839.89562541,8991.24
103952,3392,1685,3,1,0,1,1200,1369.5942436,4465.55
103953,5116,1033,2,1,1,4,3980,4193.7742883,16048.23
103954,6486,555,4,5,0,1,1200,6781.6367229,7018.11
103955,419,3835,3,5,1,2,1050,10505.311346,6454.66
103956,11034,4,2,1,0,2,3520,955.93048171,4517.83
103957,4176,1206,5,5,1,2,590,9474.7681343,6195.3
103958,5131,1503,4,5,1,2,750,10968.988917,14521.5
103959,6790,752,2,1,1,3,2440,7040.4197714,21459.66
103960,7392,253,2,1,0,1,2500,2028.8974226,11591.02
103961,6007,740,2,1,1,2,1890,4911.2346861,4306.91
103962,1324,848,2,1,0,3,2850,10868.372063,5702.46
103963,6122,880,2,1,1,2,2700,5065.7737841,8300.84
103964,370,4322,2,5,1,5,970,13719.781884,19993.8
103965,2248,2472,2,1,1,2,1250,11675.967518,6740.6
103966,3199,1455,3,1,1,1,1470,5184.0535693,3348.33
103967,3418,1525,2,5,1,5,1200,4338.594556,12455.63
103968,600,4159,2,1,1,3,2300,10462.240753,17459.78
103969,5725,694,2,7,1,2,2800,4148.2374344,13508.14
103970,6148,798,2,1,1,2,1850,9276.0934645,4898.68
103971,594,3832,2,5,1,4,1000,9421.9514522,8677.75
103972,5843,914,2,1,1,3,2300,13956.573382,21029.02
103973,2491,1796,2,1,1,1,1800,10057.510608,6570.8
103974,1573,3046,1,5,1,2,2240,8439.1399459,20543.03
103975,5275,920,2,3,1,2,1580,4911.5069674,4560.11
103976,7053,641,2,1,1,2,5000,7881.3843165,6206.85
103977,4826,1158,2,5,1,4,3190,7247.1253001,28577.2
103978,6039,794,2,1,1,3,2700,6565.6867599,17688.31
103979,4985,1117,3,1,1,2,1070,3170.5459384,5556.22
103980,2859,2033,2,1,1,3,1500,3977.3163528,10785.24
103981,3118,1361,1,1,1,3,1300,10462.351153,11957.24
103982,7725,446,2,7,1,3,1460,2765.3228935,9221.25
103983,4753,1332,2,1,1,2,2570,8125.3808627,13165.0
103984,5647,794,5,5,0,4,860,9042.0623239,9778.08
103985,4236,296,2,1,1,2,4650,5853.4734673,9504.12
103986,3035,2387,2,1,1,2,5200,3324.7964945,10387.44
103987,2112,992,3,1,1,3,1720,5172.7973879,4097.95
103988,7089,889,2,1,1,1,1950,6508.9398835,6107.21
103989,3722,1175,2,1,1,1,3500,4722.9759803,10652.82
103990,1551,2505,2,-2,0,2,840,5679.6471368,13418.24
103991,1088,3350,3,1,1,4,2300,3014.7311321,17591.51
103992,5661,929,5,5,1,2,930,8964.4996426,5146.57
103993,3822,1530,2,1,1,2,7600,3677.2371225,21112.36
103994,3890,1237,2,1,1,4,2200,6881.2774167,12431.41
103995,4316,1301,5,1,1,2,1270,10169.260246,7564.35
103996,286,4030,5,5,1,3,1580,13841.384471,16388.57
103997,981,3029,2,5,1,1,1850,10080.712223,9809.48
103998,4224,1170,5,1,1,1,460,9537.0859277,6376.15
103999,5193,769,2,3,1,2,1880,1892.8705478,7421.44
104000,6657,832,2,1,1,6,4800,5389.3568938,7552.32
104001,7116,562,2,3,1,3,3000,886.52250724,15082.78
104002,101,4921,2,-2,1,2,5250,9267.4747097,44333.44
104003,4794,23,2,5,1,2,1450,4243.0023889,11034.52
104004,4859,241,2,1,1,2,3450,4935.3093118,9762.0
104005,8713,647,2,1,1,4,2180,783.55519418,10406.58
104006,3085,1804,2,5,0,2,3500,4879.7006795,16428.96
104007,4500,1227,2,1,1,1,2380,7288.3641563,10881.45
104008,3148,2128,3,1,1,3,1550,2720.0065883,12723.62
104009,8152,533,2,2,1,1,2940,6246.8030052,15265.97
104010,1255,2850,2,5,1,2,1000,13374.707798,15020.38
104011,6101,762,2,7,1,1,1500,10514.448514,4451.23
104012,778,3800,2,1,1,3,1900,8449.4330041,14649.1
104013,3636,1539,2,5,1,2,3000,5286.3451582,23432.39
104014,5697,513,2,5,1,2,1570,2939.1005102,19706.62
104015,7685,352,2,1,0,1,1150,1899.60626,7140.55
104016,4801,988,2,1,1,2,2700,2438.9749709,8971.1
104017,4882,1015,2,5,1,1,2660,8272.0538341,16956.41
104018,3402,1677,5,5,1,3,1100,1382.8682086,11974.2
104019,7152,895,2,1,1,2,2100,7119.9467036,6692.97
104020,3236,1728,2,1,1,4,4600,3487.4571485,36076.67
104021,4193,1353,4,1,1,2,1150,12586.453393,4765.68
104022,5745,955,2,1,1,2,2390,4683.9901514,6014.47
104023,3764,1437,1,5,1,2,1580,4305.8859354,14286.68
104024,2235,2239,2,5,0,1,1470,4883.165685,11646.64
104025,1106,3557,4,5,1,3,1300,10941.457881,9574.14
104026,7456,848,2,1,1,1,2700,5418.0058428,8935.67
104027,2517,1832,2,5,1,3,3270,5431.9032264,23872.29
104028,1099,916,2,1,0,1,1570,9773.1947172,3993.54
104029,1146,3382,2,1,0,5,2600,10942.219264,12863.0
104030,4441,1233,2,1,1,2,1460,3674.0035558,6503.65
104031,8003,245,2,1,0,3,2800,901.41525075,15854.57
104032,2782,2204,5,1,1,2,1150,15248.717403,6776.83
104033,4471,319,2,1,1,2,1600,4700.6894648,9218.06
104034,8043,294,2,7,1,2,3100,941.1299543,3238.45
104035,755,3608,3,1,1,1,1700,2306.7816555,15929.9
104036,8708,648,5,5,0,1,1000,1158.0260203,8170.89
104037,5948,966,2,1,0,1,2450,6981.2750551,6459.45
104038,6458,977,2,5,1,1,1200,5244.4830148,21077.33
104039,8690,653,5,-2,1,2,850,1622.051428,1629.3
104040,373,4318,4,5,1,3,1200,13114.857777,15193.48
104041,6158,745,2,1,1,4,2240,6362.8754165,5837.76
104042,5894,889,3,2,1,1,1450,2350.5028581,2313.44
104043,5355,930,2,3,1,3,3050,4156.9143463,14998.19
104044,4277,1134,2,1,1,5,2800,7767.4605275,13588.86
104045,1946,601,4,1,0,2,550,16757.747335,2265.22
104046,2823,1991,5,1,1,3,710,8934.7806704,11530.02
104047,3037,2385,2,1,1,2,2800,3362.58541,13697.18
104048,3822,949,2,5,1,2,1700,6884.6730252,9912.77
104049,4342,1235,2,3,1,2,2740,6187.4767578,8748.3
104050,4246,1111,5,5,1,1,650,6821.8298253,9155.52
104051,2551,1749,2,1,1,1,6650,7011.4472029,16060.09
104052,5494,1217,2,1,1,4,490,12880.597263,4496.07
104053,4162,993,2,5,1,3,2500,4550.732671,22794.64
104054,9477,37,2,2,0,2,2000,2533.3198131,12722.97
104055,1015,1199,5,5,1,5,1300,12415.294814,5477.6
104056,8224,514,2,2,1,4,2450,5854.7986154,9516.42
104057,3362,1645,2,5,1,5,1390,5027.2305553,16526.24
104058,4842,114,2,5,0,2,2000,5907.6287715,14136.08
104059,369,4361,5,1,0,1,1220,17003.563735,9045.67
104060,346,4409,3,5,1,2,980,8307.3902567,7356.05
104061,436,4091,2,5,1,2,1800,9348.8454497,16152.82
104062,1,3361,2,-2,1,7,3300,1455.4301995,4133.12
104063,0,5032,2,-2,0,4,500,2165.2463709,5525.07
104064,6574,705,2,1,1,3,2400,6362.8754165,7815.21
104065,2913,1625,2,1,1,3,6300,5838.8287239,15769.1
104066,3614,1461,2,5,1,2,800,4634.5235912,18095.82
104067,4634,1171,2,1,1,2,3400,3995.1865266,5677.76
104068,1092,2048,2,1,0,1,1800,10009.721188,1450.29
104069,900,1228,2,1,1,4,4010,12023.584602,6638.06
104070,1083,928,5,-2,0,4,720,18910.492365,2179.75
104071,891,3575,2,1,1,3,1900,8566.8224875,12502.8
104072,7006,405,2,3,1,2,2700,2246.0335613,5555.92
104073,4180,1289,2,5,1,5,2200,5454.3945417,22114.75
104074,2524,1856,2,1,1,2,600,4621.5870207,12219.48
104075,5847,840,2,2,1,2,2000,8294.9125314,18545.33
104076,5160,781,4,2,1,3,750,3074.2675249,7160.39
104077,3969,1470,1,5,1,3,650,8668.0403585,14330.14
104078,1402,2588,1,5,1,2,1260,5529.7596953,14957.17
104079,3051,1593,2,1,1,1,780,12156.822205,6320.76
104080,1178,2183,5,-2,1,1,400,13867.598277,3779.77
104081,4727,1393,2,1,1,2,1880,6239.1367481,14441.28
104082,3520,1464,2,3,1,2,2600,7981.1059815,7564.25
104083,5388,914,3,1,1,4,1400,2577.0741682,9390.53
104084,45,1294,5,-2,0,1,420,2092.4181704,2687.61
104085,5264,859,5,1,1,2,1200,7284.8534277,2131.73
104086,4576,1002,4,1,1,1,750,2627.5472714,3578.03
104087,3435,1616,3,5,1,1,1000,1899.604591,14192.1
104088,3399,1635,2,5,1,5,780,5974.7362727,25767.72
104089,4248,1311,4,1,1,3,500,14021.957887,4433.79
104090,5636,796,2,1,1,1,2000,5138.6350074,5733.56
104091,5446,1049,2,5,1,3,1800,4734.4035149,12277.04
104092,2171,1975,2,5,1,2,3500,7286.126203,15658.18
104093,4759,1391,2,1,1,1,3600,4364.5380281,7331.6
104094,4066,1374,2,5,1,1,5600,4875.7342114,31804.82
104095,6416,328,2,1,1,1,2360,6045.4124603,7576.84
104096,7031,548,2,7,1,5,3270,1068.9902377,13342.88
104097,4299,626,2,1,1,3,1200,4913.3724849,9700.92
104098,4412,354,2,1,1,5,1200,4697.8024112,9785.12
104099,4221,1323,3,1,1,3,1730,9527.4716276,3786.81
104100,5985,755,2,1,1,2,3450,8108.1522896,6341.91
104101,7786,644,2,1,1,5,2600,7196.6777163,9781.49
104102,1157,3368,2,1,1,3,1200,10460.613797,6108.12
104103,1859,2857,5,5,1,2,620,14939.18391,4934.57
104104,8685,655,5,1,1,3,1250,1372.9718131,8682.1
104105,5659,780,2,5,1,2,2600,3116.2768174,15905.82
104106,3809,1537,2,1,1,2,2800,4836.6529465,9695.9
104107,8677,661,3,5,1,1,2200,670.05645657,15541.2
104108,4545,1199,2,1,1,2,2700,6606.4294727,10226.99
104109,4269,1638,2,1,1,4,1600,7912.2444224,11426.34
104110,910,5262,2,1,1,4,1490,5105.7484985,8993.92
104111,4456,1253,5,5,1,3,650,11889.023397,10448.42
104112,5546,1211,5,5,1,4,900,11262.163348,10762.05
104113,3594,1419,5,5,1,2,960,7453.3044021,6994.29
104114,2477,1674,4,5,1,1,1050,11405.631045,7217.41
104115,2175,2712,2,5,1,4,1400,6356.2185078,17406.94
104116,8328,493,4,5,1,2,760,7263.9755705,8314.93
104117,5488,851,3,1,1,3,2760,3108.5748604,8434.34
104118,2208,2118,5,1,1,2,1440,11206.370932,7058.22
104119,5558,992,2,1,1,2,700,11587.248248,7782.65
104120,5350,1140,2,1,0,3,2200,8246.7914546,8021.48
104121,0,5050,4,-2,0,1,380,2242.477505,1777.29
104122,4391,228,2,5,1,2,1230,5604.5149725,21904.38
104123,2522,1782,5,1,1,1,800,10799.533227,4429.92
104124,6233,723,2,3,1,2,2460,3986.7593884,6359.86
104125,5601,873,2,1,1,2,1950,5792.7855412,16956.42
104126,3264,1708,2,1,1,5,3400,4220.8993716,15274.06
104127,4733,1341,2,1,1,3,2820,4596.6304468,4785.31
104128,2111,2131,2,1,1,1,800,12432.520591,10860.67
104129,6035,717,2,1,1,7,1900,4516.6004179,14260.83
104130,2412,1985,5,5,1,1,500,6259.5914441,5028.07
104131,3726,1467,5,1,1,1,860,1881.6489779,4337.28
104132,4462,1235,2,1,1,3,1380,8722.4180377,10018.76
104133,7070,33,2,1,0,2,1350,9551.0944741,7893.0
104134,5238,1517,2,1,1,1,1740,6564.4122256,3608.94
104135,4224,1290,2,5,1,2,2000,3227.8752514,22386.18
104136,4785,149,2,5,1,4,1150,5727.1046176,16538.41
104137,3602,1466,2,5,1,1,2000,6191.675828,17610.77
104138,2742,1900,2,5,1,2,1200,7541.4990461,16089.88
104139,1286,2997,2,2,1,2,3200,6266.7976937,24315.35
104140,3145,1486,2,1,1,2,2200,7369.7120868,13555.89
104141,2487,1741,2,1,1,2,1090,9393.8072326,11041.23
104142,6001,809,2,1,1,2,1800,12399.008222,12286.94
104143,5075,1561,2,5,1,2,1290,3898.9887605,11529.42
104144,2914,1506,2,1,1,5,8400,6760.6841175,32516.99
104145,5140,1178,5,1,1,1,600,12774.576403,3168.31
104146,4338,1177,2,2,1,1,2400,5218.4577052,11154.43
104147,4249,1372,5,5,1,1,900,9644.5735973,5249.89
104148,1165,2940,2,5,1,4,1470,6400.6331607,10015.03
104149,4163,1321,5,5,1,2,800,7118.3512503,6491.35
104150,5756,892,2,5,1,3,4000,4722.6650258,15484.16
104151,1453,1972,2,1,1,2,2700,10413.204724,7344.24
104152,5300,1357,2,1,1,1,3100,4929.7326551,8256.88
104153,6085,771,2,1,1,4,3200,7975.0445142,10453.48
104154,5130,1057,2,1,1,3,2500,7859.902023,12718.89
104155,993,2030,5,1,1,2,1200,12685.557286,5475.87
104156,3162,1741,2,1,1,2,1770,3267.4594162,8036.53
104157,2819,1993,2,2,1,6,6400,3321.6631018,40686.7
104158,6076,741,5,1,0,4,990,9430.535072,5635.91
104159,9740,392,2,2,1,1,1400,1085.8596967,9654.34
104160,7863,584,2,7,1,5,2570,1203.1693229,23254.42
104161,5022,905,2,1,1,5,2620,2447.9402362,20091.16
104162,5065,1060,5,5,1,1,710,3843.5465215,4438.63
104163,5692,682,2,1,1,2,2800,14881.578059,9693.01
104164,7080,164,2,2,0,2,2520,2355.0221714,11508.54
104165,4681,1133,3,1,1,2,1800,5860.8681168,6537.49
104166,5301,930,2,5,1,4,3600,3810.0097775,23798.33
104167,7736,725,3,1,1,1,1320,3909.5750208,2724.57
104168,4628,1152,2,5,1,2,3900,2922.2878235,26926.27
104169,5411,1035,2,3,1,3,2550,3585.938601,15500.45
104170,5862,878,5,2,1,2,1200,6211.9130744,4407.95
104171,3468,1640,5,5,1,3,2000,1579.9724445,14862.28
104172,3627,1464,2,5,1,4,1150,4132.8564969,17482.93
104173,5228,941,5,1,0,1,700,4578.5701692,5072.01
104174,4647,1145,5,5,1,5,760,6886.4488817,10174.24
104175,6132,1040,3,1,1,4,1700,2787.5305771,11678.15
104176,3375,1513,2,1,1,2,2070,7135.6254675,10858.43
104177,3816,1531,2,1,1,2,990,5339.0797585,16255.92
104178,4184,1343,3,1,1,5,2000,5562.1988406,6670.84
104179,1990,2233,2,1,1,2,1580,9615.8279904,7880.67
104180,4784,616,2,5,1,1,1300,7978.4894476,7205.29
104181,4327,245,2,1,0,4,2250,6873.971733,7270.39
104182,450,4040,5,-2,1,4,1200,18895.802295,7696.15
104183,1934,2748,2,5,1,1,930,11633.268038,11597.16
104184,5565,1125,3,1,1,1,1150,3166.8191422,6185.97
104185,5909,888,2,1,1,1,1800,12088.929939,7444.06
104186,6473,608,3,1,1,3,1200,2061.2441513,2308.65
104187,0,5042,4,-2,0,6,530,3001.6986041,10541.77
104188,4960,1246,2,1,1,1,2600,5444.0063211,6743.05
104189,8398,576,2,5,1,5,3650,859.41347373,31196.13
104190,954,3481,2,1,1,3,2700,10251.265372,12324.73
104191,1768,3430,2,5,1,3,1800,3903.1064347,18255.39
104192,5725,812,2,3,1,2,2020,3294.6288628,4474.86
104193,4409,1127,2,5,1,2,3700,3234.4550702,17684.38
104194,3572,1314,2,1,1,4,1950,7820.8725618,12976.18
104195,5145,818,2,3,1,2,4350,1881.9814048,7763.92
104196,7816,623,2,1,1,3,2700,6604.456979,10812.71
104197,1538,2509,5,5,0,1,500,13594.769054,11812.75
104198,4289,1345,2,1,1,2,1500,8028.503489,8837.63
104199,7206,874,2,1,1,2,2800,7269.3823242,11985.81
104200,2807,1608,2,5,1,2,4000,5460.9803324,15017.48
104201,5289,934,5,3,1,1,700,5928.3868229,4792.52
104202,1339,1733,1,1,1,5,1800,9014.386518,17193.75
104203,1873,2768,2,1,1,4,4650,6522.6074522,21350.45
104204,6348,736,4,5,1,4,650,13058.937333,8799.1
104205,6472,925,2,1,1,3,1770,5835.565813,16269.3
104206,1012,1048,5,5,1,2,900,12554.665903,3931.86
104207,5903,778,4,5,0,3,1250,9041.5578825,5974.42
104208,339,4944,1,5,1,1,1000,13640.96296,7971.42
104209,4727,1107,5,1,1,1,600,7313.3793638,3271.4
104210,1110,889,5,5,0,2,700,13607.438617,3127.98
104211,5971,866,2,1,1,1,1800,13209.609334,9611.68
104212,5205,935,4,1,0,2,1800,4659.7027603,2620.06
104213,5299,939,2,1,1,4,1500,4779.397221,8091.28
104214,2677,1857,2,5,1,1,2550,6133.8815224,10347.47
104215,5258,1179,2,1,1,2,2300,8657.2982576,10345.28
104216,4492,1052,1,5,1,1,2180,3925.9016365,21553.08
104217,2573,759,2,1,1,3,1400,9980.4508959,6805.91
104218,733,3573,2,5,1,1,1200,10652.922628,8465.36
104219,5455,1044,5,1,1,1,900,14816.74361,3030.5
104220,7120,539,2,3,1,7,1800,2943.3860102,2457.22
104221,2892,2279,5,5,1,3,850,17803.89296,12210.12
104222,8304,0,2,3,0,4,2250,771.44611124,13369.03
104223,4831,117,2,1,0,4,2340,5392.7264054,7018.97
104224,3785,1529,3,1,1,4,1200,5368.4718874,11716.42
104225,5315,897,2,1,1,2,2080,3672.797314,5735.92
104226,8007,670,2,1,1,2,6680,1114.0160201,20506.46
104227,2776,2004,2,1,1,1,1300,6226.9270388,10353.44
104228,803,3734,2,1,1,5,2180,11630.204009,15454.84
104229,5076,990,2,1,1,2,1630,5917.5187102,8231.97
104230,4257,922,1,99,1,2,1600,4706.3170048,10620.69
104231,3558,1551,2,5,1,3,2150,6873.2354452,17898.21
104232,4932,1103,1,5,1,3,1200,10136.238794,3426.37
104233,6395,770,4,1,1,1,750,13763.063398,4087.06
104234,7808,395,1,7,0,3,830,2806.4075819,11914.33
104235,8205,609,2,1,1,5,2700,1553.6598099,28642.48
104236,10546,2,2,1,0,4,2910,866.27775042,7173.19
104237,6330,776,3,1,1,2,1550,4482.8529059,14408.68
104238,6034,842,2,1,1,4,2040,8555.2547076,8220.94
104239,570,3959,2,-2,1,5,730,9531.8897914,6355.2
104240,5204,1122,2,1,1,1,1000,8905.6921609,4183.12
104241,1132,1623,2,1,1,2,1250,9120.6233397,7018.24
104242,2419,1852,3,1,1,4,1230,6942.3574314,16709.04
104243,5461,1036,2,1,1,2,3800,5505.4902642,12811.37
104244,1902,2773,2,5,1,4,1500,13130.251912,20427.9
104245,8032,87,2,2,1,3,2590,4603.1442674,8872.5
104246,6947,668,3,1,1,4,1700,995.3571164,5781.96
104247,6482,839,2,2,1,2,2590,11007.975248,10584.67
104248,7818,612,2,2,1,1,2250,7301.3482248,8957.51
104249,2732,2616,2,5,1,2,630,5863.1566809,13687.67
104250,5024,1110,3,1,1,1,1030,6136.0989732,2942.02
104251,6640,729,2,1,1,2,1500,3402.8900675,11127.07
104252,5289,690,2,5,1,1,640,6314.6122703,13855.23
104253,7101,400,2,1,1,2,2400,1975.1994036,5705.77
104254,3763,1710,2,1,1,2,630,4524.6656575,11204.06
104255,1834,2288,2,5,0,1,1200,7360.3938796,8338.92
104256,318,4342,3,5,1,2,1400,8451.5357191,7125.63
104257,6841,605,2,5,1,4,780,5254.0604943,2152.78
104258,5943,830,3,1,1,2,1380,3803.9809108,4311.85
104259,3732,1455,2,1,1,3,2500,2953.316353,11629.27
104260,0,4312,2,-2,1,2,1060,1462.4105788,7883.86
104261,6328,651,2,3,1,2,3000,2301.5655966,10398.89
104262,5925,920,2,7,1,3,6000,7902.0367142,9913.65
104263,7350,582,2,1,1,4,2550,5734.7203576,10729.13
104264,1377,1986,5,1,1,2,860,11925.939198,7439.81
104265,1942,2272,2,1,1,1,2550,5843.2345795,7606.51
104266,6218,1048,2,1,1,4,2060,3238.8679349,10239.8
104267,10607,1,2,1,0,1,1710,775.02264868,4043.59
104268,7875,219,1,7,1,2,2000,2212.2250643,5087.81
104269,2541,1783,2,1,1,1,1540,5994.0138068,3701.17
104270,3206,1587,2,5,1,2,2200,6733.8221228,15713.86
104271,703,3672,2,5,1,2,1850,10665.404492,18075.96
104272,5282,899,5,5,1,2,1100,6958.3292901,8334.14
104273,0,4948,5,-2,0,3,550,1875.2855218,3662.81
104274,7701,614,2,1,1,2,2200,5331.7875615,7782.06
104275,5625,1132,2,1,1,5,2100,6706.01531,19836.44
104276,1975,2259,2,5,1,4,6750,4575.1674807,22417.89
104277,1432,2647,2,5,0,3,1500,9667.0327298,17929.24
104278,4581,1180,2,3,1,2,2500,5224.3796604,5066.29
104279,5775,934,5,1,1,2,750,9720.5829216,2024.61
104280,4842,114,2,2,0,6,1500,5620.7191624,17518.48
104281,4300,1224,2,1,1,4,4000,2507.8961536,16688.85
104282,4145,1252,4,1,1,5,850,7323.1571911,3247.71
104283,5347,803,3,1,0,3,1200,3084.0430012,5523.23
104284,2259,301,2,5,0,1,990,15538.386199,1782.57
104285,3233,1802,5,5,1,2,1100,5749.9648782,4542.97
104286,8531,498,5,1,1,1,1100,10322.236324,2543.87
104287,1257,3025,2,5,1,3,2300,4811.7920237,22394.2
104288,891,5315,2,5,1,2,2760,5303.887206,26338.06
104289,5517,1053,2,1,1,2,1990,5140.4118621,9339.91
104290,2172,2501,5,5,1,3,1200,15287.280405,10970.12
104291,1303,854,2,1,1,3,3500,8905.8373198,13322.49
104292,1154,1481,2,-2,0,1,1400,10225.253788,1500.24
104293,1168,3138,2,5,1,6,3330,8244.840273,14098.86
104294,6640,954,2,1,1,1,1380,4746.2932716,2168.0
104295,7060,738,5,1,1,1,980,7836.0409329,7480.9
104296,879,5348,2,5,1,2,1780,4269.3279645,9733.31
104297,6911,616,2,1,1,3,1730,1023.8608406,14916.95
104298,3249,1837,3,5,1,2,1730,3225.1928279,8136.71
104299,4895,969,1,5,1,2,980,4256.7036333,16168.98
104300,7319,520,2,7,1,2,3130,11772.332427,11425.27
104301,6075,770,2,1,1,4,1600,8639.5647139,8173.21
104302,7331,440,3,1,0,6,1100,669.22749126,5595.19
104303,4462,1223,2,1,1,3,2400,6960.6183642,8300.72
104304,358,4148,2,5,1,1,1400,9212.5333793,5651.43
104305,2715,2034,1,-2,0,2,1790,5535.4374221,4879.49
104306,3413,1672,5,5,1,1,800,1452.7115866,6128.3
104307,6059,851,4,1,1,1,1000,11657.414138,1889.94
104308,4737,855,5,5,1,1,750,6982.8689107,4161.48
104309,5858,1269,2,1,1,2,3490,3286.0881734,15860.76
104310,5104,1158,4,1,0,4,950,9749.1440661,4676.24
104311,2283,2131,1,5,1,3,1400,5420.3214013,13932.91
104312,2274,908,2,1,0,1,1350,11507.70623,1687.8
104313,7196,615,4,5,0,1,1000,1608.3101971,3445.21
104314,5534,1160,2,1,1,5,3300,4118.7754481,7216.59
104315,781,3801,2,1,1,2,1600,10075.13201,22826.57
104316,2249,2070,2,1,1,3,480,11617.070599,7474.25
104317,5347,803,2,2,1,2,2200,3380.6014483,5831.68
104318,1790,4204,5,5,0,2,700,8361.7163293,7711.81
104319,5715,988,2,1,1,4,3000,6162.2162641,14548.73
104320,6545,707,5,1,1,2,1250,9267.2645187,9846.73
104321,4639,1123,2,2,1,3,4200,12300.197557,38007.28
104322,1782,4219,4,1,0,1,650,8267.0066497,4391.36
104323,1113,3319,2,1,1,5,1380,6988.2012248,6973.38
104324,4751,1312,5,5,0,4,650,10152.472836,4907.34
104325,5589,1191,2,1,1,4,2400,11017.521997,6326.11
104326,738,3655,2,5,1,2,1200,5627.6430883,8250.52
104327,5991,867,2,7,1,2,2600,5671.9725806,20272.06
104328,7871,414,1,1,1,4,980,2416.267274,7978.08
104329,2567,2788,2,1,1,2,1250,7151.650112,9639.59
104330,6429,873,2,2,1,1,4780,9474.4866422,9557.16
104331,317,4376,4,5,1,2,840,12274.549805,5926.42
104332,268,4375,2,5,1,5,1600,10314.35885,20747.28
104333,3331,1715,5,-2,1,1,730,1462.8050389,1954.78
104334,6892,722,2,2,1,2,3650,5496.5243609,8468.07
104335,1097,3593,2,5,1,2,1220,6883.0179449,17526.05
104336,3087,1635,5,5,1,3,1650,6780.8120068,14763.84
104337,4,2800,2,2,0,2,1200,1424.5641953,12527.75
104338,6835,640,2,3,1,2,2400,3522.4093412,6614.84
104339,431,3713,2,1,1,1,1560,9379.931479,6211.7
104340,5516,845,2,5,0,2,1370,6323.1193414,12821.59
104341,5012,215,5,1,1,2,1100,6439.324426,1841.92
104342,3771,1158,2,1,1,2,5600,3715.5673301,17317.11
104343,1448,2558,2,1,1,2,890,6187.0985473,10430.57
104344,4292,1119,2,1,1,2,4500,5746.5012277,11180.08
104345,6617,844,2,1,0,2,1850,860.91136272,5165.71
104346,2617,1744,4,5,1,3,1000,7351.3455582,10752.74
104347,10836,0,2,7,0,2,1000,718.10106132,6868.55
104348,2007,2730,2,1,1,2,2150,9434.4209483,13958.13
104349,10657,0,2,1,0,2,2250,645.07352779,7375.69
104350,10611,2,4,1,0,1,770,1428.1304481,1768.66
104351,2357,255,4,1,0,2,600,13466.75916,1806.54
104352,5286,1043,2,1,1,2,1780,7649.4252742,6279.19
104353,2042,2273,2,2,1,3,910,9031.3453277,7557.52
104354,5796,821,1,5,1,1,940,2749.9343557,14643.83
104355,5630,924,3,1,1,3,950,4076.3839233,8292.62
104356,4337,1206,2,1,1,2,4000,5694.4984889,12017.6
104357,4311,1326,2,1,1,3,1850,9700.0316367,9244.79
104358,5527,807,2,3,1,5,2640,3350.5202412,2031.18
104359,5543,1214,2,1,1,4,2040,9430.7678207,22571.94
104360,7320,349,2,3,0,2,2200,2267.6704508,3563.57
104361,3708,1430,2,1,1,1,1800,4210.9914878,15935.09
104362,4531,1149,2,1,1,2,2760,4136.4501155,11622.39
104363,4040,1287,2,5,1,2,3050,3390.8553598,37934.78
104364,5720,944,2,1,1,2,2870,5407.5492546,10432.38
104365,5338,900,3,1,1,1,1720,2350.5028581,2599.31
104366,7332,311,2,3,0,2,2410,2479.7606141,5259.75
104367,2412,1845,5,1,1,2,800,12045.359292,5394.15
104368,2758,1769,2,5,1,1,2690,4975.6820001,16221.76
104369,881,5343,5,5,1,4,880,8885.4503136,8162.09
104370,5013,769,1,5,0,4,680,4037.6959777,8009.51
104371,5663,1186,2,1,1,2,1640,3448.0534046,14595.21
104372,885,1401,3,1,1,3,1730,5356.628453,6741.34
104373,1698,2385,1,1,1,1,700,6539.3151544,8372.46
104374,1785,4215,5,1,1,2,1010,6864.4792449,6251.94
104375,4195,1362,5,1,0,1,700,12775.753752,2051.51
104376,2645,1811,1,5,0,3,560,11419.92464,9907.97
104377,2336,2845,2,1,1,3,2170,8775.1499734,18692.44
104378,8319,464,5,1,1,4,900,1327.4624572,6765.91
104379,5747,1142,2,1,1,2,2850,3688.4172699,13626.23
104380,4324,1599,1,1,0,2,1800,7691.6905325,6137.85
104381,3912,1446,3,1,1,3,2000,1421.4369516,4885.51
104382,6424,979,2,1,1,4,3200,5203.9332817,19011.23
104383,1026,3029,2,5,1,1,2400,5290.6007912,13630.75
104384,4391,1138,2,5,1,6,1060,4098.5610256,16791.63
104385,5287,985,2,5,1,6,4500,5459.122071,25802.96
104386,5840,707,2,5,1,2,1240,3711.5279296,5661.89
104387,5562,765,2,1,1,2,3230,10674.636147,15917.06
104388,3160,1602,2,5,1,2,3750,5077.3888279,14583.02
104389,6051,839,2,1,1,2,850,11498.360685,6864.38
104390,1220,2716,2,5,1,2,1580,4344.3228161,18304.4
104391,6186,776,2,3,1,3,2600,4548.5877832,5877.96
104392,1743,2553,1,2,1,3,600,15028.803464,9039.58
104393,2012,2647,5,5,1,1,1100,16553.238354,13749.69
104394,1001,3320,1,1,1,6,680,4996.847315,14552.52
104395,3408,1478,2,1,1,2,1790,6175.9222438,6131.73
104396,1143,3028,1,5,1,4,410,5294.4449616,16385.63
104397,4698,1126,5,1,1,1,780,10639.91336,1471.76
104398,4279,262,5,5,1,2,850,8616.2653688,4603.12
104399,2928,2000,2,1,1,3,3680,5303.8229555,13677.41
104400,1330,4090,5,5,1,1,660,9422.8859715,4749.28
104401,1482,2729,2,1,1,4,2300,9113.3855819,11537.56
104402,6032,793,2,1,1,1,2000,9087.8228501,5592.37
104403,4305,349,2,1,1,2,2400,3921.9994528,12935.13
104404,3841,1111,2,5,1,2,3750,4217.0181276,24283.14
104405,7015,447,1,1,1,2,1170,1911.6832449,8945.75
104406,874,5359,1,5,1,1,600,7503.9762634,8933.07
104407,3457,1603,2,1,1,1,1300,7407.2331497,6853.24
104408,10769,1,2,1,0,4,2100,756.96996404,11645.22
104409,5748,789,2,3,1,2,1600,6926.9025702,7897.58
104410,8729,68,5,5,0,2,580,2216.8817642,7891.93
104411,4450,1305,4,5,1,1,1000,10598.456735,14267.83
104412,4479,252,2,5,1,5,1100,5105.2360167,19498.04
104413,1334,2838,1,5,1,3,1120,5458.7869679,15785.23
104414,4649,1175,2,2,1,2,2850,6554.7364843,8543.01
104415,7342,306,2,2,1,2,6000,2559.0487017,8543.32
104416,2190,1676,2,5,1,3,1590,9878.364048,2741.76
104417,6695,798,2,1,1,2,1750,914.88489616,8768.08
104418,4966,1050,1,2,1,3,800,8762.6405693,7772.4
104419,1136,3626,2,1,1,4,2400,7591.7770822,12223.75
104420,3492,1592,2,1,1,2,1680,5360.1354469,10389.27
104421,4626,1184,2,1,1,1,1990,5417.3888878,9680.93
104422,3940,1487,2,1,1,2,1850,5740.9815516,7093.07
104423,4409,1127,5,5,1,2,1100,6482.4512704,8300.68
104424,1574,2694,2,5,1,4,2500,6859.246492,26360.64
104425,5673,773,3,1,1,4,750,3557.1465471,3463.96
104426,4204,307,2,1,0,1,1030,5991.1851556,4174.58
104427,4903,1092,4,5,1,3,820,12745.39985,13118.73
104428,6472,619,2,1,1,2,2200,4733.3540464,23322.67
104429,6302,641,2,3,1,4,2100,7292.7339697,37860.41
104430,432,3706,5,5,1,1,1700,13065.80735,6997.54
104431,3388,1520,4,5,1,3,1900,5959.5190185,14516.61
104432,2409,1802,2,1,1,3,3500,7495.6281983,9115.35
104433,5375,977,2,1,1,2,1260,11358.265323,7695.46
104434,3003,1669,4,5,0,1,530,15535.392087,3453.61
104435,3708,1628,2,1,1,1,830,5774.1204124,6720.71
104436,100,4876,2,-2,1,3,2600,8543.7496265,32556.57
104437,856,3304,2,5,1,1,1650,7170.8641865,7560.6
104438,5209,936,2,3,1,3,2010,5836.6010308,5509.27
104439,902,5286,2,5,1,1,3200,5004.4538666,14191.56
104440,6363,389,2,5,1,6,1600,5569.5919067,6902.97
104441,2891,1578,2,1,1,1,2300,7360.3493334,7315.31
104442,4812,1106,1,2,1,2,1090,13484.483176,9041.29
104443,4240,1154,2,1,1,4,3550,1102.9903024,15835.26
104444,6176,84,2,5,0,2,1700,5823.920122,12074.78
104445,1188,2136,5,1,1,5,1000,19214.20281,5431.0
104446,9168,277,2,7,1,1,500,5318.054267,10762.5
104447,4201,1372,5,5,1,2,780,10333.732545,6655.29
104448,4815,983,3,5,1,1,1130,6573.0002006,9819.11
104449,5226,920,2,1,1,5,2130,4739.7590484,9575.58
104450,6360,709,2,2,0,1,1700,2730.1979011,5208.43
104451,0,5069,2,-2,1,4,600,1665.9875221,5210.79
104452,2725,1595,5,1,1,2,850,14975.801768,8427.79
104453,5178,1033,2,3,1,3,1650,10241.013562,5799.78
104454,5373,731,1,3,1,2,1980,1960.9648634,10400.83
104455,4145,1428,5,5,1,1,900,4843.5790046,6249.57
104456,5258,1061,2,1,1,2,3400,5262.0162632,17731.17
104457,8067,298,2,5,1,4,3120,632.48301752,21825.12
104458,737,3655,2,5,1,5,2380,4164.6394206,19867.6
104459,5403,1037,2,3,1,1,2260,4280.1639785,4767.28
104460,10055,2,2,1,0,4,1900,781.61557705,6169.48
104461,3408,1314,2,5,1,5,6480,6776.9661456,21133.16
104462,7239,693,2,1,1,2,1800,2578.8705153,11125.08
104463,195,4517,2,-2,1,1,2000,10217.489153,10936.36
104464,2636,1759,5,5,0,5,1500,16155.683378,15617.38
104465,5065,1060,1,1,1,2,450,2393.7513146,3993.24
104466,7076,191,2,7,0,2,1300,5426.7349479,8344.64
104467,4990,962,2,1,0,4,1900,3899.9265323,6606.66
104468,4623,1079,2,3,1,6,2250,12055.967071,1167.76
104469,1955,2395,2,5,1,2,2880,7118.8814052,21257.95
104470,6137,749,4,1,1,3,1200,11567.964992,6084.63
104471,5410,833,2,1,1,4,4790,8411.6077236,10803.95
104472,5382,829,2,1,1,4,1650,4500.1742532,7590.75
104473,7620,861,2,5,1,2,2600,6216.9669776,15015.49
104474,4386,1161,3,5,1,3,2300,3023.4597322,24264.47
104475,7339,309,4,3,0,1,1000,3584.5518576,2450.59
104476,7486,352,2,1,1,1,1170,9852.4495182,8843.99
104477,2506,1821,2,5,1,4,2100,10251.206714,23298.2
104478,4366,1275,3,1,1,2,1100,11576.065183,7989.8
104479,6151,888,2,1,1,5,2520,4749.2894204,9502.07
104480,6635,655,3,1,1,2,1550,1737.1738909,6427.79
104481,83,964,2,-2,0,1,1000,1604.1961297,1398.57
104482,5693,887,2,2,1,1,1840,6330.3502552,5261.0
104483,5503,766,2,5,1,2,3700,6207.6613215,15766.81
104484,4410,1240,2,1,1,5,3880,5558.0459771,13285.36
104485,5879,1100,1,1,1,1,1000,3943.0035471,10082.25
104486,1764,4254,2,1,1,5,3800,3820.8792189,35394.94
104487,2243,2421,2,5,1,2,1900,11411.649195,23099.83
104488,6887,481,2,2,1,2,3300,7648.9871617,15353.43
104489,10913,1,2,3,0,7,1500,1318.0142104,9860.41
104490,4457,331,2,1,1,3,1160,5051.5807528,9805.35
104491,3328,1634,2,1,1,4,5250,4819.2285024,16819.52
104492,4550,1166,2,5,1,2,2240,2592.7443099,10676.6
104493,2115,2178,2,1,1,4,1520,5651.1522819,11874.99
104494,4474,1401,2,1,1,2,1200,7116.4596411,9023.4
104495,5961,944,2,1,1,2,2400,4619.5960077,7764.32
104496,1127,3479,2,5,1,6,3110,7748.8521754,19570.08
104497,3335,1713,4,1,1,2,800,1480.1265624,3033.84
104498,3686,1569,5,5,1,2,1200,10135.913531,9072.19
104499,1083,2977,2,1,1,5,1750,5366.5655903,15528.36
104500,1208,4606,3,1,1,3,1840,2286.7167623,8029.07
104501,5681,766,2,2,1,2,6000,2578.2601464,16459.62
104502,6196,1016,2,5,1,1,1400,3439.3846292,4851.96
104503,2585,2233,2,1,1,7,1450,11656.880155,11641.07
104504,5991,854,2,3,1,5,5700,3549.9590851,23071.4
104505,6571,715,2,1,1,3,2000,2755.225723,9772.27
104506,1088,2230,2,5,1,5,1880,8707.9822921,8439.97
104507,4407,374,2,5,1,2,2580,5593.3678954,13886.31
104508,612,4569,2,1,0,3,2350,11757.103081,22627.03
104509,2133,834,2,1,1,2,1750,8302.4863947,8214.52
104510,5961,996,4,1,1,3,1150,17407.115918,4957.6
104511,4329,1558,2,1,1,3,950,7551.2295109,9126.22
104512,1785,2535,2,5,0,1,1600,4678.5123327,14513.77
104513,5839,707,2,7,1,2,2100,4048.0085253,8112.15
104514,1959,2254,2,5,1,2,2050,4985.365771,11876.58
104515,5726,814,2,3,1,2,3750,4156.9143463,10596.99
104516,5011,959,2,2,1,2,4500,7834.9071735,16425.33
104517,95,4908,2,5,1,3,1800,15084.900919,19117.05
104518,1080,3375,2,1,1,4,4000,6700.6189147,17557.93
104519,6129,1079,2,1,1,6,2570,3524.9460349,9411.08
104520,4315,1197,5,1,1,2,960,10863.635002,4777.38
104521,5995,1005,2,1,1,5,3050,5011.0809496,22352.14
104522,1476,2593,2,5,1,1,1050,6938.1175853,6533.5
104523,1229,4577,3,5,1,1,1020,2830.2691968,9709.67
104524,7996,631,5,1,1,1,1000,1458.401416,1597.43
104525,2715,1631,2,1,1,4,2700,4890.4087968,12516.0
104526,4328,1302,3,1,1,4,2890,7725.837122,27211.37
104527,6307,1010,2,1,1,3,2700,3943.0353046,15085.08
104528,2076,931,2,1,1,4,2320,11878.210818,7849.79
104529,7167,599,2,3,0,7,3850,1660.7912996,5898.81
104530,955,3017,5,5,1,1,1200,13473.68807,7952.07
104531,4221,1169,5,5,1,1,810,1481.3175594,8963.9
104532,6031,791,4,5,1,2,1200,14449.312438,4986.56
104533,4619,1136,2,1,1,2,2000,7688.9580812,6400.87
104534,5065,1060,2,5,1,4,3600,1853.6232031,9655.01
104535,2137,1956,5,5,1,1,590,11083.726725,2053.82
104536,4903,130,2,1,0,4,1500,6687.4000238,6675.39
104537,5073,1055,2,1,1,4,4950,5038.7856533,15599.22
104538,6237,1016,2,1,1,2,3740,3221.8334677,10659.1
104539,5726,379,2,7,0,1,1400,4646.7195781,7337.82
104540,5632,871,2,1,0,3,1860,6425.5032632,6087.03
104541,2079,922,2,1,1,4,2000,11878.210818,5633.27
104542,6406,797,5,1,1,3,1300,3969.3986278,3538.52
104543,5510,749,2,5,1,6,1070,2032.5669627,21910.96
104544,1290,2902,2,5,1,1,2750,5325.9527382,18944.75
104545,6457,796,2,1,1,4,3000,5984.0071711,6808.74
104546,6839,500,3,1,1,2,700,1097.1361848,13755.04
104547,4771,995,2,5,1,2,2630,2064.9083762,15342.74
104548,6121,758,2,1,1,4,2170,6552.9643403,18011.69
104549,3686,1646,2,1,1,1,1100,3225.266089,6718.61
104550,1135,914,5,-2,1,1,350,18370.600604,3451.49
104551,5691,531,2,1,0,1,1400,7862.6555718,2495.71
104552,7167,885,2,1,1,5,3100,7154.284749,8688.33
104553,5637,1254,2,2,1,2,850,3846.3245085,7414.62
104554,7326,610,2,1,1,2,2100,6216.8030668,6635.71
104555,5807,1096,2,1,1,2,3500,2958.5687565,11446.64
104556,4918,925,2,1,1,5,2850,3764.9028653,7000.67
104557,6098,1185,2,1,1,2,2200,4146.8804413,15780.25
104558,3825,1684,2,1,1,1,1580,4717.3458264,4666.0
104559,1182,4649,2,1,1,2,2470,4356.2825032,25570.37
104560,4195,1015,4,5,1,3,1040,6034.2781811,11268.09
104561,8538,506,1,2,1,3,1010,7519.4390073,9673.04
104562,3965,1459,2,1,1,3,5580,4375.3329519,14286.09
104563,8165,559,4,1,1,2,900,1842.3843036,8524.46
104564,8611,389,2,5,1,2,900,900.70315142,23683.31
104565,4949,1033,2,1,1,2,5200,4868.4898789,12494.34
104566,7561,489,2,3,1,2,1800,10289.487254,8736.1
104567,6683,817,2,2,1,2,2200,819.61672813,6318.16
104568,3702,1439,2,5,1,2,2750,3416.0019816,28505.81
104569,6894,613,5,5,0,7,1490,9569.53679,7985.9
104570,5145,884,2,1,1,4,1400,4088.9925211,5694.79
104571,2091,1936,2,2,1,5,820,4677.3107435,17955.8
104572,5344,965,2,1,1,2,5200,6671.9157005,18832.07
104573,2198,2046,2,5,1,2,1850,9504.6604571,15298.09
104574,7153,894,3,1,1,1,1540,3642.6208608,8077.41
104575,2947,1808,2,2,1,2,1700,3787.8273612,10506.72
104576,6681,806,4,1,0,1,900,1511.9159464,2156.65
104577,3803,1328,2,5,1,1,780,3589.2915534,10837.63
104578,6932,716,2,7,1,3,2900,948.01474546,6861.69
104579,9146,256,2,2,1,1,1000,6195.0559058,3013.03
104580,1943,2301,1,5,1,3,1090,7220.7909492,20525.4
104581,2843,1605,5,5,1,2,1100,10701.11643,7589.82
104582,1422,2592,2,1,1,2,1050,5994.0138068,6302.24
104583,1856,2259,2,1,1,2,2010,7877.3915484,10992.27
104584,1287,2067,2,1,1,3,2630,7880.8050596,8219.89
104585,2498,2171,2,1,1,1,1850,6617.4174729,13098.62
104586,7332,314,2,2,1,1,680,2984.8451345,8131.99
104587,4286,1617,2,1,1,2,2280,4053.5890816,6843.04
104588,5933,1024,1,1,1,3,1200,5754.3786613,10889.42
104589,6188,1064,2,1,1,2,3800,2925.5768426,11140.49
104590,3953,1501,2,1,1,3,1770,4585.8901026,11051.12
104591,5835,1043,5,1,1,1,2400,13339.251233,2763.09
104592,2589,1688,4,1,1,1,1890,5833.8541608,7857.0
104593,5065,1060,2,1,1,1,1200,1982.3225462,9803.26
104594,5590,876,2,1,1,3,2550,1997.9897703,8803.83
104595,6262,718,2,1,1,1,2980,8092.0046459,5086.55
104596,2355,2195,3,5,1,2,1200,4234.6381434,11806.11
104597,4729,141,2,1,1,4,3430,5483.491247,10380.17
104598,332,4412,5,1,1,7,600,17261.854811,4475.23
104599,5646,975,2,1,1,3,2050,6015.7932234,8065.66
104600,5179,1032,2,5,1,2,1540,6613.6077529,1857.36
104601,7715,749,2,1,1,4,1650,5513.8868152,7474.74
104602,3177,1561,2,5,1,2,2100,7636.5088058,19679.37
104603,2450,1806,3,5,1,2,810,5850.4397893,11565.8
104604,7541,220,2,1,1,2,3260,2346.9983848,14399.42
104605,6280,734,4,1,0,1,1200,12290.511302,2676.52
104606,3962,1115,2,5,1,4,4200,4469.6688043,25216.29
104607,3592,1408,2,5,1,2,1500,3013.6534374,35387.28
104608,5913,886,3,1,1,2,1400,5433.7170096,9826.83
104609,1022,3158,2,5,1,3,1420,14188.993404,10558.39
104610,2465,743,2,5,0,4,1050,11805.369519,10941.5
104611,3152,2119,5,5,0,3,730,11215.949486,11335.1
104612,1337,3347,2,1,1,2,1100,7881.1566446,13388.37
104613,5058,1044,2,1,1,2,2330,9140.5375235,11953.74
104614,6193,733,2,5,1,2,2700,5815.9566818,8016.83
104615,5158,969,4,1,1,1,600,9793.1222709,2994.81
104616,4227,1546,2,1,1,3,1000,4764.9638783,11741.56
104617,7246,872,2,1,1,2,2500,5690.3778142,5038.77
104618,3118,1866,2,1,1,3,1180,4432.2372398,17516.81
104619,7756,496,2,7,0,6,2800,2765.3228935,13672.5
104620,4285,289,2,1,1,2,3000,6429.6821785,8286.7
104621,1667,2432,1,1,1,1,960,7712.5356209,11696.9
104622,5660,921,2,1,1,1,2500,4480.1336366,1881.33
104623,4566,177,2,1,0,3,5870,6757.4465073,15567.86
104624,4189,1337,4,1,1,2,800,11240.399501,3070.64
104625,6436,782,2,1,1,4,1600,3090.3428883,8113.57
104626,2180,1294,2,1,1,6,4200,8468.4310755,20614.28
104627,6635,973,2,5,1,5,3080,3745.6665853,31780.49
104628,8767,516,5,5,1,1,1100,1264.104191,5991.69
104629,4641,1147,2,1,1,3,2440,14258.105458,10022.73
104630,7999,284,2,7,1,2,2800,2495.1378435,4001.02
104631,947,3020,3,5,1,2,1100,8628.3914624,7189.89
104632,815,3450,2,1,1,3,1700,5430.4297182,16146.12
104633,6596,312,2,1,1,2,1900,2020.6119018,6841.23
104634,6549,718,2,1,1,5,2900,5297.8465789,10983.54
104635,5260,1092,5,1,1,4,1020,7483.522254,10284.25
104636,4858,1265,3,5,1,1,1950,2805.6754298,11752.51
104637,4863,1299,2,5,1,5,2000,5909.5724219,17492.91
104638,2122,2127,2,1,1,1,900,7764.699595,6803.84
104639,7154,875,2,1,1,3,2330,5742.9855558,7759.91
104640,5791,766,2,1,1,4,3600,3666.3284812,11336.66
104641,5964,953,2,1,1,2,1870,5460.7945122,7027.08
104642,4201,1359,5,1,1,1,350,13199.138946,3612.29
104643,6531,733,2,1,1,1,1870,2478.277291,4005.88
104644,7948,464,3,1,1,2,1620,577.31376624,7391.61
104645,4356,1202,5,5,1,2,1820,9566.4586703,2588.93
104646,1330,2626,2,5,0,5,480,7183.8676034,25787.77
104647,2284,2130,2,1,1,3,2100,6833.2949534,19043.59
104648,3961,1422,2,1,1,3,2100,4665.1207331,10685.72
104649,1852,2836,2,1,1,2,1300,8067.5585191,4252.64
104650,5114,756,3,2,0,7,9000,2095.8012398,28518.19
104651,6084,763,2,1,0,1,4200,8775.0940588,6038.28
104652,5949,964,3,1,1,1,1800,5249.0300437,2790.18
104653,6029,791,3,1,1,2,1400,2797.142919,4366.44
104654,6980,237,2,5,0,6,1610,2164.258473,17182.41
104655,411,4132,1,5,1,2,1290,16529.486464,5445.01
104656,90,5066,2,5,1,4,2200,9795.6830624,17951.09
104657,8487,434,2,5,1,7,2700,797.16602199,11211.72
104658,4425,414,5,5,1,3,900,6562.4628986,9812.09
104659,4214,1349,5,1,0,1,650,13332.813992,645.72
104660,5115,1012,2,1,1,1,3030,8794.7715653,9896.97
104661,2410,1841,5,5,1,1,640,12132.438455,6100.0
104662,6669,818,2,5,1,3,900,704.55342892,9853.05
104663,4782,250,2,1,1,3,2400,5925.6093651,13033.01
104664,1749,2296,5,-2,1,2,1200,5621.1765837,9059.79
104665,2459,1806,5,1,1,1,720,11560.307407,3072.07
104666,3707,976,2,5,1,3,1500,8891.734678,18153.9
104667,4196,1434,2,5,1,3,1000,6951.0920601,3565.07
104668,10783,1,2,1,0,4,2150,763.53758907,10629.48
104669,1055,1284,5,5,1,2,670,13762.512464,5354.42
104670,3331,1715,5,5,1,1,700,1462.8050389,4965.29
104671,6682,856,1,1,1,2,800,980.43806114,16680.5
104672,2148,809,2,5,0,2,600,8950.2123106,3798.06
104673,880,5346,5,5,1,1,820,6565.2390835,5589.56
104674,5356,1057,2,3,1,3,3450,3567.9676227,10209.48
104675,4947,1135,1,7,1,2,1400,3647.963269,13376.15
104676,5357,909,5,-2,0,2,440,6242.2695221,2552.21
104677,3684,749,2,3,1,2,1000,5149.0633383,10016.74
104678,2258,2251,2,5,1,3,2030,7337.7215037,17524.04
104679,7040,729,4,5,1,2,1100,8816.3345989,9514.3
104680,14044,19,2,5,0,1,1000,862.7570041,10310.32
104681,3814,1534,3,5,1,3,1730,4895.2205782,12288.57
104682,2710,1581,2,5,1,2,1750,5472.1996847,16443.48
104683,4574,1130,5,5,1,1,650,5061.1033603,6049.64
104684,6225,1024,2,1,1,3,2100,3432.341646,15114.71
104685,6798,738,2,1,1,5,1160,6543.6738646,12684.95
104686,1786,2534,2,5,1,7,3800,5755.6594655,22440.04
104687,3755,1520,5,5,1,2,1200,10389.686607,7589.53
104688,2216,1816,2,1,1,1,1500,10487.845934,6882.74
104689,4289,1282,5,1,1,1,720,7103.9221743,3845.73
104690,4744,1364,2,1,1,2,1150,5526.0849345,6453.16
104691,5648,913,2,1,1,7,1370,14410.251454,11481.08
104692,9370,250,2,1,0,2,2950,9562.3559849,4262.47
104693,6032,743,2,1,1,2,4600,4615.8989358,27857.4
104694,6725,713,5,-2,1,1,800,3082.5139582,7787.93
104695,4476,322,2,1,1,1,2500,4894.2785622,7933.58
104696,1119,2991,3,5,1,1,1600,6519.023616,7931.12
104697,2695,1626,2,1,1,2,3800,7421.6203319,20317.09
104698,6183,684,2,1,1,2,2000,2822.4183447,10131.54
104699,3764,1578,2,1,1,1,2700,3080.4124775,5900.39
104700,4530,1149,3,1,1,3,1190,2215.8901496,10971.44
104701,5524,1018,4,5,1,4,800,24087.63818,7841.49
104702,5399,971,2,5,1,2,1670,5216.6238835,22368.26
104703,1955,2191,2,2,1,1,1050,6767.2776889,6598.83
104704,2839,2005,5,5,1,1,710,9387.9006276,8584.16
104705,992,1048,5,-2,1,1,850,14782.631846,3021.21
104706,754,3612,3,5,1,2,1950,2604.8187801,14443.71
104707,7785,786,2,1,1,2,4800,1886.2006205,18466.61
104708,4192,1337,4,1,1,2,1100,13341.817677,1960.86
104709,5298,1252,2,1,1,5,3000,4822.4363029,15213.95
104710,4455,342,2,1,1,2,1500,4970.262019,7436.61
104711,3111,1728,2,1,1,2,1600,3468.8950433,10419.79
104712,2562,2095,2,5,1,1,1200,9010.3421749,6931.11
104713,6153,756,2,3,1,2,3750,3506.5129125,4714.74
104714,3853,1276,1,5,1,4,1600,2852.2496679,14319.04
104715,5199,946,5,5,1,1,700,4147.0954633,7348.08
104716,5199,951,2,3,1,4,2660,6906.5298574,10414.22
104717,1779,4222,2,1,1,1,1200,4488.3488504,17119.63
104718,1331,4088,1,1,1,2,1200,5793.0896003,9885.16
104719,2646,2278,2,5,1,3,1450,8469.4611327,19828.84
104720,7030,1043,2,1,1,2,4150,1424.8473194,9869.57
104721,4741,1107,3,1,1,2,1630,3731.375777,10997.85
104722,5419,895,3,1,1,2,1510,3532.8735665,9169.47
104723,3631,1437,2,5,0,1,2800,4360.2167044,21210.08
104724,8550,373,3,2,1,1,860,3573.2859648,7340.53
104725,6341,642,2,1,1,2,2550,1561.3282743,3742.08
104726,7216,880,2,1,0,2,3600,5543.9116484,10378.28
104727,6529,685,2,3,0,2,3030,2385.8004057,6479.43
104728,6289,762,2,1,0,3,2130,10546.809471,7977.44
104729,4681,1188,2,1,1,3,3400,5617.8533034,13305.3
104730,7795,603,2,2,1,2,2680,5964.595911,6821.58
104731,3667,1336,2,5,1,1,1450,4415.4790555,11578.92
104732,5983,808,3,1,1,2,1000,4897.398063,6252.1
104733,7044,436,5,5,0,1,1100,4074.454253,7339.57
104734,4746,1107,2,1,1,3,2560,5200.1643477,11584.37
104735,1999,528,2,1,0,3,1150,13627.679377,5103.42
104736,2983,1582,3,1,1,2,1400,6091.4358224,4389.21
104737,6210,778,4,1,0,2,1250,7263.738747,1758.81
104738,3744,1597,2,5,1,2,3500,5241.9536396,19075.27
104739,3401,1678,5,5,1,1,530,1202.971912,2132.14
104740,2078,492,3,1,0,1,1020,6388.430097,2501.24
104741,101,4878,5,5,1,5,1550,13530.562723,19967.07
104742,7073,558,4,3,1,2,1100,1880.5934984,4725.53
104743,3903,1377,5,5,1,1,470,2222.5031796,5750.94
104744,5640,644,2,1,1,2,1200,9329.4236855,2620.13
104745,7921,192,2,1,1,3,4390,2504.0901192,12237.74
104746,3183,1852,4,5,1,2,700,7958.5720749,13107.87
104747,3527,1625,3,5,0,4,1750,4977.8024872,8810.31
104748,875,5355,5,-2,1,1,730,7498.7681946,7683.82
104749,2679,1714,2,1,1,1,1390,9889.7490366,12916.85
104750,5818,807,2,1,1,3,1970,2144.6058455,15337.26
104751,3905,1376,5,5,1,5,970,1830.2710841,2749.35
104752,1110,3016,2,5,1,2,1750,9329.774448,18260.39
104753,8335,291,5,2,0,1,750,3804.977761,1986.68
104754,3465,1640,4,5,1,1,1100,1192.4244979,7272.65
104755,8080,398,2,1,1,3,1650,9781.742063,5795.0
104756,5723,951,2,1,1,1,1900,8185.5659998,9835.58
104757,576,3828,2,5,1,2,2990,8792.7387982,20275.34
104758,4766,1103,2,1,1,2,2160,9035.568857,13156.63
104759,2929,1863,2,5,1,4,1580,3711.8740853,17328.18
104760,876,5352,2,1,1,2,2650,4038.7261243,20684.89
104761,2424,1778,2,5,1,2,1100,5626.8567671,20585.66
104762,2612,1778,3,5,1,2,900,8270.4590656,7646.54
104763,5883,800,2,1,1,5,2200,6417.7914545,8480.48
104764,2321,1963,3,5,1,4,3750,8116.9304341,19610.51
104765,3299,1681,3,1,1,2,2480,1710.7339296,9928.7
104766,5638,974,2,1,1,2,3610,5803.2577519,17028.74
104767,2867,1622,1,5,1,3,1000,4602.7581307,18323.02
104768,2469,1802,5,1,1,2,720,16403.493606,2004.41
104769,3557,1545,2,5,1,3,1200,2897.0901542,13712.43
104770,5460,809,5,5,1,1,520,10311.951733,3732.92
104771,5520,1224,5,1,1,2,1420,13641.176474,7432.14
104772,1795,2285,2,5,1,6,2300,7037.2968858,23080.88
104773,877,3607,5,5,1,2,1200,16367.161353,10461.85
104774,3450,1851,2,1,1,4,1520,7317.1818721,17585.26
104775,5822,874,2,1,1,3,1440,4955.4502443,14000.68
104776,3331,1716,5,1,1,2,600,1481.3175594,5993.61
104777,191,4534,5,5,1,5,1750,16732.583549,15445.56
104778,5969,965,2,1,1,3,1800,3885.4471513,9120.7
104779,5281,692,1,5,0,2,780,4310.5583854,10408.29
104780,6388,992,2,2,1,1,2250,4302.1395292,7076.14
104781,3422,1667,5,1,1,2,1010,1464.6537756,11079.4
104782,14075,1,2,1,0,2,2800,776.02170426,10744.42
104783,5063,133,2,1,0,2,1800,6216.3817739,5413.03
104784,5053,131,1,5,1,2,840,6526.3328473,10749.26
104785,463,4125,2,-2,1,4,2210,11154.842404,22736.11
104786,2453,1809,2,1,1,4,1060,9275.2670304,8257.74
104787,2903,1696,4,5,1,3,950,5546.916225,11732.25
104788,2051,1946,2,1,1,2,1800,13283.372619,7495.36
104789,7539,538,4,5,0,1,750,10714.566018,5531.28
104790,5660,933,2,1,0,2,2400,5592.0782212,8311.59
104791,6317,851,2,1,0,2,1950,6167.1119175,10921.97
104792,5066,1057,2,1,1,1,2000,2384.043002,7756.25
104793,4221,1257,3,5,1,4,1400,2490.8310013,8810.76
104794,3022,1515,2,1,1,2,1850,5409.6882245,5295.55
104795,1795,2967,2,5,1,3,1100,9497.6609493,12595.55
104796,6517,573,1,1,1,1,1440,5307.4475422,1458.94
104797,6303,258,3,1,0,2,900,3589.0968703,3049.23
104798,4420,1459,2,1,1,2,1500,8840.8703576,10602.45
104799,976,3050,2,1,1,1,1760,8640.2531779,8048.37
104800,2315,2059,2,1,1,2,2700,4778.8111934,11030.16
104801,4552,295,2,1,1,4,2430,4970.262019,6607.5
104802,4205,1321,2,1,1,1,1060,8501.2053856,4167.39
104803,735,3665,2,5,1,2,1200,6379.3849346,11453.25
104804,3397,1522,2,5,1,1,2250,6333.268966,12927.08
104805,7329,381,2,1,0,2,4870,2083.9282959,4986.24
104806,3765,1523,3,1,1,3,2600,4974.5321868,15686.45
104807,5481,849,2,2,0,4,3050,14498.274805,13217.97
104808,4378,1271,3,5,1,1,1900,5379.2874967,8195.53
104809,1791,4202,3,1,1,1,2200,2436.9327139,7660.02
104810,5796,1018,2,1,1,4,3300,5210.0947072,7755.39
104811,5994,1106,5,1,1,2,1200,4984.7774039,4345.4
104812,10592,1,4,5,0,2,900,1157.1484013,3661.49
104813,6784,277,1,2,1,2,400,2278.6592607,4164.61
104814,5325,921,2,-2,0,1,3380,4080.6609044,5170.69
104815,3387,1501,3,5,1,1,1100,4300.7321738,6611.75
104816,5417,956,5,1,1,3,800,2742.5035128,2158.08
104817,4707,1064,3,1,1,3,1430,2640.7654537,7706.77
104818,4209,1336,3,1,1,2,2500,8328.9511831,11287.92
104819,1019,3284,4,5,1,4,530,6142.550388,18111.8
104820,4183,1272,2,1,1,3,3830,2908.6364783,9851.38
104821,2643,1761,2,5,1,4,3000,6338.9063807,25458.35
104822,2015,2640,2,1,1,1,1800,8451.1919381,16638.13
104823,3022,1507,2,5,1,4,2000,7021.7983186,18956.66
104824,1573,2706,2,1,1,2,890,6205.4177298,24664.7
104825,1818,4149,2,1,1,1,2000,4277.2945128,9851.83
104826,3202,1508,2,5,1,6,2000,5716.0161682,28509.88
104827,5123,1144,2,1,1,1,2880,6371.6713748,4438.78
104828,10920,0,2,1,0,2,2070,754.13554993,8528.17
104829,1770,4242,2,1,1,2,2850,3795.680398,12253.0
104830,1329,2625,2,1,1,1,1600,5719.042067,13901.32
104831,3307,1572,2,1,1,2,1100,6375.3869796,19656.37
104832,5606,803,2,1,1,6,4000,9654.7202279,19261.24
104833,2182,2052,2,1,1,3,4900,4969.0745264,13101.96
104834,5043,1601,2,5,1,3,1400,4442.7267585,10568.06
104835,4718,1135,5,1,1,1,750,23169.418258,1745.76
104836,5939,886,2,1,1,2,1600,4297.6710765,11192.86
104837,8000,629,1,2,1,2,1200,834.7462455,6605.58
104838,7429,268,5,5,1,2,850,3754.6141159,5126.58
104839,1796,2351,1,2,1,3,480,6672.6306305,12946.93
104840,9413,518,2,1,1,3,3100,898.58814794,21734.17
104841,381,3849,2,-2,1,3,1420,10439.113112,15720.92
104842,4246,1220,2,1,1,4,2400,6692.3844937,10904.91
104843,2005,2734,2,1,1,3,1460,7204.1485035,7174.54
104844,4150,1247,5,5,1,2,1300,8221.4887618,16708.29
104845,648,5043,2,5,1,2,1230,5175.5029006,17945.15
104846,4204,1357,5,5,1,1,350,9436.9447434,7800.49
104847,2451,1871,2,1,1,2,4000,6397.9529036,15055.33
104848,6325,974,2,1,1,3,2000,3196.2811163,12016.0
104849,5296,32,2,1,0,3,2400,5981.2195114,4778.87
104850,5301,910,2,3,1,2,940,7647.0577403,12239.29
104851,7118,407,5,5,1,1,790,3179.646818,7452.4
104852,5,3017,2,-2,0,2,2500,1305.065806,7541.47
104853,6183,790,5,1,1,2,1450,14866.932342,3442.28
104854,6797,433,2,1,1,3,2600,9125.5773379,13731.49
104855,7092,681,2,1,1,4,1970,7051.7951553,12789.72
104856,3629,1328,1,3,1,2,800,2731.849877,5968.2
104857,4395,1264,5,1,1,1,590,12439.690329,5488.34
104858,334,4318,3,5,1,2,1650,7578.6267985,12394.04
104859,4240,1359,5,1,1,1,500,10511.041639,1618.77
104860,6205,732,2,1,1,4,1400,6452.0248094,5382.97
104861,1692,1183,2,1,1,5,3190,8671.0831674,14388.69
104862,799,1777,2,-2,0,3,1500,9205.042548,3897.25
104863,4534,184,2,1,0,4,1980,4792.3601471,9905.87
104864,874,5362,2,5,0,5,4200,6991.7553317,20251.33
104865,2187,2476,5,5,1,3,900,13423.471386,5634.94
104866,5499,1105,2,1,1,4,3400,7349.4139638,9703.75
104867,7620,535,2,2,0,5,3750,12033.332505,7358.99
104868,4246,1305,2,3,1,3,3750,12082.754528,7197.19
104869,3344,1710,2,1,0,4,2880,6501.266653,8566.4
104870,2018,3344,3,1,1,2,2600,2812.7770541,10489.71
104871,2028,556,5,1,0,1,720,13541.458396,2065.06
104872,1236,2680,2,5,1,3,1100,4942.3237702,14221.64
104873,4468,1205,2,1,1,3,5700,5672.5182787,15437.77
104874,4459,1174,3,1,1,2,980,5882.0751048,6454.93
104875,1080,3007,2,5,1,1,600,7149.0842949,8830.78
104876,6502,766,5,1,1,1,530,11331.725312,2976.73
104877,4790,127,5,5,0,1,850,9524.4623822,9814.71
104878,7396,637,3,1,1,2,2630,3760.9166622,6673.77
104879,2824,1670,2,2,1,2,1450,7445.0297383,12270.17
104880,2875,1497,2,1,1,3,2550,9541.4933067,14383.15
104881,1883,2980,2,5,1,2,2000,10459.38936,7792.84
104882,2598,1986,2,5,0,7,2600,4270.8400981,10791.62
104883,2945,2003,2,1,1,2,3580,3765.227417,16823.05
104884,1281,3374,2,5,1,2,750,9700.1204295,7045.2
104885,2965,1539,2,1,1,2,2250,9064.4723262,10173.95
104886,4974,1013,2,1,1,2,1750,8040.7844759,7737.91
104887,1232,2980,2,5,1,2,1150,11660.763726,7179.82
104888,5885,863,2,3,1,3,3300,3334.2088406,20749.28
104889,4993,1057,2,5,1,2,3600,6036.3689382,17832.81
104890,4257,1334,3,1,1,2,800,6957.7712345,3512.97
104891,6711,716,2,1,1,2,3120,3360.6354119,7353.14
104892,7084,622,3,3,1,1,600,686.09304694,1058.02
104893,4552,1193,4,1,1,3,980,12362.211029,4239.9
104894,4164,1294,3,1,1,1,2250,2108.4660616,5589.39
104895,1985,1273,2,1,1,4,2030,9157.7031228,5785.53
104896,7998,630,2,1,1,2,1340,991.16861761,9520.34
104897,2632,1756,2,1,1,1,2860,9820.4932621,12033.45
104898,5679,884,2,1,1,6,2630,4745.098181,16846.72
104899,6165,777,2,1,1,4,2780,4768.526374,9523.05
104900,2423,1799,2,1,1,1,1620,9099.8569451,8327.36
104901,4717,1142,2,1,1,1,1930,4304.3483133,2714.19
104902,1086,2951,5,5,0,4,720,10581.568643,13201.13
104903,2074,2142,4,1,1,4,900,9782.5527188,7479.23
104904,5103,913,1,2,1,1,850,4999.9379468,4300.55
104905,4297,252,5,5,1,1,550,10770.811002,8967.86
104906,5981,821,4,1,1,1,420,8244.3116997,6009.59
104907,14088,0,2,7,0,5,1780,1028.3398547,11634.65
104908,10162,4,2,1,0,4,2200,721.28769359,4930.57
104909,10913,1,2,2,1,5,580,1398.2204795,4464.99
104910,4228,1539,2,2,1,3,1080,4768.1619679,4662.7
104911,3306,1316,2,7,1,2,1950,6565.7819361,12605.65
104912,6181,783,2,1,1,2,3230,8021.814376,6249.94
104913,5863,814,1,1,1,2,680,7625.3531439,2605.44
104914,4754,254,2,1,1,4,800,7044.6919188,5008.17
104915,1793,2519,2,1,1,1,3360,3673.7865614,6831.19
104916,5723,380,2,1,0,2,1450,4555.4184419,5702.58
104917,8583,313,2,2,0,1,800,2611.6724847,12221.81
104918,2210,1828,3,5,1,2,1000,6026.3825589,4686.67
104919,3656,1530,2,1,1,4,2350,1296.1058193,16293.67
104920,5465,885,3,5,1,4,790,4854.4335329,13059.67
104921,6200,946,3,1,0,2,700,2618.299989,2053.47
104922,169,4561,2,5,1,1,2880,12720.53673,30924.03
104923,6294,900,2,1,1,3,1400,1132.4144562,3500.22
104924,5445,906,3,3,1,1,1600,9985.6439905,15649.84
104925,7134,401,2,7,0,1,1600,3647.5223491,9646.68
104926,3909,1374,5,1,1,1,600,1722.9822735,3036.1
104927,5329,966,2,1,1,1,3000,12494.790613,9816.94
104928,6653,979,2,1,1,2,1440,3905.3250507,10550.43
104929,4208,1274,5,1,1,2,2000,9070.5784025,4794.56
104930,4380,1260,3,1,1,4,1070,5609.5885707,12663.22
104931,5492,900,2,1,1,4,9980,3391.8419899,28391.54
104932,6832,552,2,1,0,1,1550,1365.1172407,5636.98
104933,6323,790,2,5,1,1,2390,9534.0545132,10454.13
104934,10671,1,3,1,0,1,1100,517.32441767,2527.32
104935,6962,813,1,1,1,2,560,6277.0171077,10222.41
104936,868,1401,2,1,1,2,1700,9030.6863746,8946.23
104937,3370,1696,3,1,1,3,2500,912.32215539,15651.33
104938,5744,787,2,2,1,2,2210,4329.7049557,12819.81
104939,1258,2658,2,1,1,1,2540,3591.7111184,9721.0
104940,7113,893,2,1,1,1,960,6277.0665435,3234.42
104941,4533,1147,2,1,1,4,1300,4171.3880631,10135.21
104942,5906,890,5,5,1,4,960,6741.9307048,5321.75
104943,1228,1811,2,1,1,1,1570,10508.043133,5618.77
104944,874,5362,2,5,1,2,3000,4200.483892,11260.5
104945,5874,906,2,1,1,2,3000,4802.211485,9500.57
104946,2456,210,2,1,0,5,1100,8933.9843055,5733.31
104947,4539,1174,2,1,1,3,3000,3880.3572018,22814.59
104948,7838,611,4,5,1,3,1200,1084.7944307,8448.42
104949,5119,195,2,5,1,3,1900,5276.4131666,16733.1
104950,2083,3719,4,-2,1,2,850,8976.2253526,6116.57
104951,5182,590,2,2,1,2,3720,3048.7149735,5205.84
104952,3207,2004,2,1,1,2,3200,5777.9241025,13693.09
104953,2847,2175,2,1,1,2,2600,11630.957775,6218.24
104954,5637,942,2,1,0,1,1100,5879.2151228,2015.64
104955,4870,1137,2,3,1,4,2630,8582.4065056,34008.97
104956,5221,882,5,1,1,2,400,19367.128197,4109.66
104957,4417,1236,2,1,1,2,3750,4444.3489448,6198.67
104958,4893,1088,5,1,1,1,1100,12534.940322,1729.63
104959,4015,889,2,5,1,2,2500,4225.2669145,21719.13
104960,5175,936,2,1,1,3,1650,2985.332396,4297.74
104961,3569,1629,2,1,1,1,500,4200.1329591,5934.78
104962,7375,649,2,1,1,2,2800,5504.2315458,9728.08
104963,7341,306,1,3,1,5,1060,2585.5822953,10812.58
104964,5948,964,2,1,1,2,1700,8611.7414998,5588.02
104965,4189,1350,5,5,1,3,1000,7500.7608767,7615.81
104966,5688,891,2,2,1,2,2400,9138.486561,9330.38
104967,2408,1355,2,1,1,2,1800,6919.9778636,6259.4
104968,1065,3395,4,5,1,3,600,11566.170858,9715.32
104969,2175,1891,2,1,1,2,850,8501.8624551,8945.3
104970,4395,1465,2,1,1,2,2800,9960.2901225,6425.74
104971,5874,861,2,1,1,2,3310,5785.9475715,7858.56
104972,2042,2273,2,1,1,2,1560,7408.4312342,18980.26
104973,5012,1115,4,5,1,5,1600,15776.221702,3280.96
104974,4145,1380,2,1,1,2,1700,8165.8938244,6785.2
104975,5577,623,2,1,1,2,3100,3749.8126809,8486.87
104976,7412,393,2,3,1,3,2140,2165.5148131,6061.75
104977,4960,1162,2,1,1,5,5500,5218.4577052,18322.56
104978,107,4892,2,5,1,2,530,12295.83947,16307.69
104979,5213,967,2,5,1,4,1800,4003.3397252,20662.5
104980,5491,1057,3,1,0,2,1800,4250.4493236,4715.64
104981,6174,783,3,1,1,1,1900,4028.374642,4538.68
104982,5815,1027,2,1,1,4,4500,6194.0626358,12055.42
104983,6343,684,2,1,1,2,1350,11496.447432,4562.52
104984,2008,2580,2,2,0,3,1400,5960.8384089,11818.55
104985,4385,1107,2,5,1,3,2930,4067.8880227,31257.65
104986,5666,878,3,1,1,4,3670,3855.5369641,9616.49
104987,365,4120,2,-2,1,1,650,10454.5377,10106.9
104988,3362,1522,2,5,1,1,2000,5706.8322769,23278.73
104989,5780,1108,2,1,1,1,2500,4648.2271381,6153.27
104990,4190,1190,2,1,1,2,3300,3882.0116081,8191.88
104991,2110,2183,5,5,1,1,730,8922.2049291,4740.4
104992,5587,1081,5,1,1,1,700,10138.678692,5008.91
104993,1190,1712,5,1,1,5,1000,13682.617543,5546.93
104994,4818,752,1,5,1,3,2100,3425.2914288,17426.62
104995,7130,881,2,1,1,2,1370,7690.398709,6097.19
104996,6861,664,2,1,1,4,1800,5751.0035631,13701.14
104997,7404,691,5,1,1,2,580,8765.3273837,4139.06
104998,4390,347,5,5,1,1,600,7774.870411,5468.08
104999,4271,283,2,1,1,5,1700,5872.4289519,9878.84
105000,650,5033,4,5,1,2,530,15464.476007,4051.52
105001,5617,1146,3,1,1,2,3780,4315.6499668,10272.43
105002,6428,532,2,1,1,3,2490,4706.3175175,13462.01
105003,4275,1295,5,3,1,2,1000,10716.87361,8233.59
105004,0,4830,3,-2,1,2,1100,818.28729766,9108.73
105005,6102,762,2,7,1,4,7400,7714.9617811,13136.75
105006,4672,1134,3,1,1,1,1430,6745.5744385,6955.74
105007,7649,441,2,7,0,2,2630,7502.6790641,6798.61
105008,6076,603,2,1,1,4,3000,8802.9249638,21432.3
105009,6922,510,2,7,1,2,2500,2450.2144678,11689.27
105010,5876,771,2,1,0,6,980,7574.2459182,10758.78
105011,4064,1008,2,1,1,2,2400,5105.2360167,11240.65
105012,1115,3521,4,5,1,4,700,12085.21223,9033.85
105013,1233,2894,2,5,1,2,2550,9257.0470076,12524.86
105014,4767,250,1,7,1,1,650,8036.0687432,5797.55
105015,3350,1698,5,5,1,2,1800,10722.229399,13371.49
105016,4193,1348,5,1,0,3,1200,10230.774075,1435.13
105017,7067,165,2,1,1,2,3000,2047.6007851,10105.77
105018,4938,1170,3,1,1,3,860,4251.9316024,5421.26
105019,3219,1445,2,3,1,1,3000,8903.168277,10260.56
105020,4756,1319,2,1,1,6,1750,5498.1940938,12232.84
105021,6244,726,2,2,1,2,4600,9832.7065001,8109.42
105022,5571,857,4,1,1,3,1330,10097.986887,7401.39
105023,4408,1128,2,5,1,1,1200,4139.0835611,8492.65
105024,1067,3392,5,-2,1,1,710,16159.664513,9550.17
105025,4376,1260,3,5,1,1,1830,2786.7140944,10788.2
105026,6906,698,2,5,1,2,2700,1151.3218263,23176.17
105027,5057,1064,3,1,1,2,1700,4494.5919236,6295.85
105028,9047,326,2,7,1,2,2500,5919.2853844,10714.44
105029,1156,3313,2,5,1,3,1770,7661.0749015,16009.18
105030,3739,1600,2,5,1,6,3000,4211.4485051,18752.66
105031,3812,1536,3,1,1,1,1270,3704.4896354,3849.7
105032,4202,1339,5,1,1,1,550,11511.729245,1998.03
105033,2629,1852,4,5,1,2,1000,11582.759095,17812.49
105034,5961,774,5,7,1,4,1080,4045.8217927,5302.93
105035,1425,3142,2,5,1,2,1020,10901.594895,14848.88
105036,3656,1348,3,1,1,2,2150,4275.1582114,9455.83
105037,350,4912,4,5,1,2,450,12041.481845,5785.47
105038,5075,924,5,5,1,1,780,7053.1839284,5469.05
105039,1280,2687,2,5,1,2,1620,8907.3809591,13159.53
105040,2450,1807,2,1,1,4,5000,8775.0538536,20129.36
105041,7099,893,2,1,1,2,1700,7487.94861,5977.31
105042,4768,1157,2,5,1,6,1930,6323.3758232,20262.64
105043,1509,3799,2,5,1,1,1400,3650.6518625,5303.21
105044,5723,380,2,1,1,3,1300,4555.4184419,6023.36
105045,0,5014,3,-2,1,3,1080,972.77255343,8059.35
105046,5075,924,2,7,0,1,2180,2907.0786367,4598.69
105047,309,4369,1,-2,1,1,840,13024.756717,10723.66
105048,1257,1819,5,1,1,3,610,15396.331881,6374.81
105049,5065,1060,3,1,1,2,1410,1834.5444465,5486.69
105050,5007,1097,3,5,1,1,1550,4267.2875245,9408.08
105051,625,3709,2,-2,1,4,1550,11157.687916,17618.3
105052,6822,538,2,1,1,2,4850,11466.31952,7344.25
105053,151,4564,2,5,1,3,1800,12283.494649,21451.98
105054,5282,895,4,1,1,1,820,7084.2941256,3896.04
105055,1256,2882,2,5,0,2,2000,10244.257696,16973.56
105056,3905,1216,2,5,1,2,1200,3052.2363418,8818.61
105057,1690,2317,2,5,1,2,2500,6911.7481489,16668.82
105058,8742,67,4,1,0,2,600,1564.9705687,2713.01
105059,2244,2418,3,5,1,2,990,3562.0149293,9273.91
105060,0,4959,2,-2,1,2,1500,1573.2634005,7349.78
105061,6457,835,1,2,1,2,1560,11172.139894,6322.6
105062,5294,922,2,1,1,4,5350,4538.1790615,8835.05
105063,5228,940,2,1,1,2,2130,6506.2795995,12638.3
105064,1332,4086,5,5,1,4,780,8877.7589787,14358.74
105065,7674,428,3,2,0,1,1950,627.67197653,4123.39
105066,4182,1272,2,1,1,3,2400,2893.5393599,10194.15
105067,3594,1415,2,1,1,2,2480,3789.8313511,11145.8
105068,5521,845,2,3,1,2,2000,5396.0859602,5732.51
105069,1286,2997,3,5,1,4,1950,4469.3279823,13694.22
105070,5667,945,2,7,1,4,1200,7359.5831734,9609.14
105071,7106,986,2,1,1,2,2580,1486.1215783,15267.11
105072,1726,2458,2,5,1,2,750,5797.5457013,5878.92
105073,7145,877,5,1,1,2,1000,10063.644867,3007.83
105074,1010,1295,4,5,0,2,700,16611.168017,2691.11
105075,2952,1812,2,2,1,2,1800,7360.2709183,23221.82
105076,4833,240,2,5,1,2,1800,6350.1497899,17851.43
105077,8259,514,2,1,1,2,3800,6775.9924698,5563.64
105078,5438,805,2,3,1,1,2250,4167.8363898,7838.09
105079,7071,405,2,3,1,2,1880,2149.1843023,3714.65
105080,2233,655,2,1,1,2,2000,11056.771069,8151.45
105081,7174,862,2,1,1,1,1930,7209.4034772,4141.76
105082,5139,782,2,3,1,2,3760,1722.4846999,8446.08
105083,5166,1345,5,5,1,4,700,10067.128958,9457.72
105084,874,5362,2,1,1,1,960,6193.725632,7769.99
105085,6257,732,2,7,1,4,3300,2530.004356,7190.83
105086,4186,1272,2,5,1,5,2570,2326.3365305,29135.03
105087,3815,1533,3,1,1,4,2020,4469.1710501,7427.5
105088,1355,4046,5,-2,1,2,1100,11066.816282,13006.79
105089,5559,938,2,5,1,2,3300,4714.7183426,13537.06
105090,1106,3541,2,5,1,3,1900,10312.471832,15902.88
105091,5977,600,2,3,1,3,3440,5797.1152882,14711.43
105092,6054,759,3,1,1,2,1200,5151.5583898,5771.59
105093,10591,1,4,1,0,2,1730,1133.4004992,3867.68
105094,4216,421,2,5,1,4,2290,5707.9231672,23643.24
105095,3579,1538,2,5,1,2,2900,2030.5765728,16779.18
105096,0,5050,2,-2,1,4,2800,1592.9713979,8092.08
105097,5796,1335,5,1,1,2,750,8896.2232905,5700.54
105098,4928,1169,3,1,1,1,1860,4365.8275483,5911.35
105099,8168,66,2,1,1,3,2800,1032.9660615,10579.56
105100,3037,1586,1,5,1,4,1500,9629.3433049,20886.1
105101,0,5032,2,-2,1,2,1500,1302.3899967,11400.39
105102,3843,1280,3,5,1,5,1190,4561.9306496,17390.73
105103,4930,870,2,3,1,2,2350,5324.8570553,15864.92
105104,4225,412,2,1,1,4,3200,6111.6829055,16523.88
105105,1464,3870,2,1,1,4,2700,5970.890199,17824.92
105106,7208,885,3,1,1,3,1700,3568.77745,7151.77
105107,4110,1249,5,5,1,1,660,10162.638784,9612.05
105108,6430,833,2,2,1,2,1500,5203.9332817,8139.96
105109,10810,1,3,1,0,2,1950,482.27057073,2938.18
105110,7327,865,2,1,1,2,2400,1923.1903391,9665.46
105111,1107,3552,2,1,1,2,1740,9121.2930226,12136.9
105112,2111,2174,5,5,1,1,1000,9606.6531681,10689.02
105113,4358,1286,4,1,1,1,800,9894.5247684,2238.88
105114,4394,346,5,5,1,1,800,7349.2936718,3154.63
105115,8120,643,2,2,1,2,3350,1583.1837784,17766.16
105116,4279,1106,2,5,1,4,2050,6545.4316474,16062.54
105117,4501,1116,2,1,1,1,1200,5273.1415266,6174.73
105118,1054,1200,2,-2,0,4,680,17549.494201,1949.23
105119,6072,771,3,1,1,4,1650,4252.9239012,12842.59
105120,4663,1117,2,1,1,3,2000,6409.5261985,19144.23
105121,7095,1031,2,2,1,5,2850,1763.7556507,21151.97
105122,4219,1230,2,5,1,2,4250,4931.9601081,21093.27
105123,5988,954,5,1,1,1,800,14490.014914,2688.24
105124,1954,2294,3,5,1,1,1100,3445.3751686,4954.45
105125,4211,1177,3,1,1,3,1750,912.42753191,8115.55
105126,4199,1351,5,5,1,4,1500,7172.441012,8058.02
105127,5338,1018,2,5,1,4,2800,4635.4293405,27274.98
105128,6935,538,2,2,1,2,3150,2390.0390346,11634.83
105129,5213,1319,2,2,0,1,1380,4656.608395,1639.78
105130,3290,1335,2,5,1,1,1350,8783.0448504,6403.87
105131,5921,702,2,3,1,2,3220,3887.5575305,6948.21
105132,10546,2,4,5,0,1,600,1094.8224647,1007.44
105133,2598,1880,2,2,1,7,4750,5122.6640583,25226.42
105134,3500,1581,2,1,1,2,3200,6680.485213,10480.77
105135,6702,983,2,1,1,3,820,1636.4871608,8107.66
105136,4408,1128,4,1,1,2,1040,3325.0510641,7227.58
105137,5811,1093,3,1,1,3,2760,1962.9435942,11121.38
105138,6665,828,4,3,1,1,1350,8154.134114,18551.13
105139,3841,1513,2,1,1,3,2600,4749.5980249,9604.36
105140,5060,1166,2,1,1,2,4800,3746.9298577,8518.1
105141,5274,89,2,5,0,5,3200,7078.45425,30896.87
105142,3448,1599,2,1,1,2,2270,4910.4972035,8826.86
105143,1083,3165,2,5,1,1,1200,12102.360393,17917.5
105144,5453,986,2,2,1,2,2100,13427.090278,19323.69
105145,2736,687,2,1,1,2,3400,8738.0637285,6155.71
105146,10822,1,3,1,0,4,2200,482.27057073,5294.62
105147,3812,1246,1,3,1,2,1600,7784.1885675,13473.97
105148,7200,655,2,1,1,1,6170,7053.8323837,26009.04
105149,7031,1043,2,1,1,3,2660,1424.4277307,11213.03
105150,10609,1,2,1,0,2,1940,747.05365258,20200.2
105151,8684,655,2,1,1,3,4450,752.20769687,13038.69
105152,3132,1412,2,5,1,1,5050,7269.2757493,35635.14
105153,5510,768,3,1,1,2,1300,8091.3725941,17093.88
105154,2098,1989,5,1,0,2,750,14969.777388,1487.04
105155,7433,517,2,1,1,2,2000,11936.80836,5653.73
105156,4944,1168,2,1,1,4,3640,5593.8436774,13560.0
105157,1255,2119,2,1,1,2,2500,9032.0388917,7898.57
105158,1137,2990,3,5,1,3,950,2113.7902871,12967.72
105159,1601,2499,1,5,1,1,1340,13039.487448,9383.87
105160,2187,327,2,1,0,2,1390,11606.936429,6934.95
105161,4272,266,5,5,1,1,710,7830.7101358,12757.79
105162,4717,914,5,5,1,1,580,3672.92017,3341.4
105163,690,3371,2,5,1,2,2370,9605.71243,9617.4
105164,3903,1383,2,1,1,1,2560,6086.3019429,16895.83
105165,4744,1249,2,5,1,5,4000,6693.2337619,17891.34
105166,5893,980,3,1,1,2,1890,4108.6379451,7401.05
105167,6821,616,2,1,1,1,2010,7038.1913509,4897.22
105168,1152,3594,2,1,1,2,2050,6958.5593291,12381.41
105169,3045,1585,2,1,1,3,900,9096.7267961,9755.09
105170,5491,1234,5,7,0,2,1380,13852.152598,3849.09
105171,4607,1168,4,5,1,4,650,8769.4049448,2304.1
105172,2271,2853,2,5,0,3,1850,9703.6679805,28903.45
105173,9016,446,2,2,1,3,3080,7211.5081943,12013.57
105174,4465,1308,2,2,1,1,600,7893.0350867,6938.45
105175,1160,3367,2,1,1,5,1170,11398.113414,6405.86
105176,4780,1040,2,1,1,1,2480,6087.2648484,6951.64
105177,5005,1064,2,1,1,2,2200,4232.8180593,11530.19
105178,4519,1301,2,2,1,2,1800,7058.4512546,11424.91
105179,2111,870,2,-2,0,2,1900,9137.774735,2075.76
105180,5390,844,2,1,1,1,2000,13453.655498,7816.49
105181,3446,1492,2,5,1,2,1300,4862.2515299,21148.92
105182,6024,889,5,1,1,4,1050,9440.7015966,4782.96
105183,5007,1435,2,1,1,1,1600,4476.5268035,2536.25
105184,4745,1025,3,1,1,3,2200,3331.5102035,19116.86
105185,3637,1341,2,5,1,2,1400,4286.0497732,21395.18
105186,375,3817,2,5,1,2,1090,10505.892734,14511.3
105187,1550,2482,1,5,1,4,1120,5803.7284894,19371.3
105188,8024,591,2,1,1,2,2410,5368.5447035,5671.91
105189,1767,4247,2,1,1,3,1570,5911.9681561,16786.08
105190,0,3993,4,-2,0,2,980,2052.8503222,3816.49
105191,10632,1,2,1,0,1,2400,698.86371774,6599.73
105192,6093,762,2,3,1,7,3130,3777.4889686,17853.58
105193,5643,954,2,1,1,1,2080,9283.9312432,5338.72
105194,8538,596,2,2,1,3,3050,970.35529644,7493.23
105195,5065,1060,2,1,1,2,1050,2014.197354,7606.7
105196,7700,464,2,3,1,3,2300,1063.8147882,9994.9
105197,8717,645,5,5,1,2,900,1339.0065764,3932.58
105198,4485,1164,5,1,1,3,850,12224.971844,6547.55
105199,3610,1231,2,5,1,2,2630,5699.7564793,22893.34
105200,4954,1137,2,1,1,1,800,7900.5812659,1847.66
105201,3332,1715,5,1,1,2,650,2030.7584923,2976.31
105202,7857,406,2,7,0,3,3600,3221.3326778,4041.01
105203,7196,576,2,3,1,2,4800,971.10159529,4460.94
105204,3828,1213,4,5,1,1,650,7962.9379647,6930.11
105205,6365,661,2,5,1,6,3400,10547.024918,55262.02
105206,1433,2764,2,1,1,1,1990,4722.9747908,12169.08
105207,4185,1357,5,5,1,2,640,7147.5855137,6984.04
105208,2708,1665,2,5,1,3,1000,5679.4777261,17472.63
105209,1117,3479,2,1,1,2,850,12435.491208,5525.85
105210,1245,1320,5,5,1,1,650,15015.229818,1422.54
105211,1492,2059,2,1,1,2,2100,10325.807506,2473.86
105212,2406,1909,2,1,0,1,1390,13302.930308,9291.27
105213,1298,2904,5,5,1,1,900,8270.6809671,2364.13
105214,1089,910,5,5,0,1,820,12753.207654,3321.19
105215,1870,1253,2,5,1,5,2080,7816.514165,12800.99
105216,6938,626,2,1,1,1,1530,1432.0768515,3080.61
105217,4287,1603,4,1,1,2,800,9607.7882579,6528.99
105218,7543,539,4,1,1,1,750,13704.074291,2743.47
105219,8014,618,2,1,1,2,4050,721.81631307,10230.05
105220,6743,743,2,1,1,2,2800,4044.5060651,7706.58
105221,4904,1089,2,5,1,3,2310,9760.7029331,11090.03
105222,3058,1589,2,1,1,1,2500,3654.0177067,5978.24
105223,5697,513,2,1,1,2,2480,2972.649515,19357.49
105224,4213,1199,5,1,1,1,1600,11374.292857,3896.24
105225,2958,1814,2,1,1,1,4650,3927.5703868,26047.18
105226,2846,1698,2,1,1,2,2350,6363.8047806,9031.99
105227,3569,1573,2,5,1,5,540,5259.0607919,14305.04
105228,4423,1241,5,1,1,3,850,9948.3018941,10430.89
105229,3743,723,1,5,1,1,1570,4740.5432816,7004.38
105230,5220,943,2,3,1,1,3410,2538.594091,9214.68
105231,5501,1232,5,1,1,1,1200,10270.109106,3140.62
105232,6134,1044,2,1,1,2,1700,7155.6958012,15401.59
105233,3562,1959,2,1,1,1,3600,4796.1576527,10831.93
105234,5756,944,2,1,1,5,2450,8836.2126624,10744.7
105235,3947,1414,2,1,1,2,4350,3755.3425463,7877.36
105236,2165,252,5,5,1,1,770,14865.354274,2944.34
105237,888,5323,2,5,1,3,3200,6991.7553317,29334.09
105238,4855,1020,2,5,1,4,2500,5522.1715834,11714.66
105239,3135,2163,2,1,1,2,1270,5542.2094178,8898.68
105240,5855,837,2,1,1,2,4010,4371.006802,8547.31
105241,6965,795,2,5,1,3,3710,8262.3884785,18516.23
105242,2260,679,2,1,0,2,2200,9043.0363054,9040.89
105243,4509,328,2,7,0,3,2460,5539.2445189,5979.86
105244,8593,567,2,1,1,2,2060,859.75346194,10261.38
105245,798,3472,2,5,1,2,1200,12265.211569,20914.11
105246,2321,2121,5,1,1,1,950,7474.341933,4719.35
105247,4761,11,2,7,0,1,600,5867.8824334,3624.48
105248,5380,889,2,2,1,7,3500,4873.2515349,11938.99
105249,4409,1127,2,1,1,1,1200,4475.7409624,3997.3
105250,6905,698,5,5,0,3,760,2086.1408762,5207.71
105251,2145,1916,2,1,1,4,6100,9029.2243416,14185.91
105252,2022,2699,2,1,1,2,3000,9947.4136081,12321.3
105253,4245,1313,5,5,1,2,1200,10701.421218,7610.35
105254,6976,437,2,3,1,3,1500,2569.1268973,6187.54
105255,2336,1974,5,5,1,4,780,14125.029785,12789.37
105256,204,4474,2,-2,1,7,900,12323.163651,18548.85
105257,4144,941,2,5,1,3,2270,6297.024761,18126.09
105258,1167,968,2,1,1,2,2200,10322.544095,11619.11
105259,6943,560,2,2,1,6,3500,996.30431572,15979.48
105260,2139,1960,2,1,1,4,2550,9297.1300455,19132.0
105261,424,4742,2,5,1,1,1440,11829.748772,10255.02
105262,2281,548,5,5,0,4,1350,13363.149715,7097.76
105263,1118,2951,2,5,1,5,710,7564.0806638,16609.5
105264,5763,810,2,1,1,3,4560,5261.1744519,12059.37
105265,8695,656,3,1,1,4,1450,605.25682229,5554.51
105266,3923,1083,2,5,1,1,1200,7386.3646149,7315.28
105267,2176,2039,2,1,1,4,1500,5880.6241373,30715.28
105268,881,5340,2,1,1,1,1970,4495.0380988,12851.72
105269,2072,2305,2,1,1,2,1650,8421.2350095,7384.25
105270,4403,1107,2,1,1,2,1300,3543.7866902,5980.61
105271,7711,694,2,2,1,2,2400,6274.3628007,16736.56
105272,1914,2166,3,5,1,2,1260,5071.5492711,12787.79
105273,7108,1027,2,1,1,2,1200,1652.3415004,18084.37
105274,1249,1300,2,1,1,3,1800,8760.1553565,9215.01
105275,5191,1128,2,5,1,2,3020,7085.9315913,18994.44
105276,3561,1426,2,5,1,5,5100,3688.0370252,24893.92
105277,1458,3878,2,1,1,2,3150,4699.8905425,13769.86
105278,5169,1340,2,1,1,1,1600,7046.67724,2344.77
105279,14088,0,2,3,0,2,2010,882.1146995,11383.87
105280,6060,821,2,1,1,4,3450,4712.8341571,9083.23
105281,4328,1292,2,1,1,4,3330,5278.5733219,12029.92
105282,874,5362,5,5,0,4,330,10528.245111,1839.23
105283,6666,828,5,1,1,2,1060,1432.8656769,2835.57
105284,7389,254,2,1,1,1,1600,1977.1592072,10252.15
105285,5550,1212,5,1,1,1,900,14174.942742,2326.58
105286,3939,1332,3,1,1,4,1580,5674.0864913,10937.12
105287,3416,1671,3,1,1,2,3700,885.68570072,6575.67
105288,2840,1430,2,5,1,5,1020,7188.4942923,20654.17
105289,3577,1303,2,5,1,2,2050,8146.8977931,14752.93
105290,3586,1534,2,5,1,3,1600,2373.5314865,12460.46
105291,2946,1795,2,5,1,4,720,3965.9769346,21326.1
105292,1007,1347,1,1,1,1,1900,8790.729825,4977.45
105293,4491,1415,2,1,1,2,4350,7209.7372427,8512.77
105294,2458,1920,2,1,1,2,1400,11578.5422,11138.43
105295,3994,1345,2,1,1,2,1430,5707.9911269,9363.23
105296,2788,1695,2,5,1,5,600,10673.096352,24842.54
105297,100,4875,2,-2,1,1,2350,14537.944159,23406.2
105298,6819,519,2,3,0,2,3150,4506.5409471,4908.81
105299,6235,779,5,5,1,1,600,10156.614763,1321.73
105300,1141,3618,2,1,1,6,2600,7258.4652232,20014.67
105301,4376,1163,2,1,1,7,1650,2986.1539631,8466.19
105302,306,4417,2,-2,1,3,3100,12173.73318,11378.2
105303,2069,524,2,1,0,2,1550,11076.134221,5586.44
105304,7310,844,2,1,1,2,4050,5714.5863714,6947.41
105305,1292,3406,1,5,0,6,2050,10461.190464,23404.39
105306,4928,1014,2,2,1,5,2900,6179.7670184,13630.16
105307,0,4829,2,-2,1,3,1870,1841.8272778,4467.13
105308,3588,1475,2,5,1,2,2800,5798.2442997,18686.56
105309,5697,884,2,1,1,2,1900,5157.8970546,12565.44
105310,1604,2582,2,2,1,2,10960,7480.7182129,14860.45
105311,5022,898,4,5,1,1,1000,5603.2456867,6987.94
105312,5748,999,2,1,0,2,1380,4904.874964,11873.1
105313,6128,861,2,1,1,4,2130,4317.1888941,15218.1
105314,2161,788,5,5,0,4,850,11903.012347,2549.08
105315,4325,1608,2,1,1,7,3400,5619.562719,11454.74
105316,5496,1220,2,5,1,3,3450,5648.4749224,14602.48
105317,5985,819,2,1,1,1,2500,9281.5295067,5596.72
105318,6710,577,2,2,1,1,3750,7193.112607,7609.86
105319,2845,1481,2,1,1,4,2450,6232.1569924,9475.15
105320,1202,2854,2,5,1,2,2400,4315.3612165,29806.3
105321,5834,1162,4,5,0,1,350,6568.2994311,3905.6
105322,7552,691,2,1,1,6,2400,3883.3842652,10727.41
105323,4473,335,2,1,1,4,2950,5038.6102432,15288.01
105324,3969,1533,2,1,1,2,3200,4867.914079,7300.14
105325,1231,2977,2,5,1,3,2300,5710.8074541,20756.76
105326,4194,1358,5,1,1,2,720,13200.452317,5434.1
105327,6752,651,2,1,1,3,1300,8054.6129069,7471.26
105328,6912,462,2,5,1,2,1650,1445.0215316,14689.17
105329,517,3924,5,5,1,1,1400,13793.736395,14475.09
105330,5237,909,5,5,1,1,600,8258.2407851,1413.04
105331,3235,2451,2,1,1,1,1550,11280.211245,7861.81
105332,8676,661,2,1,1,3,2900,829.82009109,12365.11
105333,5207,957,3,1,0,2,1310,8947.1754606,2917.98
105334,7084,1034,5,2,1,4,1200,3361.7320612,5322.93
105335,5318,928,2,1,1,3,1860,15705.598588,8181.87
105336,911,3615,2,1,1,2,800,12509.263192,11001.42
105337,5029,1616,2,1,1,5,3080,4229.1599511,9925.87
105338,100,4879,5,5,1,2,860,20217.774359,9283.99
105339,4259,512,1,5,1,2,1340,11528.524912,10057.05
105340,5023,1620,5,5,1,1,770,12037.192555,4646.74
105341,6825,603,2,1,1,3,6000,6452.6519627,13732.05
105342,3153,1486,2,5,1,5,4650,6533.9852232,23151.79
105343,4349,1293,2,1,1,2,2100,8842.7700604,8147.01
105344,10491,2,2,1,0,2,1400,810.23311283,11530.37
105345,2756,1686,2,1,1,3,2200,12675.738245,11507.44
105346,4378,1155,2,1,1,1,620,3994.8033545,23128.75
105347,6407,796,3,1,1,2,1400,1474.8067112,5249.72
105348,5138,1020,2,1,1,1,1340,5577.2724595,4928.23
105349,2001,2636,2,1,1,2,3400,7057.2914777,25063.89
105350,8699,650,5,1,1,2,900,1348.8319241,3518.98
105351,4230,297,1,1,1,2,1100,7357.1457316,8251.03
105352,5670,776,2,3,0,3,1340,3954.5330773,8005.66
105353,1230,2983,2,1,1,4,1060,9566.3976201,14697.08
105354,0,4949,2,-2,1,2,1970,1179.2990898,14288.39
105355,4280,1623,2,1,1,3,1820,9061.7279472,13416.52
105356,4641,1399,2,1,1,2,3270,6827.4088119,8212.92
105357,7023,533,2,7,1,2,1520,3326.5809968,6443.24
105358,143,4620,2,5,1,2,1500,14157.500062,17128.04
105359,2125,2220,2,5,1,2,2000,11130.997574,14399.56
105360,2866,1591,5,5,1,1,800,12590.189899,8251.89
105361,3656,1544,2,1,1,5,4000,5865.1328893,22766.55
105362,4492,308,2,1,1,5,2650,3919.6384456,13327.24
105363,5795,689,2,3,1,1,1030,4063.3973346,5862.98
105364,2,2951,2,-2,1,4,1800,2201.0538844,12713.43
105365,6828,556,2,1,1,2,3200,977.73621854,9118.03
105366,1194,3041,2,-2,1,2,1320,8244.840273,8878.28
105367,2859,2033,2,5,1,1,4600,3172.5125139,8934.61
105368,5885,902,2,1,1,2,2520,6207.8119327,4859.47
105369,4586,1167,2,1,1,1,3370,3680.1526812,15137.62
105370,4296,1335,4,1,1,3,980,12338.615733,11469.46
105371,996,3024,2,5,1,5,3500,9762.8928006,26109.14
105372,3036,2386,2,1,1,2,820,3759.2457074,12595.81
105373,1867,2384,2,5,1,2,950,6228.8007376,14805.28
105374,646,3667,2,5,1,2,530,12004.651512,9674.26
105375,2773,1947,2,5,1,1,1000,4890.4601984,14459.57
105376,4209,1363,5,3,1,2,830,10287.781095,3934.54
105377,462,3991,2,5,1,1,1800,10343.364551,9329.65
105378,5710,1048,2,1,0,5,7150,5028.0893408,18054.09
105379,8149,126,2,5,0,2,1650,1665.5547986,20698.56
105380,2231,2431,2,1,1,3,2810,7912.3086293,14845.17
105381,4901,1006,3,1,1,6,1140,6755.6582681,2072.23
105382,2811,1997,2,5,1,5,1910,6445.5098821,17239.64
105383,4304,377,2,1,1,4,2100,5627.3168079,6558.06
105384,5208,1195,3,1,1,3,840,4132.0360601,6707.61
105385,5784,881,2,1,1,4,2980,5128.5737835,9749.78
105386,8987,459,2,5,1,2,2400,5796.4143356,21498.96
105387,3805,1537,5,5,1,2,750,8500.9804972,6928.3
105388,1231,960,2,1,1,2,1500,8739.6228256,6433.24
105389,6676,415,3,1,0,2,2700,3842.078429,2985.05
105390,6106,909,3,1,1,2,1600,3222.0155263,9415.41
105391,2549,1867,2,5,1,2,2990,8121.1315235,15424.92
105392,5378,717,2,1,1,2,3750,1745.0462826,15776.3
105393,2585,1734,5,5,1,2,720,7616.4406182,10341.13
105394,3810,1283,2,5,1,2,1700,7979.6939657,16921.11
105395,1463,2105,2,1,1,6,2350,10038.155365,11908.86
105396,958,3024,2,5,1,3,1700,10364.008222,18137.97
105397,4330,1294,5,1,1,1,1100,9102.1856213,3605.82
105398,5175,1457,2,1,1,3,1850,4214.3529394,7188.76
105399,3452,1652,3,1,1,3,2500,1064.7389415,12425.52
105400,5372,1254,2,1,1,2,890,4904.874964,10328.13
105401,5063,891,4,1,1,1,1000,2863.6771808,5744.71
105402,4181,1273,5,1,1,2,750,4348.6867758,3654.99
105403,5022,767,2,5,1,2,1150,3144.6523597,11055.47
105404,8696,654,3,1,1,2,1780,502.3074635,7044.61
105405,1059,3358,2,1,1,5,1000,11311.562723,12400.83
105406,3340,1710,3,1,1,1,840,1014.5211847,5475.7
105407,3636,1512,4,5,1,2,870,7418.3816701,8889.24
105408,2954,1819,2,1,1,2,3300,3931.5128488,11108.8
105409,6317,794,2,1,1,3,2380,7439.8829631,15507.32
105410,5703,1066,2,1,1,1,500,8462.5433118,6250.84
105411,4739,1320,2,1,1,3,2500,4256.5586475,9805.77
105412,6050,940,3,1,1,2,3100,2192.1010602,8654.61
105413,2897,1583,2,1,1,2,2100,6370.5416209,14549.24
105414,5861,710,2,3,1,2,8000,4985.7823716,5062.78
105415,5319,932,4,1,1,2,800,6293.3089617,6340.17
105416,5110,950,2,1,1,1,4000,4789.7067791,11896.26
105417,6385,606,2,2,1,3,4430,1835.3710044,6140.42
105418,3185,1426,2,5,1,2,1600,5702.312543,21125.04
105419,4312,253,5,5,0,1,400,9618.6824202,4948.54
105420,4353,629,2,1,1,2,2400,5007.8402644,4578.27
105421,7183,858,2,1,1,2,2600,6469.1376145,7667.44
105422,4328,1323,2,1,1,4,3750,5458.1819986,9117.14
105423,3935,1568,2,1,1,3,1010,5187.916374,10307.24
105424,3186,1479,2,1,1,4,1920,11084.325934,13280.11
105425,5214,920,3,5,1,1,1540,3082.3680942,6275.46
105426,2267,404,3,5,0,1,1450,5531.1654566,3884.37
105427,1139,3619,2,1,1,2,1620,7314.3497659,10405.75
105428,4687,1102,4,5,0,1,750,5567.9640515,1752.74
105429,4136,1265,5,1,1,3,1330,8878.6982279,9315.27
105430,3909,1621,2,5,1,1,4200,6521.1763672,17373.96
105431,5076,964,2,1,1,2,4650,6778.1775293,7527.84
105432,3092,1541,1,5,0,1,1400,9149.2369314,19362.58
105433,5816,1176,2,1,0,1,1890,3410.0645198,6106.74
105434,5220,944,3,1,1,7,1530,8534.1946371,13499.5
105435,5981,1007,2,1,1,4,2250,5576.6117453,6005.65
105436,993,3032,2,5,1,4,1390,11079.479559,5404.75
105437,8219,525,2,1,1,2,3750,6662.1354332,8934.28
105438,6009,730,2,5,0,1,1920,4027.1437176,7325.86
105439,7132,602,2,3,1,5,4000,921.66170004,22662.04
105440,3925,1338,2,5,1,1,1550,7561.5714882,20171.87
105441,2405,1879,2,5,1,2,2340,9097.9191983,24134.47
105442,4616,1213,2,1,1,2,1620,6451.5619989,9829.2
105443,1127,2919,2,5,1,3,6200,7489.0803342,17685.6
105444,8775,517,2,3,0,1,1010,1053.0318439,4066.55
105445,5184,997,2,5,1,4,2030,7272.4692121,21130.06
105446,1046,983,2,1,1,2,2760,8739.6228256,17359.88
105447,1931,2519,1,1,1,1,800,11222.79547,4867.79
105448,5,3042,2,-2,1,3,1360,1293.5681087,8342.03
105449,4717,1116,1,1,0,2,1300,5157.3232724,4914.29
105450,6170,905,2,1,1,3,2500,8259.2398651,7248.39
105451,4783,1109,2,1,1,4,3150,10117.707244,10878.28
105452,8448,562,3,1,1,1,1070,4044.3939827,8709.28
105453,5679,949,2,2,1,2,1650,7393.5601066,5574.54
105454,1570,2486,4,5,1,2,700,5981.5316727,9444.0
105455,4689,1059,2,5,1,4,5760,5864.7220383,33320.17
105456,5610,1056,2,1,1,1,2850,6986.2515465,7919.45
105457,3128,2183,2,1,1,1,3100,5961.6324393,9897.04
105458,5996,982,5,5,1,1,790,8927.6407563,1952.48
105459,1181,2844,2,5,1,2,1500,5635.6931412,32936.66
105460,834,1376,2,5,0,2,640,15142.633424,5125.69
105461,8147,638,2,2,1,2,2910,927.31916052,12357.55
105462,3214,1548,2,1,1,2,2260,5316.8592051,9503.94
105463,101,4875,2,5,1,3,1850,15084.900919,16949.73
105464,8404,108,2,1,0,5,1570,2915.3300364,27322.52
105465,7788,440,2,3,1,2,2350,922.14031824,10607.36
105466,7136,76,1,5,0,1,1400,4714.8065367,12783.89
105467,7355,517,2,1,1,2,2310,10094.565947,18249.88
105468,4988,991,2,5,1,3,950,7307.420903,20165.91
105469,5563,856,2,1,1,2,1800,6717.3973848,4521.6
105470,4160,1600,2,1,1,2,2700,5390.9350143,7842.32
105471,5309,920,2,3,1,4,4800,4779.397221,11618.98
105472,3194,1563,2,5,1,2,1010,6294.9916946,14778.75
105473,8476,446,5,5,1,1,500,8047.7106018,6233.16
105474,973,3052,2,5,1,1,1150,12185.705432,6746.37
105475,3129,1724,2,5,1,2,1250,6015.3764024,12302.9
105476,4184,1356,4,5,1,4,1600,11313.43397,4646.41
105477,6669,820,2,1,1,2,2180,881.97317937,5518.33
105478,1876,2149,2,1,1,2,2710,9807.6507337,5817.69
105479,2720,1873,2,2,1,1,600,4191.674109,9000.15
105480,3299,1572,2,5,0,1,1200,9677.5041297,7995.63
105481,10478,2,2,1,0,2,3260,697.61966857,12664.61
105482,5893,631,2,3,1,1,2000,13737.598539,8072.04
105483,3290,1419,2,1,1,1,1200,11449.407877,6002.58
105484,3744,1413,2,5,1,2,1700,5527.7325783,20094.87
105485,6298,420,2,1,1,4,2040,6324.9814959,16433.65
105486,2567,182,2,5,0,2,2090,9922.3484452,17113.21
105487,2135,2155,2,5,1,2,1300,8392.3300579,15095.21
105488,7422,546,2,2,1,2,2390,11936.80836,11362.54
105489,4384,1243,3,1,0,4,1200,10343.206141,3817.68
105490,2268,2143,2,5,1,1,1310,10404.184805,16599.69
105491,1214,2374,2,1,1,3,910,10279.470129,12996.31
105492,2893,1047,2,1,1,2,1200,9799.8776387,10056.98
105493,5316,928,2,5,1,2,1700,3335.5517966,14430.33
105494,1008,3316,2,1,1,3,780,6260.3724976,10685.97
105495,4875,257,2,1,0,2,1740,4309.3875768,5613.98
105496,535,3528,5,5,1,1,780,13995.165196,5358.24
105497,7339,309,2,2,1,1,1920,2237.4747097,6756.37
105498,4665,1129,4,5,1,1,450,13297.713422,4348.92
105499,1096,926,3,1,0,3,2000,5732.5304233,10036.37
105500,4089,1302,2,1,1,6,4800,5824.9423018,20017.62
105501,1420,1697,2,1,1,1,1400,9053.02108,3642.08
105502,5991,702,2,5,1,2,3600,3764.6485978,16286.63
105503,803,3771,3,1,1,1,3870,3292.1731373,15101.28
105504,4510,309,2,1,0,3,1150,4948.1511543,6777.94
105505,4596,1329,3,1,1,2,1430,4906.380192,6745.62
105506,6747,731,2,1,1,2,1000,3842.5978584,4285.79
105507,7252,870,2,1,1,1,1860,6123.4036082,3989.34
105508,7333,755,2,1,1,2,1380,7011.6514399,6345.55
105509,5375,724,2,3,1,2,1880,1621.9745215,1285.73
105510,5220,943,3,1,1,1,1580,1761.8525226,2809.48
105511,3179,1472,1,5,1,2,1550,9159.3418787,16715.52
105512,3633,1437,2,1,1,7,2800,3967.858804,28916.8
105513,2045,3240,5,5,1,7,1950,15275.728326,15881.05
105514,933,2100,5,1,1,1,900,17879.182293,2578.29
105515,4526,1211,2,3,1,4,900,6076.4644597,16816.67
105516,5268,946,2,1,1,3,2640,2794.0809783,6320.67
105517,4753,1130,2,1,1,4,3960,6453.9589223,10331.54
105518,7608,472,2,2,1,2,3000,10672.657707,5957.98
105519,4581,996,2,1,1,2,1380,3374.1831918,11212.83
105520,2653,1759,2,1,1,3,1530,8526.6271525,7682.0
105521,3430,1284,2,5,1,2,1180,8392.2322094,13282.32
105522,7063,553,2,3,1,2,1160,1054.2422196,12658.12
105523,4169,334,2,7,1,3,750,5248.2234929,6054.17
105524,5580,1199,2,1,1,5,3130,9241.8533319,19259.08
105525,1768,4244,2,1,1,1,1030,6180.7558944,6515.73
105526,345,4928,2,5,1,2,3350,12566.971646,20256.14
105527,5075,924,1,1,1,5,990,5043.233812,9201.48
105528,3764,1581,1,5,1,3,1680,4489.9765585,27459.32
105529,10506,6,2,1,0,3,2150,764.74720574,11236.44
105530,7110,633,2,7,1,2,3400,5964.595911,14206.04
105531,6742,888,2,2,1,2,1450,3905.7519051,6953.22
105532,5223,1008,2,1,1,2,2930,15204.463573,10014.91
105533,6075,930,2,1,1,4,1630,9123.7089854,7260.88
105534,8163,250,2,3,0,2,2160,1152.9544928,8236.49
105535,8688,653,5,1,1,1,520,1138.0835107,3009.7
105536,6224,923,2,1,1,2,1160,4433.9522434,10277.62
105537,4294,1340,4,1,1,5,1200,14480.469203,2933.23
105538,4774,978,5,1,1,2,1250,6598.3065313,6381.71
105539,5278,913,5,5,1,1,840,5015.2879834,7668.27
105540,2834,1633,1,5,1,4,800,8178.5688024,17947.44
105541,4006,1097,2,5,1,2,1400,4960.1165075,10367.83
105542,4766,164,2,5,0,1,1860,4932.9332423,24715.06
105543,4208,1365,5,1,1,2,750,10230.774075,2520.47
105544,2024,3120,2,1,1,4,1080,4110.3839333,9313.85
105545,3819,1696,4,1,1,1,350,6902.1092163,2736.1
105546,3820,1696,2,1,1,2,4100,3680.0044684,19150.01
105547,5215,1026,3,1,1,3,1230,9388.9278267,8035.85
105548,1908,2664,2,5,1,2,1400,10380.41752,15747.54
105549,7893,299,2,1,0,2,1630,2585.4253054,5153.81
105550,5283,898,4,1,1,3,1050,6523.1471192,7376.55
105551,5701,1058,2,1,1,5,5250,6481.5854296,24972.6
105552,4944,1165,2,5,1,2,2000,5833.5972764,17417.8
105553,3299,1682,3,5,1,2,1020,2539.3544714,16873.5
105554,2317,2848,2,1,1,4,1520,10942.219264,13144.63
105555,5202,863,1,5,1,2,900,4236.5665971,23949.63
105556,5980,599,2,3,1,1,2900,4769.2894248,7058.44
105557,6127,731,2,1,1,1,4000,5635.2427099,4872.07
105558,6025,782,2,5,1,2,1170,3883.4330326,17907.71
105559,4016,1145,2,5,1,4,3500,8510.3489648,17016.12
105560,5526,966,2,5,1,2,1990,14716.574312,24864.75
105561,3131,2698,5,5,1,3,900,10939.330553,12040.74
105562,8181,493,5,1,1,1,1100,1537.8633793,2787.54
105563,4963,1139,2,1,1,2,3000,4812.8732228,11923.82
105564,7203,815,1,1,1,4,860,908.20514699,8376.8
105565,8725,549,5,5,1,1,1400,1092.9163418,5140.16
105566,4699,1108,3,3,1,2,1550,1877.0226407,6321.23
105567,6553,686,2,1,1,3,3200,2758.4373739,9379.06
105568,5395,801,2,7,1,7,4920,2123.2361404,36804.49
105569,800,3229,2,1,1,4,2400,12481.781102,10216.78
105570,8078,388,2,1,1,2,1800,1365.7776714,5540.15
105571,3525,1469,2,5,1,2,3300,4862.2515299,28983.56
105572,4115,1376,3,1,1,2,800,11532.518004,5626.3
105573,982,3533,2,-2,1,5,1650,13922.543898,32598.84
105574,2823,1954,2,1,1,2,1890,12675.738245,12734.39
105575,3755,1706,3,5,1,1,1150,1298.6683556,12319.79
105576,2833,1668,2,5,1,5,3300,7290.8535482,17816.91
105577,2282,2301,2,5,1,5,1360,16069.120507,3448.77
105578,5859,816,5,5,1,2,900,10563.320947,8545.47
105579,4846,1069,2,1,1,2,3750,5352.7875952,8865.63
105580,4368,251,3,1,0,4,920,4720.3718917,4800.78
105581,2718,1613,2,1,1,5,8250,5929.3410048,18665.21
105582,1136,2966,2,5,1,3,1020,6111.0647218,8040.98
105583,2645,1697,2,1,1,6,820,12560.59341,12549.71
105584,5529,885,2,3,1,2,2250,9140.5375235,10371.73
105585,2603,1984,2,1,1,4,1050,5685.5600275,868.14
105586,5296,823,2,3,1,2,2850,1527.7613351,4102.15
105587,6115,926,2,1,1,2,2200,8359.5245214,5680.19
105588,4455,1221,2,1,1,4,5200,4605.4556067,10503.42
105589,2774,2033,2,5,1,4,2000,7092.5241312,21833.65
105590,4945,1263,5,5,1,1,500,6984.1170617,6151.81
105591,5041,1096,5,5,1,2,750,11025.769976,12197.57
105592,4729,1129,2,1,1,2,2610,14771.143263,14538.17
105593,4197,1361,5,5,1,2,1250,11132.351657,11047.2
105594,4163,1337,2,1,1,3,950,4162.5996109,8121.92
105595,5287,1044,4,5,1,1,530,14916.897506,5475.61
105596,3799,1540,5,-2,1,2,630,10798.390868,4850.8
105597,1085,938,4,5,0,4,600,18862.994669,1637.55
105598,4531,1036,2,1,1,3,1180,6279.9149851,4825.93
105599,2407,2347,2,1,1,3,1050,9238.3668532,12448.49
105600,5756,934,2,5,1,1,1400,6453.4297136,7133.94
105601,2156,347,3,1,0,2,1030,8718.9485101,2715.71
105602,6126,1072,2,1,1,2,2250,3896.4391618,5623.56
105603,6515,349,2,1,1,1,2000,2105.8560796,8573.96
105604,4356,1282,3,1,0,4,1520,8176.0235362,1122.03
105605,2286,1994,1,5,1,2,320,5236.786238,10479.99
105606,5235,376,2,5,1,2,2000,8495.1857893,10392.03
105607,4412,1244,2,1,1,2,2100,3819.9307236,8959.37
105608,2451,1790,2,5,1,2,2300,6684.470437,11976.82
105609,5213,931,4,3,0,2,1190,5180.1488167,4396.21
105610,6073,1126,2,1,1,2,1800,3367.6114254,8813.86
105611,4672,1128,5,5,1,1,700,11379.182648,2916.66
105612,7102,1017,2,1,1,2,1510,1540.8206833,10730.09
105613,5426,894,2,1,1,3,2730,9710.6653559,13602.5
105614,4686,1091,2,3,0,5,2000,5349.5473009,5203.52
105615,6110,896,2,1,1,4,2170,6422.4424684,8903.64
105616,1768,4243,2,1,1,2,1200,5576.3208276,19720.96
105617,2899,1508,3,1,1,2,1600,5005.6082632,9546.95
105618,8283,663,2,1,1,1,2160,925.59925533,10412.92
105619,3346,1531,2,1,1,1,3700,5849.9507552,9466.18
105620,996,1265,3,1,1,3,1550,8235.6445328,5055.42
105621,4187,1346,5,2,1,6,850,12056.883093,2913.27
105622,7556,219,2,5,0,1,850,3157.5684138,15860.29
105623,2106,2168,2,1,1,2,4400,6997.6262927,26812.07
105624,2572,2030,2,5,1,3,1400,5829.5630775,11646.84
105625,3348,1720,1,5,1,2,800,6204.3995872,1335.03
105626,4363,1218,4,1,1,1,870,5657.2140891,4136.57
105627,1135,3626,2,1,1,2,1480,10209.991775,12804.74
105628,4683,418,1,5,0,3,1490,5207.6235175,17464.74
105629,3349,1521,2,1,1,3,2190,4826.1131917,10080.0
105630,1990,2237,2,1,1,2,1230,7705.7996256,11668.54
105631,2188,632,5,-2,1,2,1180,11745.157239,3749.15
105632,939,1534,2,1,1,4,1300,14756.896553,5877.49
105633,4966,127,3,5,1,4,1500,6604.9305562,15184.87
105634,1081,2995,2,5,1,2,1540,4640.3545005,26102.04
105635,4842,114,1,5,1,2,960,9314.7726981,13318.0
105636,384,3860,2,5,1,3,3000,9363.0768981,26986.32
105637,3205,1455,1,5,0,5,1200,5731.0800745,27233.76
105638,5581,811,2,1,1,2,3410,10791.025564,4613.51
105639,5769,884,5,1,1,1,700,10768.397802,4010.66
105640,2511,803,1,-2,1,7,1500,9950.1142874,9187.25
105641,3383,1671,1,1,1,2,650,6763.9808744,4138.89
105642,3357,1077,2,5,1,5,1390,8958.8997245,11717.78
105643,5544,1193,2,1,1,1,1600,11527.362997,4909.48
105644,4658,1233,2,1,1,2,2690,10792.656235,11058.02
105645,3189,1475,5,5,1,1,450,13041.540249,3352.75
105646,5390,1040,2,5,1,1,1750,4927.5271639,13751.08
105647,4317,1196,5,1,1,1,550,10036.251027,1021.95
105648,4325,1630,2,1,1,4,2400,4124.3794763,11751.46
105649,978,1439,2,1,0,6,3240,9581.3825318,10118.83
105650,5289,33,2,5,0,4,1740,5397.9050821,6509.4
105651,3883,1568,2,1,1,3,1370,3416.8086348,9033.35
105652,4667,311,2,1,1,2,2430,4833.126241,7878.59
105653,2070,415,2,-2,0,3,1250,10678.64691,12657.64
105654,5722,859,2,1,1,2,2400,7847.3557602,8684.03
105655,3349,1702,2,3,1,3,3070,5880.6164782,16689.28
105656,2132,2045,1,5,1,6,1600,7986.694957,22765.74
105657,6766,870,2,1,1,4,3040,3539.9165344,9315.87
105658,4252,1148,5,5,1,2,900,9521.8128652,6898.0
105659,6557,479,2,99,1,2,2600,6953.1829735,9970.2
105660,5282,1353,5,5,1,1,880,12332.526608,7125.14
105661,10688,1,2,1,0,2,3450,703.97328803,19068.44
105662,2840,1666,2,1,1,2,1420,6948.2018232,10606.94
105663,4515,1108,2,1,1,2,1950,3366.0031637,18237.65
105664,5518,1221,4,5,1,1,680,17385.569363,7473.53
105665,3280,1871,2,1,1,1,1740,4983.4161677,8093.44
105666,2885,1836,5,5,0,1,1050,12892.646671,5209.94
105667,3744,1595,2,1,1,2,4380,4155.7336159,32357.66
105668,6041,1138,2,1,1,5,2800,3404.9186449,15934.16
105669,1414,1873,5,5,1,1,1200,17052.833118,3440.64
105670,1084,2949,3,5,1,3,3100,2017.4124445,26551.27
105671,5327,970,2,1,1,2,2410,6820.8675577,17101.4
105672,801,3740,2,1,1,2,2380,6769.0032039,9147.35
105673,5854,751,2,5,1,1,1200,4734.9441027,5031.65
105674,2268,2105,3,5,1,5,1180,8849.9412283,10098.8
105675,4932,985,2,1,1,3,4500,6075.3233167,8926.49
105676,907,3552,2,1,1,2,3850,12755.959134,9338.27
105677,3258,1603,3,1,1,2,3600,4738.0737396,12372.41
105678,3925,1278,2,2,1,2,2550,5711.7563503,13111.31
105679,4860,1122,5,5,1,2,1450,7462.3492561,7643.96
105680,6105,758,2,2,1,2,2400,7565.6194822,9704.59
105681,5289,690,2,1,1,2,1900,6413.7543334,11628.59
105682,4302,1250,2,7,1,6,2200,5218.4577052,16581.49
105683,5260,1375,2,1,1,1,2000,4285.3787478,6448.3
105684,951,3213,1,5,1,1,1800,8379.8090457,19264.65
105685,3634,1692,2,1,1,4,1200,4106.1902846,12917.64
105686,189,4533,2,5,1,2,2460,14631.255909,29535.59
105687,1513,2652,2,5,1,3,1700,7646.6934378,14642.94
105688,6034,795,4,5,1,4,1000,11509.155976,6817.25
105689,4654,1262,2,2,1,2,4290,9057.3197574,23081.0
105690,854,2113,2,5,1,4,1650,12526.624477,5469.73
105691,2272,1840,2,5,1,2,2200,6075.3496039,9142.57
105692,2867,2008,2,5,1,2,3000,5545.3302103,11073.39
105693,1019,1189,3,-2,0,1,790,8696.1945875,4393.66
105694,6396,592,2,3,0,1,1390,1061.224197,3677.68
105695,5220,972,4,5,1,1,800,27199.869418,10226.5
105696,1162,2838,2,5,1,4,1950,10136.25782,13320.94
105697,5795,882,2,1,1,2,3230,6906.0536851,6785.26
105698,985,5077,2,1,1,4,2600,5343.1874836,20112.65
105699,3971,1388,2,1,0,2,5250,5850.4578918,9300.26
105700,5482,1004,2,1,1,5,2600,5140.4118621,2624.71
105701,1896,2297,2,1,1,2,1600,5280.192312,8375.55
105702,4264,1135,3,5,1,7,2570,6168.6314545,15413.48
105703,4374,1148,2,5,1,1,800,5694.494225,8050.26
105704,5066,1057,2,1,1,4,1500,2305.9007795,12987.25
105705,5806,875,2,5,1,1,1600,4770.7120079,6111.49
105706,7998,445,3,5,1,1,1150,572.87214172,21037.75
105707,2537,1773,2,1,1,2,1420,4369.4596426,9660.06
105708,6041,815,2,3,1,2,2000,2971.1581088,5325.68
105709,5843,1158,4,5,1,2,900,8062.1043621,10055.6
105710,2930,1869,2,1,1,3,2600,3673.8345125,12676.27
105711,2196,2071,3,5,1,3,1500,5221.3927028,11525.73
105712,7409,278,2,1,1,2,3800,1980.0694392,7779.96
105713,902,3560,5,5,0,4,940,17898.854361,10658.16
105714,5462,1015,3,1,1,2,2400,2664.9319868,4197.31
105715,7574,0,2,3,0,4,600,955.93048171,9188.57
105716,3574,1457,2,1,1,4,2000,4810.6060294,11825.06
105717,904,3557,2,5,1,4,1380,10647.409513,13811.08
105718,4226,1360,5,5,1,2,700,10643.53041,6926.36
105719,6183,841,2,1,1,5,1520,2627.8242869,7455.23
105720,613,3630,2,5,0,2,1880,9473.1657807,13886.74
105721,5567,1033,5,5,1,2,800,7734.5756536,3995.72
105722,4799,148,2,5,0,7,2250,6540.4640225,23355.44
105723,0,4900,2,-2,0,1,1250,1603.3982187,1853.03
105724,2753,1702,2,1,1,5,1400,14747.359655,6658.58
105725,2639,1721,2,5,1,2,2850,5219.1755723,19138.36
105726,6990,457,2,2,1,2,3300,2628.516009,8713.2
105727,2941,2001,3,1,1,2,750,6687.4431386,7413.49
105728,3745,1595,2,1,1,4,2800,2979.5115977,11075.4
105729,6213,846,2,2,1,6,1950,9003.3035289,6803.96
105730,6420,669,5,1,1,1,1000,11398.914626,1913.01
105731,874,5362,2,5,1,1,1060,4886.3684653,12857.89
105732,2719,1715,2,1,1,2,2250,5720.1364869,6818.46
105733,2111,2107,2,1,1,2,2920,6866.9748181,14456.25
105734,3109,2684,2,1,1,1,1800,7745.3591686,8755.26
105735,4804,1006,5,5,1,3,750,10353.969905,7183.91
105736,3314,1771,1,5,1,4,2600,6195.8932442,18680.72
105737,4454,1227,2,1,1,2,950,6066.7438924,9311.11
105738,7438,180,2,1,0,1,990,2637.7778986,1705.06
105739,1925,2411,2,5,1,1,960,9348.8807123,4221.41
105740,2163,342,1,1,0,2,1540,8523.4312392,2231.98
105741,4820,1110,2,5,1,2,2600,7527.1544445,19647.13
105742,3321,1558,5,5,1,2,850,9542.3481345,6811.25
105743,3908,1375,5,5,1,2,500,2153.4816569,5209.82
105744,736,3662,2,5,1,2,1500,4607.1332631,20940.51
105745,4397,232,2,1,0,2,2540,6021.9869759,8381.55
105746,6089,680,2,1,1,3,2400,8866.2497623,8338.65
105747,1169,3545,2,1,1,1,2000,8940.9383491,4786.85
105748,4443,1214,2,1,1,4,2900,5563.5556034,19478.67
105749,1082,919,2,1,1,2,4340,10344.633043,14980.02
105750,2851,2295,2,1,1,1,1540,7227.0502977,12382.45
105751,0,4945,2,-2,1,7,2000,1408.5783555,15390.28
105752,5165,964,5,5,1,1,930,10173.312607,7934.08
105753,4105,458,2,1,1,4,1400,5024.6621006,17167.24
105754,6097,739,2,3,1,2,1400,3060.2785823,6488.17
105755,1129,1679,5,1,1,3,750,14127.793075,4342.75
105756,715,3633,2,5,1,2,2510,10934.269734,15562.63
105757,5310,900,2,3,1,7,2810,3158.4466411,11965.85
105758,5476,895,2,3,1,3,3830,3192.3117464,13559.85
105759,3869,1612,3,1,1,1,2470,4390.6677746,5949.55
105760,7106,1012,2,1,1,2,2000,1634.0758493,8693.99
105761,3402,1531,2,5,1,6,2800,3680.5332967,20814.62
105762,3807,1467,2,1,1,2,1790,4528.9698812,8581.71
105763,4848,943,2,3,1,1,1800,8562.4085474,7700.88
105764,1147,1870,2,1,1,4,1600,8998.3965575,9387.52
105765,3520,1463,3,5,1,1,1470,4524.0185803,13665.63
105766,4367,228,2,5,1,3,1580,5591.2744449,16528.32
105767,4231,1291,4,3,1,7,800,12861.631975,10051.99
105768,4588,1133,2,1,1,1,1500,3840.7345235,7086.75
105769,3411,1679,2,1,1,3,2100,1348.5562862,10968.45
105770,7255,588,2,5,1,1,3080,1068.5542693,10921.77
105771,4300,251,5,5,0,1,600,10086.046446,1662.87
105772,5332,760,2,1,1,2,2010,1706.7751031,9526.7
105773,5350,819,2,3,1,1,1800,4839.9506712,4136.04
105774,5645,794,5,5,1,2,850,6834.6236549,3637.29
105775,4772,1149,4,3,1,1,1100,11708.706771,18611.77
105776,1114,3534,2,1,1,2,2460,7028.7324676,17220.93
105777,5913,962,2,5,1,2,2500,6535.1675325,32857.9
105778,2187,1938,5,5,1,1,820,17417.697038,3971.07
105779,6955,564,2,1,1,2,3800,4876.6005882,8569.89
105780,758,3599,2,5,1,3,1400,6069.8813994,18417.6
105781,8380,337,2,2,0,3,2220,948.01474546,5568.38
105782,5042,1028,2,1,1,3,2750,5988.3331735,10157.77
105783,5408,916,5,5,1,1,800,6999.2489175,6735.78
105784,3869,1611,2,1,1,1,2010,6375.772062,10530.16
105785,5319,845,2,1,1,4,5700,4670.9855847,14178.77
105786,4811,722,3,1,1,3,1600,4582.7830054,7555.22
105787,7361,687,4,3,1,3,2220,1401.8173606,7053.47
105788,5952,862,3,1,1,1,900,2531.325942,6642.76
105789,6979,659,2,1,1,2,3430,1644.450593,13480.17
105790,4833,116,2,1,1,6,1590,5988.4284525,6387.08
105791,5023,1620,5,1,1,1,880,12737.974469,1867.94
105792,5572,763,2,7,1,4,1290,9209.1165735,13787.12
105793,4165,427,4,5,1,5,950,10215.301361,10637.91
105794,4535,1187,2,5,1,2,7300,2894.1310891,29170.4
105795,7256,469,2,3,1,3,2400,2559.0487017,5764.47
105796,7873,306,4,1,0,2,750,4643.2521187,2236.33
105797,2452,1808,2,1,1,2,2300,8726.6011614,21719.55
105798,5347,803,2,1,1,2,1950,3454.0114377,11506.98
105799,381,3774,2,5,1,1,1500,12179.924238,19593.46
105800,4693,1129,2,5,1,3,7880,6075.3233167,29651.78
105801,7198,888,2,1,1,7,2970,6192.6856547,18792.49
105802,1775,2404,2,5,1,1,1600,5418.3314257,12798.16
105803,2751,1622,2,5,1,2,2400,5765.7247938,29326.76
105804,2288,359,5,5,1,1,1300,11093.841467,4494.73
105805,1880,2403,2,5,1,4,2500,5369.3834313,13544.42
105806,4456,1257,2,1,1,4,3150,7146.4129479,8201.39
105807,4721,1160,2,1,1,5,1600,3991.7116211,21530.46
105808,4856,965,2,2,1,5,3150,7279.289766,12110.61
105809,3801,1536,2,1,1,4,3200,5538.2184115,10994.91
105810,8112,538,2,1,1,2,3610,5888.5382005,11102.77
105811,6034,959,5,1,1,3,1080,9634.3867089,3619.66
105812,2208,358,2,1,0,2,1600,12790.812883,8633.29
105813,3396,1660,5,5,0,1,630,10370.620973,4773.96
105814,4713,1102,2,1,1,2,2570,4018.8047034,6934.97
105815,4408,1127,3,5,1,2,2100,1548.6050597,12996.54
105816,5794,922,2,1,1,1,2050,12112.683721,7070.95
105817,4236,1350,4,1,1,6,600,13301.513583,5044.35
105818,1087,2948,2,1,1,4,1900,6648.4112461,12710.53
105819,2218,1815,5,5,1,2,840,14220.81654,7619.33
105820,1798,2968,5,5,1,1,3060,16159.664513,10769.59
105821,2823,1737,2,5,1,4,1900,7820.8725618,18069.62
105822,5494,846,2,7,1,4,900,6341.3903671,9962.94
105823,5600,1150,5,1,1,4,850,12203.532733,6816.29
105824,3642,1452,2,2,1,2,2880,5393.5616505,11757.57
105825,3336,1602,1,5,1,1,1100,9787.8328902,12886.06
105826,4338,1328,4,5,1,2,1000,15750.451426,5842.37
105827,4439,1245,2,1,1,4,3360,5946.9877751,15037.14
105828,6924,462,2,1,1,1,3800,1426.2971123,8237.81
105829,4424,1239,1,2,1,2,1000,5836.370682,11625.76
105830,1264,4480,2,5,1,2,1770,5359.5440731,28828.85
105831,6678,405,2,2,1,4,3900,7600.1170046,23208.52
105832,3742,1480,1,2,1,3,900,5614.1876677,22749.55
105833,3399,1567,5,5,1,1,1350,5877.4590185,5914.44
105834,1467,2144,1,1,1,1,1600,11221.280731,10108.68
105835,3860,1430,2,3,0,1,2300,4869.3496265,19151.8
105836,4826,847,1,5,1,1,800,3992.3697215,11179.32
105837,4423,286,3,5,1,1,600,3840.4521049,8186.94
105838,6324,646,4,7,0,6,1000,3022.5234764,2704.0
105839,5557,1207,5,1,1,2,950,13874.088893,3723.23
105840,5472,808,2,3,1,4,6160,3823.7788607,39216.32
105841,2798,1411,3,5,1,1,600,3895.3019664,5616.55
105842,7355,843,2,2,1,4,4200,5312.2639071,23380.11
105843,1021,1499,5,5,1,1,340,19224.109469,2324.83
105844,6325,686,3,5,0,4,1200,6423.5329905,11591.47
105845,2907,1998,2,5,1,3,3090,6076.8965285,15740.8
105846,6613,844,4,1,0,2,900,1642.1917643,1929.44
105847,7104,412,2,5,0,1,2290,1915.0689155,12843.34
105848,3101,1748,1,2,1,2,700,7607.3915838,25604.05
105849,4369,1254,2,1,1,4,1100,7796.6845355,5251.26
105850,2732,1574,5,5,1,2,900,9714.5269613,8166.37
105851,1314,3117,1,5,1,2,450,11166.144539,9523.72
105852,4432,334,5,7,1,1,540,5652.6500713,2747.49
105853,4640,1116,2,1,1,2,1480,6491.940907,5662.69
105854,7046,320,2,1,0,3,1200,2329.2167253,3372.47
105855,1924,2592,5,5,1,1,980,17595.235663,8132.55
105856,5084,815,2,3,1,1,2250,6212.696751,11323.81
105857,3821,1693,4,1,1,1,550,6363.2026919,5542.9
105858,5882,784,4,1,1,2,890,7926.2133162,1938.91
105859,3423,1482,2,5,1,2,1000,5108.8092186,14805.05
105860,2015,2713,2,1,1,4,3100,9324.1840935,16497.78
105861,2108,870,3,-2,1,3,2210,8598.6464228,5709.9
105862,2628,1849,2,5,1,2,2300,7565.6821561,20277.71
105863,5215,941,3,1,1,2,1500,982.1532644,5842.25
105864,5633,1169,5,5,1,1,800,10660.970119,6358.43
105865,6542,560,2,2,0,3,2500,6549.6493111,8788.73
105866,4215,1174,5,5,1,2,1000,8648.678454,7636.39
105867,313,4146,2,5,1,1,1530,8038.5479099,8878.02
105868,3625,1346,3,1,1,2,1900,1602.3277146,8174.44
105869,9703,398,2,2,1,1,3000,848.17804761,32904.41
105870,1944,2321,2,1,1,1,1850,5331.7349752,9171.45
105871,6684,678,5,1,1,1,980,7606.9679253,3413.85
105872,4258,416,2,1,1,4,1500,6361.518347,7416.79
105873,8669,666,3,1,1,2,2400,486.70593278,6920.39
105874,5906,891,4,1,1,1,2360,14310.73602,4357.24
105875,4647,1101,2,1,1,3,4550,5081.6412607,10695.16
105876,2261,311,5,5,0,1,600,15029.794623,1184.06
105877,4275,1351,2,1,1,4,2850,7696.2981772,13479.69
105878,6088,794,2,3,0,1,1800,3198.147841,2828.37
105879,7254,614,2,1,1,4,7290,6890.9294077,18573.61
105880,7167,824,2,1,1,2,2250,4343.9822039,6058.32
105881,4177,1324,5,1,1,2,900,13023.60859,5036.39
105882,5953,890,1,1,0,2,910,5119.4237429,5220.94
105883,4464,1631,2,1,1,1,1200,4701.0670484,4684.65
105884,3119,2209,2,1,1,1,1090,7914.0001284,6723.47
105885,1990,2230,1,2,1,1,860,10896.050731,4254.39
105886,3819,1696,5,1,1,2,1050,4189.5520937,9108.83
105887,4544,191,2,5,1,2,1500,5759.3999485,13099.83
105888,6124,1076,3,1,1,2,3330,4673.1312712,9917.67
105889,6259,1056,4,1,1,1,900,4435.183964,3492.71
105890,4462,561,2,3,0,1,2200,8388.6529276,4163.62
105891,4003,1099,2,1,1,4,2400,7453.215421,30213.62
105892,5911,1088,2,2,1,4,3550,4063.671251,18806.85
105893,1802,2371,2,5,1,4,3480,4510.8000245,12372.44
105894,5501,1099,5,1,1,1,590,10604.985388,2783.08
105895,0,4936,3,-2,1,3,1530,867.1273485,6299.46
105896,6169,1064,5,5,1,1,730,4980.1871339,4812.79
105897,4756,150,2,1,0,1,1800,6031.0295774,4042.73
105898,1528,2698,2,5,1,6,1800,7811.3238271,22266.51
105899,3352,1438,1,3,1,2,450,4280.91406,8756.96
105900,740,3650,2,1,1,3,10500,5697.5671727,41092.86
105901,3026,1464,2,2,1,2,2330,8304.6914482,16769.19
105902,4530,1149,5,1,1,2,1140,7871.6538183,2960.98
105903,6371,609,3,1,1,1,1350,1794.7330932,3025.95
105904,4720,1091,3,1,1,1,1320,2837.8535947,1968.65
105905,2307,2328,2,5,1,1,1200,8201.0494826,12136.96
105906,5762,626,2,7,1,2,3410,7647.0577403,10000.38
105907,5994,866,2,1,1,2,3600,7768.0610924,3692.82
105908,7184,881,2,1,1,2,1860,7516.86056,5859.65
105909,8399,111,5,1,1,1,800,1790.1478318,2829.66
105910,875,5357,2,5,1,2,1650,5869.1188037,17716.28
105911,6535,778,2,5,1,1,1300,1671.9170766,15352.13
105912,8673,663,2,1,1,4,4360,912.06587257,32746.83
105913,9234,375,2,5,1,2,1410,6648.9800776,25068.65
105914,2087,3147,4,1,1,5,750,11001.368955,3001.91
105915,4667,1137,2,1,1,2,1590,9934.5096008,7375.78
105916,2834,1986,2,5,1,2,1600,4032.0541963,21037.74
105917,4538,1350,2,5,1,2,1840,6210.6132466,20249.21
105918,6713,756,2,1,1,2,2950,3694.7928492,8599.02
105919,8059,394,2,1,1,4,3250,941.73713499,12229.49
105920,4708,1112,2,3,1,2,2390,3711.5279296,8994.95
105921,6359,874,2,1,1,2,2400,6372.8067975,13485.03
105922,2217,710,2,1,0,4,2330,9000.1517926,8701.72
105923,7073,459,3,3,1,5,1230,1808.0005614,3048.56
105924,4267,1219,2,5,0,1,1500,4550.732671,14834.65
105925,4346,1289,2,1,1,1,1440,4585.024464,6174.56
105926,2,2334,2,-2,0,2,1930,1451.4345982,5492.73
105927,5875,906,5,5,1,1,750,10557.182297,6532.44
105928,2268,538,2,1,0,2,3000,8980.3881877,4482.0
105929,96,4932,3,5,1,2,1030,8739.4141331,16240.24
105930,6177,1061,2,1,1,3,2710,3658.9895273,11125.69
105931,7320,109,2,2,0,2,3000,4530.2013356,5477.93
105932,4875,1114,3,1,1,5,1600,11741.718833,7559.55
105933,1331,4088,1,1,1,5,1060,8876.7586402,6580.33
105934,5846,863,2,3,1,4,3640,3130.0336123,5958.44
105935,4892,1109,2,5,1,1,1650,7199.8709979,13055.84
105936,4270,402,2,5,1,1,4300,4819.8930967,23114.54
105937,0,5063,5,-2,0,2,860,1911.9678925,4982.73
105938,5986,749,2,3,1,3,3070,3991.8056615,9052.98
105939,2176,1932,2,5,1,3,4500,7781.0079058,21852.74
105940,4910,905,2,1,1,1,1180,4228.5343803,5393.97
105941,6697,798,5,1,1,7,780,1084.8751465,4517.78
105942,2366,1339,2,1,1,6,1200,7913.5573277,14890.61
105943,7504,728,2,1,1,4,3280,5310.2071175,7678.81
105944,2075,1678,2,1,1,3,3720,8625.7297251,15354.79
105945,868,1300,5,1,1,1,740,16637.497985,1792.29
105946,4268,1349,5,5,1,1,800,9359.2360288,6423.83
105947,2630,1736,2,1,1,4,870,4578.6091518,16439.96
105948,874,5362,2,5,1,3,2090,5148.9781325,11945.57
105949,1142,4746,2,5,1,6,2550,4335.8328309,17526.27
105950,4205,1327,2,1,1,7,2980,10422.695109,8895.95
105951,878,5348,2,5,1,2,1050,4043.2741825,11550.42
105952,4281,279,5,5,0,1,480,6774.736622,3366.91
105953,4318,1565,2,1,1,3,2300,9664.9954217,18280.88
105954,5982,599,2,7,1,2,1500,4244.5821464,9907.17
105955,1796,2276,2,2,1,2,1220,8693.7881932,8952.15
105956,14658,5,2,3,0,1,540,1399.803105,4625.0
105957,7355,833,2,5,1,2,2000,6156.6498764,36275.64
105958,5278,900,5,1,1,1,290,7187.0586237,1636.29
105959,0,3993,2,-2,0,5,2000,1553.5936013,3321.45
105960,5267,979,4,1,1,5,1900,13926.371314,6092.57
105961,8685,72,2,1,0,1,1800,1400.0100211,2288.1
105962,5773,1116,2,2,1,2,3000,3978.025242,8822.41
105963,5316,854,2,1,1,2,1260,1860.6416184,9135.37
105964,5440,1024,3,5,1,3,1590,2167.3456413,19507.28
105965,3971,1236,2,5,1,2,2480,4061.4179025,14555.6
105966,3267,1858,2,1,1,3,1800,4934.2025693,11809.38
105967,10778,1,2,1,0,4,2850,715.72552965,6140.53
105968,1273,3042,2,5,0,4,1550,12057.015666,18048.65
105969,7077,720,2,1,1,1,1370,6956.1915361,3369.13
105970,3758,1555,2,1,1,2,1600,3083.1667568,6064.45
105971,5579,1194,2,1,1,3,1400,11181.098216,7606.03
105972,3413,1332,3,5,1,1,1500,6106.5387119,10206.29
105973,1343,3041,2,5,1,2,1860,8635.2637281,16325.9
105974,10555,1,3,1,0,2,1650,530.71790508,6416.21
105975,3729,1580,5,5,1,3,1200,5464.6300293,9369.26
105976,2103,868,2,5,0,2,1200,11209.441231,3836.35
105977,4097,1301,2,2,1,2,7290,5943.3793645,28144.77
105978,5790,1081,2,1,1,3,1900,6730.6792338,8354.34
105979,6600,770,2,5,1,2,7200,3240.9689382,16626.63
105980,8311,475,2,2,1,4,2550,4809.869121,6108.75
105981,3174,1491,2,5,1,2,3600,4869.3496265,21677.12
105982,1290,4426,2,5,1,3,2800,4191.7432474,12823.36
105983,4604,283,5,1,1,4,1900,5766.414151,7157.46
105984,4343,1535,2,1,1,2,4020,6279.3639622,12166.55
105985,6150,1071,2,5,1,3,1650,3699.8022383,12711.05
105986,4446,338,2,1,1,3,1400,4880.7318703,14606.58
105987,7836,770,2,1,1,2,3500,5731.7239464,19100.02
105988,3331,1669,5,5,1,1,780,9387.9006276,3937.48
105989,5745,809,2,1,1,2,1830,10330.004345,3698.73
105990,2763,1698,2,1,1,1,1440,7662.1534394,8374.79
105991,5915,885,2,3,1,2,3900,3285.2888432,10256.14
105992,2152,1908,2,1,1,2,1500,9698.3099756,5764.46
105993,4649,1396,4,1,1,1,900,13453.3683,4742.89
105994,3293,1441,2,5,1,4,2200,6344.5612337,20424.61
105995,4787,680,1,5,1,1,800,4324.5155618,17727.68
105996,2752,1699,2,1,1,2,2470,6251.9361706,19479.36
105997,5314,909,4,5,1,2,1800,9422.9506762,4794.71
105998,3725,1890,5,1,1,1,900,10728.380376,7913.72
105999,1289,4428,2,1,1,2,2150,4356.2825032,20419.23
106000,6172,745,2,1,1,7,2990,5198.449873,20766.31
106001,7171,858,2,1,1,4,3500,6011.2096097,19146.46
106002,6507,736,3,1,1,2,3300,4796.9751804,4965.32
106003,1106,3556,2,1,1,1,1070,8926.0884831,4078.08
106004,6025,833,2,1,1,2,1670,8095.0488912,7385.85
106005,6836,603,2,2,1,2,3070,5906.6853415,10254.01
106006,10778,1,3,1,0,1,980,683.10004853,2320.58
106007,5412,864,2,2,1,3,1200,5577.2724595,5705.38
106008,7176,890,5,1,1,1,800,14127.831772,1622.68
106009,7353,284,2,7,0,1,1500,923.61599017,2981.72
106010,4229,298,2,1,1,1,1710,4875.2142075,4448.12
106011,6156,978,3,1,1,3,1960,2480.9064047,8705.35
106012,1280,927,2,5,1,1,1850,10244.135616,7731.45
106013,4519,1194,2,3,1,1,1500,4912.4328987,28954.28
106014,4287,1342,5,1,1,2,900,12998.790532,3653.25
106015,1028,3426,2,5,0,5,2270,11411.649195,14622.7
106016,4,3073,2,-2,1,4,1500,1434.4325728,9772.96
106017,4383,1236,2,1,1,2,1750,4900.5967548,14547.2
106018,5611,825,2,1,1,3,2700,4950.8383058,26656.39
106019,9862,225,2,2,0,3,2250,7304.4440535,7891.99
106020,7214,608,1,3,1,2,840,1350.1303827,3875.79
106021,6257,774,4,1,1,2,800,8786.9415139,5664.56
106022,6913,480,1,7,1,2,1020,8254.8515366,8590.08
106023,1823,2299,1,1,1,1,980,5974.2277941,11274.04
106024,796,3397,2,5,1,5,2400,11072.06161,20022.08
106025,5313,906,2,1,1,1,2160,8013.1771261,6707.53
106026,2422,1838,2,1,1,3,2000,7578.1636525,1561.34
106027,5849,1047,2,1,1,2,1300,6555.2470117,6048.19
106028,1123,3289,4,1,1,4,1000,10035.065998,6528.04
106029,5389,1043,2,3,1,3,660,4838.064188,12757.4
106030,2974,1577,2,1,1,2,1800,6367.6020223,12651.18
106031,2863,2154,2,2,1,1,1800,11318.272945,5339.15
106032,5073,211,2,1,1,2,1690,5121.1267519,10904.68
106033,1,3699,2,-2,1,5,1500,1388.1721271,10566.5
106034,3332,1714,4,3,1,1,800,6177.6534472,16045.12
106035,1831,2855,2,1,1,2,2500,6460.1969104,14895.09
106036,4055,1386,5,5,1,2,1100,4569.7076254,10008.46
106037,305,4446,2,5,1,5,5000,14698.363617,48801.46
106038,2084,2059,2,5,1,1,4120,6870.3567308,7121.77
106039,4572,1298,2,1,1,1,2070,8338.7020564,9391.62
106040,3347,1720,2,2,1,5,2200,5227.2245593,9842.2
106041,905,5278,2,5,1,3,2400,5205.535684,21543.06
106042,4746,1381,3,1,1,2,700,4011.9412882,13450.67
106043,1297,3398,5,5,1,1,800,12829.878535,2243.29
106044,4180,1274,2,2,1,1,3150,3176.070912,10692.54
106045,2253,1383,4,5,1,4,900,20395.950495,4306.52
106046,4686,1113,5,1,1,4,780,10236.482762,6925.01
106047,6903,502,2,2,0,3,5000,2554.4813961,8448.32
106048,3205,1660,1,1,1,1,1280,5563.0729698,8318.07
106049,8666,449,2,1,1,3,1910,2149.1843023,5861.4
106050,3329,1521,2,5,1,1,2200,5936.8757603,22022.47
106051,10564,1,4,1,0,1,900,881.31283265,1757.56
106052,1156,3312,4,5,1,1,800,8989.8173309,10060.44
106053,3425,1568,2,1,1,2,2270,5580.9976321,14312.49
106054,6105,570,2,2,1,1,1800,4714.7183426,11372.33
106055,4733,1004,2,3,1,3,1560,5697.0739165,7290.77
106056,958,3167,2,5,1,2,2360,13122.828572,13392.94
106057,2092,904,3,1,1,1,1200,5651.9966398,3937.28
106058,4855,1048,4,1,1,1,670,5976.5525383,3389.03
106059,7132,887,2,1,1,5,3160,7122.5452928,21974.48
106060,5616,792,3,5,1,4,1800,6696.8521051,14440.44
106061,1127,3053,3,5,1,2,1510,6450.0426271,11883.27
106062,5402,1038,5,1,1,2,1100,3692.3614775,4080.95
106063,5342,901,5,5,1,2,700,5776.511214,6775.94
106064,2813,1734,5,5,1,1,1220,15469.496396,8438.31
106065,2396,1337,3,5,1,4,1500,5002.2338139,6143.47
106066,2078,731,2,1,0,2,1220,10176.627664,3085.18
106067,4409,1128,2,1,1,2,3250,5076.9033702,9836.71
106068,7616,348,2,3,0,2,2130,2419.5150684,4732.97
106069,1135,3626,4,-2,0,1,760,10491.313174,4125.19
106070,736,3662,2,5,1,4,2360,5456.6357248,12323.88
106071,4777,1185,2,1,1,2,1310,5979.7219245,9709.2
106072,0,4942,5,-2,0,2,1300,2016.318681,5299.18
106073,1883,2812,2,1,0,1,1050,11735.742725,6344.3
106074,5066,199,2,5,0,1,3800,6915.4076065,22003.36
106075,7236,857,3,1,1,3,1750,4232.0021579,7660.93
106076,4040,1296,5,5,1,5,1280,12118.666607,10734.9
106077,2747,1774,2,5,1,2,1900,5513.5817779,21984.46
106078,4130,1402,2,1,0,4,3750,6241.3972162,16564.25
106079,8741,320,2,7,1,4,2400,5894.7339161,17959.59
106080,4419,1463,2,1,1,3,1680,10561.703856,13330.4
106081,4189,1344,4,1,1,4,1430,13320.728667,3679.02
106082,3290,1849,3,1,1,2,880,2232.5034516,13664.74
106083,2135,2069,1,-2,1,1,2000,7985.5716944,11854.63
106084,2810,1484,2,1,1,1,1880,8678.7117644,8105.52
106085,1868,2779,2,5,1,2,960,11383.332238,12597.07
106086,4256,1335,3,1,1,2,1500,5935.9406695,5400.17
106087,5752,834,2,5,1,1,1820,8947.24431,11438.19
106088,1987,511,5,5,0,1,680,15203.401548,1930.85
106089,0,5033,2,-2,0,2,1400,1761.834151,4805.84
106090,4010,1087,2,1,1,3,2100,3495.1873549,18585.86
106091,4195,1209,4,1,1,1,790,8250.5229831,5401.5
106092,1915,2348,2,5,1,2,5350,6678.2364973,25316.68
106093,3214,1577,3,7,1,2,1500,1840.4781371,8463.5
106094,4864,1053,2,1,1,4,2250,4910.5752075,4258.2
106095,5592,898,2,3,1,2,3700,3777.4889686,25497.71
106096,4690,998,2,7,1,2,1350,9109.0578535,4059.83
106097,7646,150,1,5,1,1,780,2621.214439,13709.94
106098,2342,2846,1,5,1,3,960,13903.556198,10986.72
106099,6113,921,2,1,1,2,3270,7397.96727,11267.7
106100,3758,1582,2,1,1,5,3150,6651.6409438,17274.26
106101,6674,680,2,1,1,5,1150,4578.8882018,11475.49
106102,3733,1562,2,5,1,1,1510,6447.509753,15942.7
106103,3661,1494,2,5,1,3,3000,9668.0453221,19100.23
106104,6756,730,3,1,1,2,1200,4388.6610746,3926.74
106105,2543,2120,2,1,1,2,2000,10833.530319,10783.11
106106,629,5096,1,1,1,2,1800,9119.9561511,11586.32
106107,6342,648,2,5,1,6,2120,2494.6302979,11663.15
106108,7319,862,2,2,1,2,4400,5269.0179732,17165.08
106109,835,4585,2,1,1,2,950,14188.18987,5650.16
106110,3267,1345,2,1,1,2,3400,6746.0323182,13855.17
106111,774,3556,2,1,1,3,1200,5646.5121174,12515.68
106112,2839,1992,2,1,1,1,2200,10878.400993,4398.02
106113,4412,216,2,5,0,4,3300,5653.4007433,27314.47
106114,1080,5148,2,5,1,2,1920,4772.0412048,11890.03
106115,6235,864,2,1,1,1,1620,8775.8387068,3559.09
106116,9160,499,2,99,1,3,2850,944.26896813,31501.43
106117,5912,822,2,1,1,3,3000,3097.467814,3960.11
106118,5906,1234,5,1,1,1,650,8896.2232905,3690.09
106119,1379,4005,2,1,1,3,1600,4401.0521447,5349.27
106120,2380,1925,1,5,1,1,1000,12135.468975,14652.52
106121,7211,394,2,1,1,1,2700,5959.7949615,4591.96
106122,1896,2673,2,1,1,2,1800,10600.191622,11174.25
106123,5095,894,2,3,1,3,3790,3548.9743416,13317.82
106124,1220,2403,3,1,1,3,2500,7635.528267,9232.02
106125,4201,1355,5,5,1,1,800,12222.897111,6559.1
106126,7174,895,2,1,1,1,2500,6214.7488785,1788.8
106127,5004,1114,5,5,1,2,1400,12098.391407,7047.93
106128,6865,726,2,1,1,2,2800,5852.2628302,6610.96
106129,874,5362,2,5,1,3,1580,6612.4525428,17497.62
106130,4570,1189,3,1,1,3,1200,4785.0657776,6740.44
106131,6774,701,2,5,1,2,1660,1636.9681064,20584.81
106132,5860,765,2,1,1,1,1730,5437.7958809,5987.65
106133,5797,805,1,1,1,6,1680,8738.656816,7423.15
106134,3518,1378,2,5,1,2,1400,6482.6723588,15086.27
106135,4886,850,2,5,1,1,1400,8208.0308736,23665.89
106136,7414,438,1,3,1,2,1600,2206.8215655,6622.64
106137,5797,821,2,5,1,2,2350,2585.3970983,27422.95
106138,138,4720,2,5,1,3,3050,13919.779638,19802.04
106139,842,3427,2,5,1,4,1400,10901.594895,23219.84
106140,4123,1289,2,1,1,2,1500,9277.8525162,3634.12
106141,7413,775,2,1,1,1,2230,6218.7051387,5643.87
106142,1115,3489,2,5,1,1,1040,12435.491208,9176.15
106143,4341,1482,5,1,1,1,650,8260.8317943,2165.22
106144,4322,1120,5,5,1,1,600,10248.566679,3190.99
106145,10553,6,2,1,0,2,1850,867.07400726,4396.52
106146,2333,2846,2,1,1,1,1360,14130.387482,8450.94
106147,5149,1139,2,3,1,4,1400,6131.2192525,9867.29
106148,6457,563,4,1,1,1,1100,9141.9245354,2837.85
106149,1326,4097,3,5,1,2,800,2316.0198641,12431.5
106150,2249,324,5,5,0,1,500,19408.801439,3941.64
106151,948,5174,4,-2,1,2,750,9536.6938897,10456.26
106152,5227,917,4,1,1,5,1300,8231.897874,5012.63
106153,5334,821,2,1,1,3,3400,3553.7116825,5782.33
106154,4312,252,2,1,0,3,3480,7104.2754014,7807.36
106155,1779,4223,2,5,0,2,700,5221.6100849,16196.36
106156,3592,1422,2,1,1,2,900,4955.0998557,9468.52
106157,4835,1332,2,1,1,1,4070,8343.6232444,11961.02
106158,6857,535,2,1,1,1,2500,1186.9270361,3452.98
106159,5623,795,3,1,1,1,1780,6512.851111,7131.24
106160,1231,2937,2,5,1,1,2200,9730.561139,12772.72
106161,5024,1619,2,5,1,1,3060,6159.8891703,6562.12
106162,6391,807,2,7,1,2,4000,7644.8169323,8395.01
106163,390,4222,2,5,1,3,5360,10041.391256,63685.49
106164,2408,2035,2,5,1,2,2400,7256.0380295,12039.17
106165,2793,1645,2,5,1,1,1300,4773.4126764,3036.04
106166,4187,1437,2,5,1,2,1520,5343.9779881,14195.95
106167,4197,1373,5,5,1,2,850,13251.767519,4458.38
106168,6553,572,2,1,1,1,2880,5818.0305658,8435.4
106169,1303,860,2,5,1,2,2050,11617.070599,6051.02
106170,5076,1059,3,1,1,2,1460,2442.3213299,5863.24
106171,3918,712,2,2,1,2,4050,6543.2776512,13103.78
106172,6751,742,5,-2,1,2,750,8950.1999935,5169.68
106173,4202,1332,3,1,1,2,880,7305.4792298,7052.07
106174,3241,1614,2,2,1,1,1000,9658.4355752,4320.47
106175,6001,809,2,1,1,6,1250,10816.507871,14751.92
106176,6973,351,2,1,0,1,2850,7273.0666046,4004.55
106177,4188,1364,5,1,1,1,750,13181.724191,3988.92
106178,14468,1,5,3,0,2,750,1104.8797355,2311.01
106179,1089,2924,2,5,1,1,2020,5780.6288096,10419.16
106180,5012,1072,2,5,1,2,4880,5698.3153831,20542.45
106181,4449,1455,2,7,1,3,1600,6048.2859501,16165.96
106182,4615,175,2,5,0,2,1650,5747.5231749,9498.99
106183,5779,1049,2,1,1,6,4380,3190.3875234,14485.92
106184,1871,2786,2,5,1,4,2300,6713.9050379,14307.93
106185,7149,867,2,2,1,2,2000,7027.7951593,14718.97
106186,7274,840,2,1,1,7,3150,6491.0120795,13405.06
106187,3234,1718,5,5,1,2,1100,7370.7556187,11153.44
106188,7762,783,2,2,1,5,4460,1546.1723454,21334.71
106189,2162,2224,2,1,1,3,1030,5386.0160543,14458.77
106190,5815,785,2,1,1,2,2600,5463.7164434,9757.5
106191,3902,1379,3,5,1,3,2400,1202.5922604,14208.87
106192,2663,1887,2,5,1,2,1000,5194.1351722,17074.46
106193,3700,1633,5,5,1,2,1190,5606.1772235,10626.26
106194,9749,391,2,3,1,2,5250,1021.3248509,10253.0
106195,8079,289,2,3,1,1,2400,1068.9902377,6014.76
106196,343,4414,2,5,1,2,1840,10189.538877,13308.51
106197,7085,647,3,1,1,2,2700,3729.6940327,8761.27
106198,3335,1713,5,-2,1,2,780,1374.4350045,5573.06
106199,2253,1388,4,1,1,3,1100,19571.022434,5278.88
106200,2399,1815,2,5,1,3,3600,10410.387855,30746.66
106201,1004,1193,2,1,1,3,3190,8016.6501336,15540.12
106202,5817,689,2,2,1,2,3520,8404.1768153,6328.48
106203,6958,447,2,3,1,1,2280,2765.3228935,5585.73
106204,6203,714,2,1,1,2,3030,14510.804648,15825.8
106205,2144,2146,2,2,1,2,1230,10570.089661,9272.35
106206,4409,1293,3,5,0,1,1500,6357.7239891,13758.96
106207,1286,1798,4,1,1,1,350,15233.606282,4297.23
106208,5167,948,5,5,1,2,1300,2181.7726473,2750.06
106209,1283,3000,2,5,1,2,3000,4812.3211229,9095.79
106210,5036,129,2,1,0,1,2500,5961.0338048,7015.12
106211,4630,1151,2,1,1,2,1970,3203.3865656,10355.55
106212,1967,813,5,1,1,1,680,12025.705692,2099.52
106213,5522,938,2,1,1,4,1440,12102.95835,10296.38
106214,336,4389,2,5,1,2,1700,15246.997639,17313.25
106215,1856,2728,2,1,1,4,1600,8949.8840548,11617.62
106216,4848,1087,2,1,1,1,4400,7123.0199853,7820.94
106217,882,1486,5,-2,0,5,650,19811.937583,4064.66
106218,3170,1274,2,2,1,1,2400,9533.1342333,6434.41
106219,5190,937,4,1,0,2,800,4415.3782655,1972.9
106220,5865,875,2,2,1,4,6480,7067.7669408,14720.91
106221,5972,950,3,1,1,1,1440,3294.9568173,4001.04
106222,6512,963,2,1,1,1,1340,4475.3766801,8810.13
106223,8403,555,2,1,1,3,2300,1634.0758493,16108.16
106224,880,5345,2,-2,1,5,1590,6611.2227776,16296.6
106225,3724,1519,3,1,1,1,1500,4191.7691548,21093.66
106226,4511,325,2,1,1,7,1700,4697.8024112,12035.03
106227,6131,847,2,3,1,3,3900,2701.3247795,7419.86
106228,5996,796,2,5,1,2,1750,6762.8704928,22033.04
106229,756,3618,2,1,1,4,2840,5578.5692993,17775.87
106230,2963,1532,2,1,1,2,3700,6786.4435454,8572.79
106231,4370,1276,3,5,1,3,1000,7253.8762785,7038.73
106232,4930,1168,5,5,1,1,400,8884.7695058,5701.03
106233,6082,954,2,2,1,4,1100,11834.41558,8334.17
106234,4365,1253,2,1,1,3,7500,4878.6343145,21282.67
106235,6002,809,2,1,1,5,2300,10995.422485,13726.89
106236,4691,1147,3,1,1,2,2250,8857.8382781,10471.99
106237,3541,1627,2,1,1,2,2630,9809.6080133,8138.45
106238,1958,1167,2,5,1,4,1530,9432.7350893,13233.43
106239,5275,879,1,5,1,1,800,21672.293167,6793.61
106240,1840,2782,3,1,1,5,1450,5735.9012741,9228.46
106241,8176,276,2,2,1,2,5800,2799.1118472,9832.89
106242,4414,225,5,5,1,3,1300,6809.6867922,7877.53
106243,6431,784,1,1,1,4,780,1767.7374669,3449.4
106244,5044,1077,2,1,1,2,1600,6747.0275909,15764.77
106245,5501,896,2,3,1,2,1650,9104.1544479,4724.42
106246,2737,1904,2,1,1,4,2200,6425.4331191,33402.94
106247,3408,1464,2,2,1,1,2200,10077.711313,10649.71
106248,1064,3478,2,5,1,2,1100,10134.886398,20072.72
106249,2656,1746,4,5,1,1,750,10545.93696,7161.44
106250,6995,928,2,1,1,1,2110,1781.5798186,7991.94
106251,875,5356,2,1,1,2,2000,6571.8083476,7125.31
106252,5065,1060,2,1,1,2,1400,1988.9907185,5617.23
106253,937,3506,2,1,1,3,1980,7675.990927,13629.37
106254,1140,1495,5,5,1,2,900,14383.904842,2705.54
106255,10505,6,2,1,0,5,3190,660.42108167,11374.22
106256,616,3779,2,5,1,2,2620,9137.1697126,15483.05
106257,6457,322,2,1,0,2,1560,2157.6199072,11562.53
106258,7027,655,5,5,1,1,400,2800.7742378,3556.91
106259,1211,3215,2,5,1,2,3340,6756.1063885,11142.96
106260,5070,1054,5,5,1,1,780,3687.0137208,7176.0
106261,2283,1902,5,1,1,1,450,12427.37379,5271.86
106262,4194,1371,5,5,1,6,1100,10936.673134,12040.16
106263,3701,747,5,5,1,2,1060,6782.3480018,6067.47
106264,6046,838,4,5,1,1,800,4071.1352726,6300.29
106265,3887,1217,2,5,1,1,1200,6612.3643431,11741.99
106266,6210,856,4,1,1,1,1250,4080.1988972,11273.25
106267,1572,3052,2,1,1,4,2620,8615.1271018,20253.73
106268,4328,1601,2,1,1,3,2080,5112.3314196,15675.24
106269,779,2000,3,-2,1,6,960,9501.7776689,7312.3
106270,1252,1839,5,-2,1,2,750,14652.219468,2700.83
106271,2795,1915,2,5,1,4,3000,4008.9661771,14854.92
106272,1053,2202,2,5,1,4,3900,9236.2931557,11039.69
106273,5695,775,2,3,1,5,3750,4129.3307208,13310.34
106274,3331,1715,3,1,1,1,1030,947.04335055,4191.47
106275,7222,649,3,1,1,1,1050,3385.0288146,3492.21
106276,5963,799,5,1,1,3,1100,6590.7143373,5247.43
106277,4785,768,2,5,1,2,1380,3754.8173147,24039.9
106278,4614,1213,2,1,1,2,1300,5925.409963,10255.87
106279,5482,922,2,1,1,2,1630,5301.3997017,6640.7
106280,1195,3043,2,1,1,1,950,12075.444206,8341.13
106281,5012,1113,2,1,1,3,2700,14717.340671,7560.46
106282,6404,826,2,1,1,2,2850,3901.7880159,16398.59
106283,2259,2483,2,5,1,3,1830,8450.7265088,16763.17
106284,2860,2031,2,5,1,3,1060,3434.9372303,13660.59
106285,5209,933,2,3,1,1,2860,4930.1458378,5927.69
106286,1937,2300,1,5,1,5,2400,5375.8589947,8451.0
106287,5030,738,1,3,1,2,1470,4062.6003545,7470.11
106288,4335,1215,2,3,1,5,3300,5345.8788703,10091.63
106289,5556,1210,2,1,1,5,2400,10159.535744,9785.79
106290,1533,2513,5,5,1,1,600,12080.288369,5718.51
106291,4184,1264,3,5,1,2,700,1867.0255726,8959.75
106292,8809,544,2,3,1,1,1800,799.04841897,6995.78
106293,4463,323,2,7,1,2,1320,5334.8138866,11079.1
106294,6398,592,4,1,0,1,650,3847.8395766,1261.31
106295,6502,592,2,1,0,2,1400,2367.0226241,7439.5
106296,2125,2068,2,5,1,3,1530,5474.4184082,18662.88
106297,6481,781,2,1,1,4,3800,9429.7969801,9558.86
106298,4470,1224,2,1,1,1,2700,7456.9133612,9150.26
106299,6999,405,3,3,1,4,2550,1228.9711852,14717.61
106300,3565,1540,1,5,1,4,1570,3917.4773087,20117.52
106301,6044,765,2,1,1,2,1600,3162.0650153,5366.05
106302,7722,471,1,3,1,2,860,1379.4584247,7543.19
106303,6689,513,2,3,0,1,2400,8025.1779021,7226.31
106304,10749,1,2,1,0,3,2500,677.0581435,8768.23
106305,98,4907,5,-2,0,2,1200,15115.328232,8588.56
106306,7895,451,2,1,1,2,3000,1114.9100234,6606.84
106307,5848,1155,2,1,1,4,2600,2963.623825,12387.07
106308,6057,826,2,1,1,4,1390,3667.2189159,5661.34
106309,4687,145,3,1,0,2,1400,3652.6915473,11754.91
106310,6165,1042,2,1,1,5,2470,6225.4939244,12830.74
106311,8318,451,5,1,1,1,1000,6590.1559112,2801.94
106312,4902,1155,2,1,1,2,1380,8836.447573,5534.94
106313,4907,39,1,7,0,1,1700,5237.804529,9525.73
106314,3892,1571,1,1,1,2,1600,10479.517205,11820.81
106315,748,3628,3,-2,1,1,800,2469.9592348,3397.82
106316,5784,700,2,1,1,3,2550,11540.229824,8951.84
106317,3323,1688,1,5,1,3,1280,4640.4128034,19693.91
106318,6720,647,2,7,0,2,2400,3986.1084868,7105.26
106319,5271,865,2,1,1,3,1580,1896.6518809,6837.0
106320,919,3537,5,5,1,1,1110,14007.080933,7699.36
106321,7425,272,3,5,1,2,1550,1993.514048,9589.15
106322,877,5350,2,1,1,2,1750,5984.5921235,13164.58
106323,2011,1132,5,5,1,1,800,15023.383398,4299.34
106324,1475,2594,2,7,1,3,1600,8010.9839025,22275.94
106325,5476,969,1,5,1,2,2380,2063.6254258,15863.18
106326,874,5362,4,5,1,5,1110,6423.4881887,11232.75
106327,1177,2185,2,1,1,3,2400,10354.402668,9725.35
106328,1273,3043,2,5,1,2,1800,8457.271307,16103.74
106329,6683,833,2,1,1,1,1650,958.35964075,7977.58
106330,4602,285,2,1,1,4,2700,5534.7389707,14101.93
106331,6697,985,2,5,1,6,3000,1492.9885461,22694.33
106332,5255,940,4,1,1,5,560,10350.595607,3678.65
106333,2,3210,2,-2,0,6,3150,1721.7063473,3001.36
106334,4936,1147,2,5,1,4,1700,6355.2217417,18449.66
106335,2866,1595,5,5,1,1,1500,11654.021487,4577.08
106336,91,4998,4,5,1,2,700,14256.697007,19530.93
106337,6034,794,2,1,1,5,2840,8029.2072425,11154.28
106338,2654,1801,2,1,1,3,2800,6497.5894524,7276.98
106339,2824,1675,5,5,1,2,950,12296.722367,10508.87
106340,4247,1239,2,3,1,1,2550,3682.7602755,7070.87
106341,3189,2028,2,1,1,4,470,6904.0151767,10476.84
106342,3690,1437,2,7,0,3,2000,10593.758099,9445.3
106343,3579,1642,2,1,0,1,1500,3407.0861084,10372.07
106344,8077,555,2,2,0,2,1200,922.55987111,12480.93
106345,0,4908,5,-2,0,4,860,1888.0515897,6234.54
106346,5177,924,2,1,1,1,2680,11888.269918,9898.25
106347,4788,1110,2,5,1,1,1610,11261.879451,13715.27
106348,4536,1145,2,1,1,1,2500,3678.4251732,8453.53
106349,857,3303,2,1,1,1,1950,7594.5331777,13475.11
106350,10779,1,2,1,0,4,2600,860.85925918,10720.48
106351,4593,1100,2,7,1,2,1730,11456.558177,12282.77
106352,4966,1154,3,1,1,2,2030,7484.57642,4960.77
106353,5240,934,2,1,1,5,2000,5410.1080244,7393.77
106354,1328,4095,2,5,0,5,1700,4997.6137383,23235.25
106355,4189,1367,4,3,1,1,650,12520.440291,3308.59
106356,707,3548,4,5,0,4,1200,10955.222534,11130.36
106357,1831,2855,4,5,1,2,1010,6981.4776689,19186.41
106358,6220,260,1,1,0,2,2000,2278.0522951,7030.58
106359,6073,761,2,1,1,3,2730,5491.0117474,22194.61
106360,7598,407,1,1,1,1,880,730.152715,4494.57
106361,4409,343,2,1,1,1,1200,5043.7627002,4261.42
106362,4713,1335,2,1,1,2,980,4763.3318994,9342.06
106363,6153,747,3,1,1,1,1850,9131.7089307,5178.06
106364,4574,1022,2,1,1,3,1680,4177.1629181,14489.27
106365,8716,642,2,1,1,4,5450,739.40163782,47579.59
106366,7445,388,5,1,0,1,850,3864.1266007,3121.53
106367,4950,982,2,3,1,2,1760,7039.6177257,10540.94
106368,4720,1115,2,1,1,2,1300,6289.0413226,6573.76
106369,3186,1842,3,1,0,4,700,2222.5960419,6791.45
106370,754,3420,2,5,1,2,1300,11410.932853,18391.16
106371,2847,1890,2,1,1,4,2160,3160.0520349,11247.4
106372,4818,241,2,7,1,2,3260,5941.0287025,12693.03
106373,6369,616,2,2,1,2,1900,2440.2666824,4144.55
106374,5505,1100,2,1,1,3,1250,8295.8063777,14566.71
106375,7996,631,2,1,1,2,1440,843.68365144,9212.42
106376,3165,1761,3,1,1,1,3100,1805.5008605,17055.65
106377,6103,755,5,1,1,1,930,6861.7408821,4235.05
106378,4231,1291,2,1,1,2,3000,8203.5572123,9187.13
106379,4197,1352,5,5,1,2,1160,13011.837779,8156.55
106380,926,3472,2,1,1,2,2020,9662.8820814,15474.02
106381,885,3553,4,5,1,2,750,9995.7073122,9832.77
106382,7182,894,5,5,1,2,1140,9693.9352504,2960.16
106383,1607,2404,2,5,1,2,2560,5366.4749425,17780.48
106384,5176,973,2,1,1,3,3100,8393.3553544,16069.26
106385,7402,399,2,1,1,1,4800,2726.8507889,7129.71
106386,4169,1285,2,1,1,5,630,3979.2557175,8379.75
106387,4182,1354,2,1,1,2,3500,7554.6234761,11058.26
106388,1250,4514,4,5,0,1,800,6486.3734791,8010.17
106389,5188,1145,2,1,0,6,1520,16487.338979,24775.56
106390,5203,875,2,3,1,1,1390,1918.4662639,7658.31
106391,8021,10,2,2,0,2,3000,5732.5546537,5019.84
106392,1374,4014,3,5,1,2,1400,2179.0916494,13396.75
106393,6112,828,2,1,1,6,5170,5720.6679739,13164.47
106394,804,3770,5,5,1,1,680,11959.234256,715.76
106395,6302,874,2,5,1,4,2050,3793.1533786,11216.59
106396,1954,2710,5,5,1,2,1200,16623.227789,15706.05
106397,4243,1160,2,5,1,1,10000,4205.7535707,33543.23
106398,876,5351,1,5,1,1,1200,3967.8023444,10712.0
106399,2034,2657,4,5,1,2,1100,11912.810495,16338.79
106400,1288,4448,2,1,1,2,1570,6378.4306224,15016.74
106401,2282,315,2,1,0,4,1300,11056.771069,3368.26
106402,3380,1483,2,5,1,1,2150,3439.0262479,18111.39
106403,5911,709,2,3,0,6,1650,9140.5375235,15762.26
106404,4663,1136,2,1,1,1,1710,5402.8839769,6312.74
106405,2736,1782,2,5,1,1,1150,7949.5326549,11892.02
106406,5973,812,3,1,1,2,1150,4209.2745848,7934.26
106407,874,5362,2,5,1,2,2200,4527.9499081,15282.76
106408,754,3606,2,-2,1,4,1300,6066.4970567,21353.14
106409,10652,1,2,1,0,3,4000,721.84951616,7261.69
106410,4196,1321,5,5,1,4,750,7641.1633884,3935.63
106411,3628,1372,1,7,1,1,720,9939.8229397,5656.76
106412,1990,2236,4,5,0,3,480,7265.9245027,10577.74
106413,2024,2518,2,1,1,3,1950,7296.6088053,10680.54
106414,92,4942,5,-2,1,2,1000,17282.417451,10258.46
106415,2750,1737,2,1,1,2,5000,12224.167086,13938.17
106416,2265,2051,2,1,1,2,890,4402.4559373,11638.42
106417,6120,589,2,3,1,3,2400,4566.2277276,13160.48
106418,5726,955,2,1,1,3,2000,9498.3151858,7545.17
106419,6128,1077,2,1,1,2,930,3732.3745165,13256.76
106420,1831,2855,2,5,1,3,1130,10420.203337,22405.73
106421,5974,864,4,1,1,2,5000,14475.667012,9316.47
106422,5052,1095,2,1,1,2,2300,11911.533517,8951.19
106423,6120,919,2,1,1,1,2400,4471.1815149,5005.18
106424,3347,2313,2,1,1,2,980,12369.81763,5921.31
106425,6408,597,3,1,0,1,4500,1791.5135998,6688.51
106426,5846,1138,2,5,1,2,3750,2950.687274,21892.11
106427,5487,1231,5,1,1,1,1090,12438.75105,4143.91
106428,2215,2117,2,5,1,2,1900,7234.7661881,20840.9
106429,3177,1852,2,1,1,2,980,6037.477583,30483.04
106430,4829,1136,2,2,1,2,1550,8509.8654568,15686.72
106431,5584,882,2,3,1,2,7100,3588.5272249,13347.48
106432,1718,2455,2,1,1,2,1730,3696.4781284,6303.4
106433,6378,684,2,1,1,4,1880,8816.757947,16739.0
106434,3161,1438,2,5,1,1,1000,8090.9365694,10373.98
106435,6371,700,3,1,0,2,3200,4442.9149346,2405.75
106436,816,1650,5,5,1,5,780,9253.9563701,4165.69
106437,2913,1524,2,2,1,1,1600,6188.7596206,6663.72
106438,6298,638,2,3,1,5,2700,3441.8154137,15153.48
106439,6617,844,2,1,0,3,1400,845.10280038,3517.05
106440,1624,2580,2,5,1,7,3850,7984.3499893,32867.19
106441,5878,641,2,1,1,5,2310,4101.2217865,12576.55
106442,5228,864,2,3,0,1,1280,1997.9897703,1792.78
106443,8180,493,2,2,0,1,2000,967.80237391,5035.78
106444,4580,1168,2,1,1,4,3480,15266.784904,13261.23
106445,2611,1732,2,1,1,3,3300,7331.5474458,17469.06
106446,4146,1223,3,1,1,1,2330,950.39215365,4345.61
106447,5201,948,2,3,1,1,3000,12376.141078,5001.88
106448,4230,1312,5,3,1,1,780,11167.967066,1275.3
106449,4900,1156,5,5,1,1,700,11839.738695,4534.25
106450,4912,1264,2,1,1,2,2120,5143.403895,18583.42
106451,5063,1094,2,1,1,3,2030,14765.046247,9964.75
106452,5274,922,4,1,1,4,1200,8446.3431313,3440.06
106453,3627,1343,2,5,1,2,1550,2253.5767606,13503.54
106454,5688,983,3,1,1,3,1500,2406.1545381,10052.68
106455,7453,704,5,5,1,5,800,8323.9928822,2572.31
106456,5145,100,2,2,0,1,2020,6069.5784099,7473.82
106457,1090,4855,2,1,1,4,2600,4894.1965049,22047.58
106458,5399,1168,2,1,1,2,3700,4710.3407582,12102.43
106459,4266,1307,1,5,1,2,1600,7654.4968944,14197.69
106460,4344,1614,2,2,1,3,2010,4703.876357,25527.74
106461,5528,1221,5,5,1,1,800,9470.5639597,2139.34
106462,3343,1710,2,1,1,1,2600,1318.7569994,2069.89
106463,5173,1462,2,1,1,4,4000,4332.2860245,16177.19
106464,1419,2744,2,1,1,4,1560,5535.8377592,20285.51
106465,6349,626,2,3,1,1,1880,6136.1598284,6380.58
106466,8668,414,3,1,1,2,2690,626.76303205,5420.26
106467,3369,1415,2,5,1,7,3000,6177.5638297,32540.52
106468,2147,2067,2,1,1,2,1180,8049.403773,10685.92
106469,8687,655,5,5,1,1,1100,1837.1308638,8041.34
106470,4948,1149,2,5,1,1,3400,8534.9378545,13113.92
106471,3276,1997,2,1,1,2,1040,3943.4385898,16074.37
106472,4762,1102,5,5,1,3,1160,9655.5263204,9997.99
106473,8303,0,4,5,0,2,900,903.29123261,13814.32
106474,3903,1487,2,5,1,2,2420,6574.8671777,12433.03
106475,5958,958,2,1,1,2,2130,4551.6949768,11108.09
106476,5288,1179,2,1,1,3,3140,4942.2044808,9573.99
106477,1233,2975,2,5,1,2,2780,8825.7726095,21654.37
106478,5991,867,2,1,1,2,1740,5924.8943069,4646.28
106479,4745,1124,2,2,1,3,3680,8645.2224129,10272.94
106480,4286,259,2,1,0,1,4200,6832.6426035,4339.02
106481,2909,1552,2,5,1,3,600,5598.2747761,5053.06
106482,3976,1326,5,1,1,2,1110,9146.1153648,9531.79
106483,9417,517,5,2,1,2,1250,1148.7683176,10184.68
106484,3117,1661,2,2,1,1,880,9365.0928336,10101.55
106485,7395,253,3,1,0,3,1630,2202.8343416,10900.32
106486,4195,1329,2,1,1,4,2030,7670.3870033,11309.81
106487,5177,938,2,1,1,3,1150,2160.3896856,4482.22
106488,3758,1284,2,5,1,2,2880,7857.4238379,23926.11
106489,6470,764,2,1,0,1,2670,1996.3221027,2478.55
106490,2862,1419,2,5,1,2,2200,8854.1560156,16241.47
106491,7011,535,2,5,0,2,4000,2606.1373959,17300.84
106492,5625,962,2,1,1,2,2470,6704.7613713,7364.89
106493,1010,5023,2,5,1,1,1860,4528.4871392,12297.83
106494,1869,2809,2,1,1,3,970,14150.730104,3692.13
106495,10470,7,2,1,0,2,1500,728.0006903,10089.24
106496,5349,916,5,1,1,3,1600,6696.846626,5615.84
106497,5117,1274,5,1,1,2,750,7053.1839284,5252.35
106498,3347,1720,2,1,1,4,4400,3638.6483788,13060.12
106499,5246,794,2,3,1,4,3000,2187.5376266,11657.81
106500,1156,3312,2,1,0,2,1550,7092.1817,9017.58
106501,0,5006,2,-2,0,1,3200,1450.8569799,7472.56
106502,2149,2061,2,5,1,2,2350,7537.826893,13524.27
106503,2616,1878,2,1,1,4,1850,9329.3802214,8672.74
106504,716,3323,2,5,1,2,1000,11240.687591,12822.48
106505,3778,1452,4,5,1,1,750,1349.4939979,11558.75
106506,4873,959,1,2,1,1,1470,2501.0994143,7691.27
106507,6080,1203,2,1,1,3,2550,3681.714737,13655.26
106508,6391,778,2,2,1,2,3600,5153.310621,12678.22
106509,5290,35,2,5,0,2,1900,5944.1780717,16487.26
106510,1,3458,2,-2,1,4,2800,1329.9517485,20371.86
106511,1091,2925,1,5,1,2,2560,6291.6537036,18737.8
106512,5504,751,2,2,1,2,2000,2268.6539573,8324.79
106513,4695,1165,2,1,1,2,2180,5402.8839769,4524.54
106514,874,5362,1,5,1,1,400,8835.8610975,9234.66
106515,4754,1147,2,1,1,4,2190,6783.5070204,11506.33
106516,5329,960,2,1,0,1,1110,5492.0011582,5683.69
106517,1871,2391,2,1,1,2,2000,4650.6593348,9605.62
106518,4414,327,2,5,1,6,3440,4985.7326295,22259.87
106519,7372,570,2,1,1,4,3000,4830.4340974,9301.08
106520,963,3036,1,5,1,1,700,13466.483941,23004.0
106521,6485,364,2,1,1,1,2250,2095.2503274,12917.41
106522,2668,1694,2,1,1,1,1000,5149.7983658,7215.21
106523,5204,949,2,1,1,2,1800,16101.202179,7677.92
106524,6452,838,2,1,0,4,2060,10421.825556,7833.75
106525,7130,873,5,1,1,2,700,9325.9306602,3369.87
106526,4499,320,5,5,0,2,900,8091.5033953,8404.86
106527,6855,536,2,1,1,7,1620,1918.7007688,6179.07
106528,2083,2555,2,1,1,2,4000,6630.3587435,20157.96
106529,7378,782,3,1,1,1,900,4490.7521118,5059.76
106530,776,3805,4,5,1,6,350,11946.503548,11692.76
106531,393,4192,2,5,0,3,1400,12093.747924,9044.83
106532,4730,1322,2,1,1,4,3400,4099.3596388,10929.74
106533,6422,802,2,5,1,2,3400,7645.4606764,25501.29
106534,6031,791,3,5,1,1,1790,6420.1663587,6803.82
106535,4650,1141,2,1,1,2,2380,5770.6519144,8146.44
106536,6242,878,2,1,1,2,3710,3893.9784876,12130.41
106537,3917,1255,2,7,1,3,2500,5311.7429485,23396.71
106538,4425,1240,3,1,1,7,3050,3583.4657902,22787.69
106539,5782,887,2,1,1,2,2300,5856.1895236,13082.9
106540,5575,872,5,1,1,2,860,7341.829362,4549.77
106541,3925,1343,5,5,0,2,780,1855.2038256,9551.75
106542,1253,4529,1,1,1,2,750,7757.0252815,6424.68
106543,8680,658,5,2,1,2,800,1351.9059651,7449.15
106544,303,4386,3,5,1,1,750,8665.1066484,7972.11
106545,2592,1880,2,5,1,2,1200,3944.3045394,26445.41
106546,4267,1338,4,1,1,3,1150,11028.438045,4606.3
106547,7726,352,2,1,0,4,6300,2007.7922276,9398.02
106548,199,4521,3,-2,1,2,1600,7399.9647766,11371.77
106549,6246,730,2,1,1,3,4000,4390.7292483,13992.14
106550,5990,776,2,2,1,4,1300,7773.6784722,15257.03
106551,4241,1154,2,1,1,4,1550,6543.1251105,13963.96
106552,1791,4202,2,1,1,1,2400,5154.6018828,6333.73
106553,4152,1279,5,1,1,2,1700,6399.2590092,3277.98
106554,2502,1784,3,5,1,3,2070,6637.8709901,12417.73
106555,701,3572,2,5,1,1,1600,11869.904845,13685.13
106556,4437,1433,2,1,1,2,1550,6827.4088119,9547.67
106557,5880,708,2,3,1,2,3750,3653.1679418,8472.4
106558,3631,1292,2,5,1,2,2330,4545.7252971,21399.74
106559,4817,724,2,5,1,2,1640,5920.3960003,16670.33
106560,7464,817,2,2,1,2,2250,7179.6751411,11917.47
106561,2525,1746,2,1,1,6,1550,9416.734434,11586.76
106562,3,2965,2,-2,0,2,770,1815.1648675,6131.24
106563,5864,1053,2,7,0,4,2400,3754.7082102,1318.01
106564,2970,1977,2,5,1,2,2800,4819.490481,8067.45
106565,4185,1358,5,1,1,1,600,10944.381957,1938.3
106566,5327,900,2,1,1,2,1200,3488.6451777,3575.93
106567,4216,1361,5,5,1,3,1250,9847.9571194,7080.06
106568,3457,1586,2,5,0,1,630,8115.5996243,8992.28
106569,2008,2639,2,1,1,3,1860,6963.40514,21550.92
106570,5413,913,2,1,1,2,2850,6146.2733877,7494.21
106571,4627,1411,2,1,1,3,1350,6173.8116272,17357.5
106572,4534,1202,2,1,1,4,4080,7220.2550525,28960.8
106573,2185,343,5,-2,0,2,860,11867.355856,5455.23
106574,4006,1365,2,1,1,3,4280,2864.7625296,14118.4
106575,4261,1259,5,1,1,4,1160,10815.013697,6204.83
106576,6210,742,2,1,1,2,4000,10860.694906,13861.44
106577,1253,4529,1,1,1,1,720,6728.9447427,8269.23
106578,9328,381,2,7,1,7,5470,7312.3261608,23526.25
106579,3563,1581,2,1,1,3,900,4206.694235,3451.15
106580,4164,337,2,5,1,2,2670,4540.1286341,18260.18
106581,3981,1441,2,1,1,2,1500,5653.4800739,3402.43
106582,1328,4094,1,5,1,1,900,7757.0252815,3016.41
106583,2093,2582,2,1,1,2,1560,12266.063289,9074.55
106584,7899,474,1,1,1,2,1260,7761.4768195,9638.79
106585,2269,2067,2,1,1,1,2000,3682.9908752,14256.41
106586,6003,652,2,1,1,3,1550,14551.391433,13254.54
106587,6396,592,4,5,1,2,800,1577.7901017,5170.36
106588,3250,1826,5,5,0,1,400,10722.71653,4830.69
106589,4308,1265,5,1,1,1,1600,12825.466771,1959.4
106590,3152,1499,2,5,1,4,3600,7651.1603267,22288.67
106591,5295,84,2,5,0,3,1500,5728.7035361,24399.73
106592,7491,780,2,1,1,3,2400,5298.1249433,13916.61
106593,2660,1672,3,1,1,1,1550,5639.4133599,6309.35
106594,5891,897,2,1,1,2,1880,4769.2894248,7588.01
106595,5167,1132,2,5,1,2,2550,5672.9739417,13980.41
106596,9671,5,2,7,0,3,1600,5593.8569648,9139.6
106597,5609,1110,2,1,1,5,3720,4613.8018773,10684.53
106598,7236,874,2,1,1,3,2370,6926.885895,15246.45
106599,0,5006,4,-2,1,2,1300,2159.9731711,13994.94
106600,3571,1680,2,7,0,1,380,14002.635242,4622.28
106601,2130,1936,2,1,1,4,3000,12124.473931,6429.81
106602,3206,1983,2,1,1,2,1800,7508.0265403,9991.25
106603,4204,1257,5,1,1,1,1110,3817.9366416,7799.19
106604,6363,584,2,7,0,4,2600,2381.4720508,11166.1
106605,2851,1495,2,1,1,4,3860,7662.1534394,16565.5
106606,1865,2872,5,5,0,5,1450,14742.801893,14871.99
106607,5158,935,2,1,1,2,1850,2411.9203308,8304.43
106608,4780,1090,2,1,1,2,2750,6432.9130567,15118.07
106609,9310,26,2,7,0,2,4800,2493.6690447,15304.37
106610,3231,1829,2,1,1,4,1800,6160.6993942,6456.68
106611,10218,220,2,5,1,2,4600,779.35561437,49685.8
106612,6364,678,2,1,1,4,4110,10710.88307,13076.33
106613,6345,737,2,1,1,2,2000,6595.2251066,6797.47
106614,2697,1683,2,1,1,1,760,5744.2341011,5332.44
106615,5477,968,2,1,0,2,1700,2157.6199072,8037.98
106616,875,5357,2,1,1,2,1230,4938.3930877,10122.16
106617,1895,2653,2,5,1,3,3200,7979.4434176,24512.88
106618,4757,233,1,5,1,4,1700,4921.9941775,26132.61
106619,4367,1491,2,1,1,1,1550,6946.9597255,6608.44
106620,4449,1230,2,1,1,2,4800,5988.3331735,20380.0
106621,5718,523,2,1,1,2,2550,7078.45425,8695.78
106622,1085,3147,2,5,1,2,1400,8974.0108305,19122.43
106623,6963,354,2,1,1,2,1800,9001.8801593,8318.98
106624,6318,843,1,5,1,2,1100,4505.8925946,24429.14
106625,7505,906,2,1,1,1,1160,6201.804082,8649.79
106626,3465,1640,5,1,1,1,1110,1688.8757522,5720.28
106627,5165,1021,4,5,1,2,790,24061.924721,10095.67
106628,6037,796,2,1,0,4,2700,5429.8685977,10402.57
106629,4112,1436,3,1,1,7,1330,6510.4550327,14080.26
106630,5851,903,1,1,1,1,1040,12498.498185,3812.17
106631,5376,906,2,1,1,1,2300,14498.274805,6339.45
106632,2612,1710,2,7,1,2,2000,10237.172551,15640.31
106633,5480,900,2,1,1,1,2050,5488.0225267,3611.25
106634,0,3631,2,-2,1,2,3500,1309.3958788,13298.19
106635,4688,1129,2,5,1,4,2500,9475.4986586,6265.83
106636,6962,1030,2,2,1,2,2100,1886.2006205,8567.21
106637,4839,1044,2,5,1,2,2290,9448.0770848,29056.41
106638,6916,617,2,1,1,1,530,6559.4537955,5019.72
106639,4736,1258,2,5,1,7,4550,5788.2959247,44997.73
106640,4200,1351,5,1,1,6,750,13391.265073,6415.31
106641,10685,1,5,1,0,3,900,1092.98622,3195.46
106642,8010,270,2,3,0,2,3130,1093.0324045,4902.84
106643,1212,2375,2,1,1,2,3050,9941.5499617,12727.26
106644,6035,842,2,1,1,2,1150,10652.460002,5165.07
106645,879,3598,2,1,1,2,750,9670.6154253,10311.02
106646,5451,1091,3,1,1,1,1200,3880.2440455,7930.39
106647,1110,3541,5,5,1,2,800,17149.222305,11974.82
106648,5446,898,2,2,1,2,3880,10325.353894,12520.17
106649,2202,1985,2,2,1,2,1440,6379.8961202,16561.15
106650,4413,1297,4,1,1,3,530,12397.221416,1950.98
106651,1947,2714,5,5,1,1,500,14762.630894,42.01
106652,4012,1386,3,5,1,1,2050,1456.0218264,12182.08
106653,4038,1076,4,5,1,2,1200,5929.8435784,13889.06
106654,2403,499,2,1,0,2,2000,8313.9361291,6286.49
106655,1600,2675,2,5,1,3,2700,8026.441873,32996.81
106656,4218,1330,4,1,0,4,550,14226.008434,1192.53
106657,6095,763,2,1,1,2,3400,11125.135279,7033.72
106658,5217,611,3,1,1,2,2700,1957.629937,6446.08
106659,101,4871,2,5,1,2,2330,7993.8355018,25994.95
106660,5680,1071,2,1,1,2,2450,11019.750532,5208.06
106661,8357,0,1,3,0,1,1120,941.93594532,17763.35
106662,1926,2721,2,5,1,7,4670,6956.4072121,104637.04
106663,4943,1169,2,1,1,3,1500,5982.5693929,7963.69
106664,741,3647,5,5,1,2,1100,9523.000974,8607.76
106665,4758,1113,1,5,1,1,1340,5808.9182931,12128.51
106666,3558,1426,2,5,0,4,2300,3587.6198533,7831.61
106667,2184,2298,2,7,1,3,1720,12530.48111,15728.98
106668,512,3843,2,5,1,2,1230,10441.998376,18968.44
106669,1927,2788,4,5,0,3,800,9970.7171768,6598.51
106670,6282,734,2,1,0,2,3670,5779.6670893,5614.52
106671,5613,760,2,1,1,4,1000,6259.4297411,6726.29
106672,6087,815,2,3,1,2,3230,2926.9813218,12739.71
106673,3804,1537,5,5,0,1,830,8782.5569036,5433.49
106674,1902,2769,4,5,1,3,980,9550.6210588,9045.81
106675,2404,1962,2,1,1,5,2500,9267.5762175,17173.78
106676,6347,642,2,1,1,3,3280,2557.2876812,9132.44
106677,1878,2837,5,5,0,1,840,15572.03806,18866.28
106678,2115,269,5,5,0,2,1000,13111.509248,4284.97
106679,7716,747,2,1,1,6,1840,8791.474526,14944.27
106680,1873,2804,3,1,1,4,1200,5654.1789871,9582.88
106681,5392,807,2,3,1,4,2250,4437.1925487,5249.4
106682,6008,780,2,1,1,4,3920,5292.0183325,15381.94
106683,3419,1668,5,1,1,1,600,1536.6284634,4329.76
106684,3082,1759,2,1,1,5,1480,4233.6765332,10649.13
106685,766,3777,2,5,1,2,2520,9847.0118797,22105.68
106686,4768,995,2,1,1,4,2410,2973.0095965,24656.0
106687,1226,4582,2,1,1,4,3100,4115.9153708,23076.39
106688,4867,1276,2,1,1,1,1500,4943.8658812,4288.79
106689,4394,345,4,1,0,3,2220,5915.250757,10748.21
106690,4682,1279,2,1,1,4,1130,8359.3933219,13296.57
106691,348,4406,2,5,1,4,1390,14286.584638,15416.89
106692,5235,919,2,1,1,2,3150,2360.5805304,5863.73
106693,2766,1704,2,1,1,2,4480,6265.0486531,12235.03
106694,4798,1310,5,1,1,1,1380,5871.8097016,5660.47
106695,5514,800,2,5,1,1,3000,7647.0577403,19986.06
106696,3890,856,2,5,1,2,1970,6870.5171056,16092.54
106697,6205,765,2,1,1,1,3000,11747.499459,4643.86
106698,8160,357,2,3,1,2,2250,981.29939304,6705.11
106699,4212,1286,2,7,1,2,830,3232.6509891,7803.35
106700,6170,839,5,1,1,2,900,3284.4458276,6672.12
106701,4243,1518,2,2,1,3,1200,7127.7727082,8949.49
106702,4800,1282,2,1,1,3,1730,7191.1277295,11433.74
106703,874,5362,1,-2,1,3,700,7068.845041,23348.29
106704,9986,199,2,3,1,2,2100,6248.5933724,17482.25
106705,4506,1188,2,1,1,2,1780,4596.4505302,8774.09
106706,1104,3558,2,5,1,4,1400,9282.2161137,15869.09
106707,5193,1144,2,1,1,2,3500,9050.6361245,5335.6
106708,6108,756,4,3,1,1,1310,5997.1953094,2557.21
106709,953,3018,2,5,1,4,3000,12964.177554,10323.5
106710,4547,1359,2,5,1,2,1640,6387.6177344,5266.42
106711,6128,936,5,5,1,3,1500,9511.7435544,11047.77
106712,1079,1269,3,5,1,1,1400,6920.4196018,4989.41
106713,4910,458,1,7,1,2,2300,5339.3358263,18503.51
106714,5419,974,2,5,1,4,1900,8825.8578131,25146.27
106715,4507,1182,4,1,1,4,1000,11165.662002,6857.24
106716,6325,559,2,1,0,2,3130,7902.0367142,6569.86
106717,2099,2140,5,5,1,1,1200,7609.8725658,9171.11
106718,5867,787,3,1,1,2,1300,2494.1763871,7951.33
106719,3435,1607,2,5,1,2,2250,4404.9789535,14551.68
106720,5389,906,2,1,1,1,1230,4758.0168888,6275.08
106721,6995,928,5,5,1,6,580,3202.7428219,19330.55
106722,6211,799,2,1,1,4,2660,8242.7714312,8207.16
106723,4738,1318,2,1,1,1,2170,4893.6058433,6170.68
106724,1084,916,5,1,1,1,850,12832.086274,5555.72
106725,1134,1617,2,1,1,4,2060,8659.2673395,1934.24
106726,6079,1204,2,1,1,1,2620,3434.5676123,6202.15
106727,5269,1056,2,5,1,2,4060,5153.0435044,33450.51
106728,6091,763,2,1,1,2,2000,4960.7244255,6277.08
106729,396,4173,4,5,1,7,1200,13746.523563,17235.35
106730,7074,577,2,7,0,2,1500,3522.4093412,5970.15
106731,4522,1387,2,1,1,4,3490,6640.3924589,6854.21
106732,1179,3548,2,1,1,3,2680,8802.8934783,13805.54
106733,2868,1592,2,1,1,3,2600,8154.593198,12634.13
106734,7074,406,2,3,1,3,2500,2069.9084616,7192.48
106735,4654,1386,2,1,1,2,2650,9378.7567069,4857.88
106736,788,3747,2,5,1,3,4700,7485.2188139,28318.07
106737,8093,719,2,1,1,1,2550,1651.4862114,9514.48
106738,5116,1275,1,1,1,2,810,4610.657707,5009.55
106739,1090,3142,2,1,1,2,1500,12102.360393,16607.04
106740,3810,1536,2,1,1,2,2550,6075.9912166,6980.97
106741,5819,833,2,1,1,2,2550,3294.3243037,5973.72
106742,5107,1057,5,1,1,1,530,12818.382022,4280.02
106743,279,4308,2,-2,1,1,1800,10443.222975,13106.88
106744,7111,410,2,1,1,4,1180,1997.0968657,10053.91
106745,2611,1957,1,2,1,3,1640,6164.0843259,11218.26
106746,8857,0,2,3,0,2,2150,774.30887584,9737.4
106747,5241,35,1,2,0,2,1450,5882.9544287,10235.82
106748,9415,518,3,1,1,2,1200,587.36160037,5447.95
106749,2754,1559,5,1,1,2,1000,14196.208498,7122.65
106750,5996,1066,2,1,1,2,3250,5071.9359096,6783.83
106751,1101,2969,2,1,0,1,1490,6231.2504212,7145.13
106752,3551,1517,1,5,1,3,900,4305.8859354,8194.83
106753,4538,1141,2,1,1,4,2300,3315.4567004,9539.89
106754,5343,884,2,3,1,2,2520,8823.7380273,6658.75
106755,6856,535,2,5,1,2,1410,942.84773576,4771.99
106756,1123,3491,2,5,1,3,1290,11521.142605,10057.86
106757,3763,1613,2,5,1,4,1100,6500.1351681,18456.07
106758,2149,2056,2,5,1,2,1000,8901.1990161,12609.13
106759,9443,512,2,2,0,3,3500,773.09068605,12870.26
106760,2242,329,5,5,0,1,550,13607.438617,2044.82
106761,6908,638,2,1,1,2,2200,6010.1644248,6832.44
106762,2568,2038,2,5,1,5,1050,7308.4926488,11775.73
106763,4930,1027,2,1,1,2,1250,6999.879135,6050.82
106764,1484,2110,2,1,1,1,2550,10779.198983,6915.78
106765,5706,974,2,1,1,5,3600,4640.5687899,11857.67
106766,8100,365,2,3,0,2,1850,1061.224197,6333.94
106767,6674,826,2,1,1,1,2080,871.30278742,8955.06
106768,2416,2026,2,5,1,3,4000,5729.5869605,21764.47
106769,2646,1761,5,5,1,1,820,13431.029802,8915.07
106770,5465,885,2,5,1,4,1630,6484.344701,20839.88
106771,5180,1020,3,1,1,2,1650,7979.3001272,5375.69
106772,4399,1125,2,1,1,4,2210,2815.5036648,28928.53
106773,3880,860,2,1,1,3,1290,8070.9267107,12375.53
106774,3684,1488,2,5,1,2,2000,7122.8589559,11719.51
106775,1951,2092,1,5,1,1,2800,6463.1945821,13297.15
106776,3338,1712,5,1,1,2,400,1987.980876,2023.39
106777,2407,1353,2,1,1,2,3300,9213.0405499,7664.56
106778,9270,0,2,3,0,2,1950,894.11995748,5196.01
106779,5065,1060,3,1,1,2,810,1718.3988291,10795.26
106780,7919,484,5,1,1,1,630,8485.4952991,1744.02
106781,6123,902,1,3,1,2,1020,11145.542683,5958.23
106782,5399,928,2,1,1,3,4690,1689.1437796,10192.72
106783,1444,2185,2,2,1,3,2300,16381.306543,11215.32
106784,7343,582,5,1,1,2,1000,10490.968875,1183.09
106785,8219,269,2,7,1,3,3200,9391.1122234,14211.3
106786,3389,1528,2,5,1,4,1400,5052.2491533,20785.64
106787,0,4399,2,-2,1,6,1750,1387.7934563,5031.21
106788,4833,1068,2,3,1,4,3900,4577.8694763,20990.81
106789,8675,663,5,2,1,1,850,1147.9954337,3569.16
106790,5211,898,5,1,1,2,1050,6760.0902611,6737.18
106791,1180,4671,2,1,1,4,2200,6007.1264087,21226.63
106792,6348,695,5,5,1,1,1030,11542.465299,2960.41
106793,5802,1037,2,1,1,2,2480,6708.9833326,6834.33
106794,1203,3092,2,1,1,2,1490,4443.4693354,8594.92
106795,4717,914,2,1,1,2,2400,1869.3410187,10235.55
106796,7319,517,2,7,0,2,900,11297.943328,6101.93
106797,5502,999,1,1,1,3,1500,5740.9057696,7435.63
106798,3734,1477,5,1,1,1,370,1459.2306349,2506.05
106799,1163,1426,2,1,0,4,1060,8758.3849931,4067.45
106800,6218,777,3,1,1,2,1880,5174.4968683,8263.14
106801,4405,1127,3,5,1,3,1360,1516.3555887,12132.42
106802,1245,2325,2,1,0,4,2600,13308.902364,474.62
106803,1122,4778,2,5,1,3,2200,4704.7854825,11169.42
106804,5831,1118,4,1,1,1,1000,7643.0795709,3907.0
106805,7067,401,2,1,1,2,4460,1933.5303531,20358.01
106806,3855,1093,4,5,1,3,950,6209.2095627,14278.71
106807,7223,824,3,1,1,2,1800,3677.7581162,9209.96
106808,4186,1270,2,1,1,3,4700,2410.0077401,6158.49
106809,1750,2296,2,5,1,2,2000,4856.4465436,9726.77
106810,4686,1090,2,3,1,1,950,4932.4431547,4574.63
106811,2918,1668,1,5,1,2,1200,4771.5345774,16148.3
106812,4210,1360,1,-2,1,7,600,10894.839808,14270.69
106813,6360,634,5,1,1,3,860,3708.3827406,1712.49
106814,3044,2662,2,1,1,2,1850,3198.8516546,7161.22
106815,4708,1109,5,5,1,2,1020,4246.610193,3514.79
106816,3323,1557,4,1,1,1,650,7808.1127538,4890.22
106817,4114,1245,1,1,1,1,1000,6266.6042529,1963.84
106818,3923,1202,2,5,0,3,5250,3535.7258165,31793.37
106819,320,4443,2,5,1,2,1600,11181.221759,15904.02
106820,4415,1272,2,1,1,4,3500,6128.9071081,11954.55
106821,1180,2780,2,1,1,2,5190,5237.0600326,19404.82
106822,4089,1265,4,1,1,4,530,1355.0633822,3786.15
106823,3352,1834,2,5,1,3,3400,6350.0474386,20952.4
106824,5173,970,2,1,1,5,3470,6732.7013339,11072.61
106825,5195,888,2,1,1,2,3380,1146.8378725,15192.73
106826,5168,1150,2,1,1,2,1160,11432.185674,5380.74
106827,5534,1043,3,1,1,2,1250,6000.0305767,6347.07
106828,310,4450,2,5,1,2,2080,10080.712223,26920.81
106829,4196,1434,3,5,1,7,1500,2867.0001977,12684.42
106830,5840,708,2,3,1,4,5700,3339.3096647,8251.94
106831,7316,878,2,1,1,2,2100,6151.1356579,12122.29
106832,949,5172,1,-2,1,2,800,6703.7756597,6577.69
106833,3007,1773,2,5,1,1,1520,3259.9016052,14253.41
106834,7036,556,2,1,1,4,2100,6496.8996521,11127.51
106835,4170,1214,2,5,1,2,900,8085.6615528,19754.95
106836,2830,2316,2,1,1,2,1280,6802.8348524,15737.44
106837,6351,747,2,1,1,2,1500,8644.0155503,10231.66
106838,6406,995,2,2,1,2,2560,3696.4160366,6705.8
106839,9382,376,2,7,0,1,1200,1053.0318439,6945.66
106840,4154,1017,2,1,1,3,640,4929.6298142,16286.93
106841,5217,793,2,3,1,1,3100,2068.4162933,4470.16
106842,3858,1495,2,1,1,1,5600,3582.5279177,18463.37
106843,5249,605,2,1,1,2,2390,5562.8315843,3299.43
106844,1938,2320,2,1,1,1,1050,7278.381575,6458.01
106845,460,4182,1,5,1,5,1300,13323.074265,30877.39
106846,6101,802,2,1,1,2,1400,9685.1292736,7264.34
106847,4367,1492,2,1,1,2,2940,7516.1692622,9682.86
106848,1842,2864,2,5,1,6,1200,13351.019209,25292.81
106849,6114,753,2,3,1,2,4200,3968.7117434,9721.65
106850,8317,348,2,7,0,2,3300,992.4282451,5806.86
106851,5156,996,2,7,1,1,2450,8823.7380273,8598.67
106852,8914,11,2,3,0,2,1500,958.20469636,4711.4
106853,869,3555,2,1,1,1,1790,11728.922786,8250.36
106854,4611,1158,2,1,1,2,2500,3665.1722889,10104.36
106855,485,4173,2,5,1,1,1390,12720.945552,9062.91
106856,96,4898,3,5,1,2,1900,7329.5679065,12356.81
106857,2162,2050,1,5,1,1,1080,8088.0999903,10137.01
106858,1066,1753,5,5,0,2,1200,11221.59212,3817.06
106859,1107,3552,2,1,1,2,1000,10280.549904,2950.11
106860,5806,882,2,5,0,1,1490,5011.5049698,10218.86
106861,2307,413,5,1,0,1,680,15029.794623,818.17
106862,4421,339,2,1,1,1,1800,5523.8522683,5994.65
106863,2169,567,2,1,0,4,1950,9030.6863746,5293.99
106864,4496,1191,5,1,1,1,650,10523.137672,2040.29
106865,1255,2452,2,1,1,4,1400,13908.678097,3238.96
106866,5518,747,2,5,1,1,1300,2581.1370203,8183.68
106867,3459,1581,2,5,1,4,1950,5771.2446746,28883.94
106868,3908,1531,2,1,1,2,1500,3694.0760126,57.23
106869,7995,632,2,1,1,2,2470,962.24404596,12133.66
106870,6215,799,2,5,1,3,3800,9295.9977668,37832.11
106871,1138,3623,2,5,1,4,3380,8350.0570888,14460.75
106872,2697,1185,2,1,1,1,2030,13506.649397,4400.93
106873,7076,526,1,1,1,2,1890,2575.73606,7831.09
106874,3347,1683,2,1,0,5,3300,4513.4891255,11781.68
106875,4681,1136,2,5,1,3,1300,6594.4717599,22334.76
106876,3809,1531,1,5,0,2,1150,10164.477424,8594.36
106877,3164,1505,2,5,1,2,1690,7032.1439461,10499.8
106878,183,4558,2,5,1,1,1800,11732.852722,16149.82
106879,1257,4508,2,1,1,4,1700,4762.4732733,18175.15
106880,10633,1,2,1,0,4,2150,698.86371774,7873.01
106881,2779,1617,2,5,1,2,4800,5548.7235192,24188.4
106882,4403,1127,5,1,1,4,980,7433.2473326,2326.68
106883,2603,1742,2,1,1,3,5190,7332.0681324,13238.66
106884,3473,1378,2,5,1,4,5760,5577.6134408,19502.08
106885,4235,293,2,5,1,3,3150,5877.9166536,11666.94
106886,4503,1115,2,5,1,3,3420,2817.6920349,29386.69
106887,5455,856,2,1,1,2,5700,6177.3160347,2245.28
106888,395,4178,4,5,1,4,1000,15671.265104,10740.59
106889,6753,745,3,1,1,2,2780,2103.8891416,12302.88
106890,3861,1317,1,5,1,2,1800,4295.8263837,12933.46
106891,1003,1192,2,1,0,2,1660,9420.9198199,2746.88
106892,5232,942,4,5,1,4,800,4792.3444644,4508.46
106893,4290,264,2,5,1,1,800,7160.1722575,4832.23
106894,2652,1724,5,5,1,1,860,9307.8984965,5824.86
106895,5481,1237,5,5,1,2,640,11047.143626,2455.56
106896,6814,611,2,1,1,4,2700,4261.9980572,6386.25
106897,0,3993,2,-2,0,1,1600,1573.2634005,3580.89
106898,3336,1713,5,1,1,1,400,1615.8123623,4167.14
106899,4400,1264,2,1,1,3,2140,5577.7664356,9824.31
106900,3859,1288,2,2,1,2,3500,4075.8056787,22898.35
106901,2031,2629,2,5,1,5,6200,8172.5860077,44815.19
106902,5844,936,2,1,1,6,1600,7130.4283248,12259.54
106903,6934,627,2,1,1,1,1140,1012.3432124,4696.66
106904,1170,1926,2,1,1,3,2200,8659.2673395,4332.34
106905,2305,2158,2,1,1,2,2500,6220.2291331,15671.22
106906,7811,582,2,1,1,1,4200,6595.2092265,4417.77
106907,4447,1215,2,5,1,2,1330,5713.5932428,13182.89
106908,4005,1365,2,5,1,1,2000,3755.905791,19424.43
106909,5844,816,2,1,1,3,1400,5078.0142059,1103.56
106910,5448,944,2,3,1,1,1150,1918.4662639,4862.39
106911,3252,1528,5,5,1,1,480,6457.4196965,4743.19
106912,1947,2727,2,1,1,5,2880,9938.5900217,24812.48
106913,6520,572,2,1,1,2,2750,4437.7368864,8136.98
106914,4665,1197,2,1,1,2,1530,5265.8364608,12045.96
106915,7907,686,5,1,1,3,1200,1393.6351895,16905.74
106916,6969,750,2,1,1,4,3000,5828.7688196,18379.65
106917,8654,672,3,5,1,2,3200,3616.4597768,22637.96
106918,6563,710,2,1,1,2,3000,6226.9303034,15407.56
106919,6131,799,1,2,1,3,1050,5685.0903577,5957.95
106920,5162,1008,2,1,1,3,1730,10711.080404,10385.27
106921,5254,911,3,5,1,6,1970,2530.6608383,12673.73
106922,6889,732,2,2,1,3,3100,932.65154049,8050.5
106923,4424,1230,2,1,1,2,2200,4471.8935493,7221.85
106924,4750,1333,5,1,1,1,780,11501.97193,2368.64
106925,1863,2161,2,5,1,3,750,10026.064762,17069.76
106926,7418,417,2,1,1,2,3650,1165.8591168,9458.05
106927,2736,2045,2,1,0,4,940,6761.834268,12314.29
106928,1075,1221,2,5,1,5,650,12389.786143,7535.98
106929,4976,37,2,7,0,2,1500,10378.156054,8829.88
106930,7942,362,2,7,0,2,2750,1035.2491654,9452.79
106931,6906,698,3,5,1,2,1250,665.53265245,13148.52
106932,1902,2383,2,1,1,4,2300,6219.0211848,17794.05
106933,9742,289,5,5,0,3,500,3682.5670691,7648.85
106934,4855,500,2,5,1,2,2500,5176.691266,8855.86
106935,6138,821,2,1,1,1,1200,5642.2256795,6068.61
106936,2189,1873,2,2,1,1,5200,9383.1436702,2727.37
106937,4656,1227,5,5,1,1,600,19087.379622,5530.83
106938,1846,2589,4,5,1,1,710,8587.3012262,12015.96
106939,2759,2152,5,5,1,1,550,17573.970449,3891.65
106940,6188,1048,2,1,1,4,3070,3712.3877766,13786.5
106941,2171,249,2,1,1,5,1210,10380.385771,5634.98
106942,4502,196,4,5,0,3,800,9052.0911326,9198.43
106943,8644,454,2,3,0,1,830,2546.7198982,2028.09
106944,3819,1696,4,1,1,1,500,6902.1092163,148.35
106945,5886,804,2,1,1,2,2100,8436.2450505,4902.76
106946,4206,1296,2,2,1,2,2700,4174.4748375,8495.06
106947,4170,1218,2,3,1,4,2800,5003.6546968,14225.06
106948,5367,886,4,1,1,2,1350,8589.9168365,5124.81
106949,895,5307,3,5,1,2,1600,2139.4579471,9082.73
106950,6553,706,2,1,1,2,1650,6894.61816,6542.37
106951,8696,653,5,5,1,3,1400,1222.7262412,9393.54
106952,4207,1370,5,3,0,1,650,13342.963852,1182.11
106953,1493,2722,2,1,1,6,1150,8855.8816407,13299.94
106954,0,4753,2,-2,0,2,3800,1889.6783475,4259.08
106955,3917,1183,1,5,1,3,1000,4632.6021115,24753.77
106956,737,3659,2,5,1,4,1300,6036.1540531,24666.44
106957,5797,1042,5,1,1,1,1100,8809.5019869,4972.51
106958,4233,1326,5,2,1,2,850,11167.967066,1918.8
106959,5957,1189,2,5,1,2,1930,3631.4691117,17970.74
106960,2680,1744,2,1,1,3,1450,9491.2541245,10593.13
106961,2017,2710,4,1,1,1,800,18318.087773,3963.32
106962,1107,899,2,1,0,5,1950,11300.310344,9311.44
106963,3156,2110,2,1,1,1,1400,5197.2108348,2935.95
106964,7532,399,2,1,1,2,3260,1292.4287353,10663.5
106965,7114,560,3,1,1,1,1900,4304.3999831,7553.4
106966,8371,660,2,5,1,2,2660,978.77477755,33899.85
106967,2663,1796,2,5,1,3,5030,8479.9112937,40045.95
106968,5509,750,2,1,1,2,4300,1988.9972766,23186.86
106969,507,3890,4,5,1,2,530,14362.23295,7434.48
106970,1037,1274,2,1,1,2,890,12439.124132,7155.05
106971,5864,912,2,1,1,3,2400,5058.5697371,9990.99
106972,100,4860,2,-2,1,3,2200,12018.915826,21518.66
106973,3715,1339,2,7,1,3,1650,4953.638174,8569.09
106974,3427,1663,5,1,1,1,420,1774.41377,1943.66
106975,38,5534,2,-2,1,2,910,10977.26357,10611.0
106976,1305,2646,2,5,1,3,2200,8576.183997,16372.65
106977,5389,906,4,1,0,1,800,11092.613602,1781.07
106978,980,3060,2,5,1,3,2950,9729.2466075,31789.73
106979,2360,856,2,1,1,2,1150,12770.533708,4710.57
106980,3995,1161,2,3,1,3,2170,7263.9233855,10911.84
106981,7828,704,2,5,1,2,2400,6814.1799689,34750.31
106982,5540,924,2,1,1,2,4000,5351.556287,16748.28
106983,4256,1147,5,5,1,1,700,8235.3518039,18356.38
106984,0,4382,2,-2,0,5,910,1650.9711288,13097.41
106985,4196,1360,5,1,1,3,750,12143.284016,1943.32
106986,5502,1231,4,1,1,3,1250,18198.987434,8599.35
106987,4658,1372,2,2,1,3,2890,7926.0842509,17260.45
106988,7398,522,2,3,1,2,1710,2542.0375177,8095.9
106989,1573,2706,2,1,1,2,810,7154.2534748,7933.33
106990,1259,2889,2,5,1,5,1700,9277.6984096,22890.77
106991,4513,1137,2,3,1,3,1530,7010.9399132,14746.7
106992,5211,949,3,1,1,1,3600,4018.5589798,9718.51
106993,4443,1230,2,1,1,1,1900,4598.7625742,6992.71
106994,4684,1139,4,1,1,2,1000,7523.9435847,5833.82
106995,1150,4629,2,5,1,2,2060,6611.2227776,17300.82
106996,293,4015,2,5,1,4,1800,10906.894702,16167.47
106997,5526,487,2,1,1,1,1530,4381.8004883,6197.66
106998,1250,1792,5,-2,0,3,740,15716.598767,3690.44
106999,6051,833,2,1,1,1,1050,9281.5295067,7845.0
107000,3711,1593,1,1,1,3,900,3714.9213983,5754.69
107001,4231,1315,5,5,0,2,900,10453.942942,3990.73
107002,3454,1409,2,5,1,2,3100,5538.7203727,21461.8
107003,7262,801,2,5,1,1,1980,3883.3603452,21420.78
107004,4488,1221,2,5,1,1,1300,8042.125089,6936.99
107005,2640,1710,1,5,1,1,1390,6939.0143125,7338.76
107006,4183,1352,4,5,0,2,1150,11954.644745,6253.26
107007,3336,1713,5,5,1,1,530,1344.9314625,5267.38
107008,4545,1127,2,3,1,2,2000,3693.9051283,10043.32
107009,4744,1038,2,3,1,2,4540,3647.6241425,27547.95
107010,847,4563,1,1,1,1,1250,17486.554819,5658.28
107011,653,3645,2,5,1,1,1500,10851.144838,14891.09
107012,4325,1625,2,1,1,2,2250,4419.7457298,9058.18
107013,6060,952,2,1,1,1,1650,3860.9481608,5615.07
107014,9191,445,2,1,1,1,2400,923.5625144,11826.19
107015,6025,850,5,1,1,1,630,5264.2405137,2351.81
107016,3809,1433,5,1,1,2,970,1653.8805314,8407.04
107017,1069,4901,2,5,1,5,1830,4574.7206941,29621.32
107018,2781,1614,2,1,1,2,1780,4507.5897006,7471.38
107019,3759,1554,3,1,1,2,3810,1314.608473,5725.03
107020,6964,539,5,3,1,1,540,1621.7382807,4570.34
107021,7042,601,2,2,0,2,3170,8946.2864241,7239.71
107022,2636,1835,2,5,1,2,1100,6331.2644659,13880.29
107023,2921,1649,2,1,1,4,2700,6616.2164277,10156.99
107024,371,3799,2,5,1,3,4000,10462.413042,29733.12
107025,5026,1057,2,-2,0,2,1220,7641.3067224,5073.83
107026,1187,2180,2,1,1,4,1570,10331.023295,14237.86
107027,2,2327,2,-2,0,2,1860,1827.2553941,4269.39
107028,4720,1066,2,3,1,1,1930,4003.812633,6613.46
107029,4517,1042,2,5,1,1,3310,5376.7547267,30418.58
107030,3379,1755,2,7,1,2,1770,11239.299135,5384.32
107031,1180,4677,3,1,1,1,1100,2695.5423114,13463.08
107032,1279,3028,1,5,1,2,1200,12725.239253,16928.13
107033,5550,1211,2,1,1,4,3000,9584.3159007,8160.91
107034,753,3613,2,1,1,4,2500,6404.3490688,13784.09
107035,5665,855,2,1,1,2,3130,5153.1721139,7510.04
107036,8313,680,2,2,1,1,3020,1473.765334,11333.31
107037,5384,940,2,3,1,5,3000,1473.9139094,9310.35
107038,5529,837,2,5,1,4,3500,4249.0184001,32967.43
107039,4240,1340,2,1,1,2,2160,8695.000128,11775.86
107040,8013,440,2,5,1,2,1790,843.68365144,18641.57
107041,10777,1,3,5,0,4,2000,524.77223848,13644.43
107042,5279,911,1,7,1,2,1600,14100.215181,7448.6
107043,5335,843,2,3,1,5,5480,3931.277312,22660.0
107044,2236,942,2,1,1,2,2430,10744.719859,11462.61
107045,4746,1198,2,3,1,2,2300,8866.2497623,14345.24
107046,5336,901,5,5,1,2,1300,7346.0695276,10742.41
107047,6410,608,2,2,1,4,2820,4960.9638513,15602.34
107048,5220,918,5,7,0,2,1180,6537.5780864,2221.58
107049,4317,1335,2,1,1,4,3300,5917.5187102,6029.28
107050,2,2782,2,-2,0,1,1560,1471.1625715,4938.17
107051,0,4311,2,-2,0,5,350,1675.5821554,3274.74
107052,5423,1153,2,1,1,1,3490,6247.6757335,9101.79
107053,9415,518,4,5,1,2,1000,1186.5924744,8749.0
107054,1083,5121,3,5,1,1,1400,2929.523996,11010.51
107055,1110,3541,5,5,1,2,1150,14189.034733,8976.83
107056,894,3580,4,5,1,2,830,11566.170858,11904.68
107057,2171,1961,4,5,1,1,1150,6712.3048138,7485.16
107058,1333,4087,2,1,1,1,3200,4743.574421,17933.76
107059,4333,1567,2,1,1,3,3500,8777.4723058,10970.5
107060,734,3797,2,5,1,3,350,11274.735566,14426.11
107061,7952,463,2,1,1,2,3620,800.0057962,6397.84
107062,3912,1441,2,1,1,2,4200,3760.9349324,17613.19
107063,6137,784,2,2,1,2,1600,2718.6300356,5227.5
107064,4945,1167,3,5,1,1,250,3588.4407767,9403.55
107065,856,1906,5,5,1,4,2100,11813.274134,3588.31
107066,5017,1101,3,1,1,2,2100,3208.6617134,5920.76
107067,0,5065,5,-2,0,1,240,2191.0102557,1701.07
107068,4574,1124,5,1,1,1,1590,4730.6796324,5010.77
107069,1973,2645,2,1,1,3,2400,7865.1001147,22302.65
107070,2562,2531,2,1,1,2,2500,8101.0014419,10085.96
107071,321,4441,5,1,1,3,780,14287.124204,7760.29
107072,2032,2612,5,5,1,1,600,14409.451535,7318.45
107073,1137,2946,2,5,1,3,2320,8355.9897356,14653.77
107074,5712,885,2,1,1,2,2700,5275.1288393,21971.08
107075,3383,1585,5,5,1,3,1430,5967.2879755,11656.49
107076,6921,1036,2,1,1,2,3670,1445.0215316,12491.95
107077,5714,917,3,1,1,1,1570,4092.3757635,5184.43
107078,1174,3116,3,5,1,1,1800,4580.7757276,9496.14
107079,5544,1189,2,1,1,1,1800,9485.3646715,5293.13
107080,3791,1444,5,5,1,2,1170,1722.9822735,8219.16
107081,4955,983,2,3,1,4,3620,6022.1975937,19756.38
107082,3809,1536,3,5,1,1,1180,5356.0520715,8866.3
107083,797,3496,3,5,1,1,3600,2468.7474852,23184.21
107084,6432,826,2,1,0,5,1800,14646.564285,6489.82
107085,6970,917,2,1,1,2,3000,3800.4772555,14921.8
107086,3845,1102,2,5,1,2,1710,3989.6588457,25227.52
107087,3405,1524,2,5,1,1,2200,6237.0453157,8122.97
107088,1791,4205,2,1,1,2,2970,4984.751911,24826.29
107089,6597,634,2,5,1,3,1500,2360.7026118,6141.73
107090,2579,1745,1,5,1,1,2000,6991.7860114,13212.77
107091,383,4247,2,-2,1,6,1740,10971.291534,18312.83
107092,8420,599,2,2,1,6,2420,769.88692487,44211.46
107093,1893,2227,2,1,1,1,2600,4737.7401412,9453.19
107094,6109,791,2,3,1,2,1830,4833.7848157,7535.76
107095,2174,756,2,1,1,4,1700,10480.329328,6923.88
107096,8335,443,1,2,1,2,3000,1031.0305488,44952.43
107097,4301,382,2,1,1,2,1310,4619.7210224,5613.37
107098,2004,496,2,1,0,1,680,13633.31339,2908.19
107099,7273,348,2,5,1,2,2460,2797.3139258,17960.32
107100,7026,742,2,7,1,2,1980,982.05218951,9584.12
107101,3136,2164,2,1,1,3,450,5426.527666,7118.23
107102,6932,702,2,1,1,4,3400,5405.3156819,11570.7
107103,2496,1757,2,5,1,2,3800,8270.9958049,15917.59
107104,1322,1990,2,1,1,2,2500,8895.6631505,10874.3
107105,531,3526,2,5,1,2,2320,10926.420727,17220.18
107106,6126,712,2,3,1,4,3150,3684.6695148,11811.11
107107,5571,774,2,1,1,2,2550,9777.6608593,14389.47
107108,4317,1118,4,1,1,5,1430,7268.3995203,3846.83
107109,102,4873,2,-2,1,2,1070,13187.269128,14566.81
107110,1154,3103,2,5,1,2,1480,11748.423366,18934.49
107111,4921,1268,3,1,1,1,1150,2863.7303708,5662.72
107112,5166,1151,5,5,1,2,800,14515.932875,9341.67
107113,5963,724,2,3,1,5,3300,1574.7421073,19821.53
107114,10117,220,2,2,1,4,2850,7882.6057703,15126.41
107115,3247,1609,2,1,1,1,1700,8719.7162417,19086.28
107116,6419,584,2,3,1,2,3140,939.86259132,8878.37
107117,974,1444,5,-2,1,2,450,16927.85432,1229.44
107118,5909,977,3,1,1,1,2400,4587.9152475,3335.27
107119,4991,862,1,5,1,1,1400,3807.1194368,18710.96
107120,4802,1156,1,5,1,4,1200,8144.5991254,11453.17
107121,4532,1148,3,1,0,1,1220,1936.4360269,2612.95
107122,3995,1321,3,5,0,2,1150,1980.6468036,18801.38
107123,6363,829,2,1,1,1,3300,8814.3200714,6483.36
107124,5300,912,2,1,1,4,3500,6888.9955324,12822.46
107125,2347,1952,2,2,1,1,3000,7297.0593416,6656.4
107126,5794,623,2,1,1,2,3450,14422.39618,13314.02
107127,5499,1232,5,5,1,2,1250,9672.3000765,7176.49
107128,4309,1491,2,5,1,5,2200,8124.2689315,13033.86
107129,7991,633,3,5,1,2,2600,564.39894064,6576.11
107130,4791,1105,2,1,1,4,2000,5713.5932428,15049.12
107131,1848,2218,2,5,1,3,4500,7685.1797954,35508.87
107132,4273,1128,3,1,1,4,2660,4028.4435145,2818.96
107133,6687,534,2,3,1,2,1300,7332.9024146,13782.08
107134,6207,757,5,2,1,2,650,6395.7370544,2638.01
107135,6044,857,2,1,1,7,3700,6708.8127715,18956.43
107136,4734,1099,2,3,1,3,1900,3924.2327084,9541.16
107137,476,3966,3,5,1,2,2000,9935.1186474,9883.54
107138,2158,1963,2,1,1,1,3400,10426.947209,11604.68
107139,5499,1232,5,1,1,4,1300,10609.933096,8430.11
107140,4515,202,2,1,0,4,4000,6091.686798,6759.69
107141,3649,1539,2,5,1,7,3350,4654.090558,46133.17
107142,4483,1121,2,5,1,2,2000,2878.7213505,18075.32
107143,4036,1338,5,5,1,1,600,4419.0716206,4716.68
107144,4921,997,5,5,1,1,1000,10227.363953,6389.89
107145,7922,676,3,1,1,2,1300,522.42337731,11038.02
107146,2734,1726,3,1,1,1,2200,6903.727776,6231.75
107147,4436,1443,2,1,1,2,3000,7191.1277295,41805.8
107148,10496,6,3,1,0,3,820,599.58976177,4182.59
107149,5636,792,2,3,1,4,3200,4302.6525347,15803.36
107150,6539,706,2,3,1,6,2080,3914.9737783,8747.09
107151,7090,361,2,3,1,2,2000,5737.213817,9085.97
107152,7445,388,5,1,1,2,780,3662.655099,2944.78
107153,2936,2004,2,1,1,1,3000,4632.5749512,11472.97
107154,5095,1036,2,1,1,1,4280,6881.174035,5017.95
107155,7396,769,2,1,1,5,3500,5443.1583222,14554.96
107156,3949,1387,2,1,0,2,2610,5653.034508,6642.69
107157,1558,2548,1,5,1,4,1120,6191.9222163,17137.31
107158,8073,599,2,1,1,1,740,843.2252227,4510.57
107159,3784,1464,3,1,1,2,1730,963.8679343,4998.22
107160,5,3014,2,-2,1,7,3370,1326.402949,31011.95
107161,7081,892,2,1,1,2,2220,6613.1472934,9006.3
107162,4311,1239,2,3,1,2,8700,9167.803328,7408.43
107163,1288,2638,2,1,1,1,2210,5467.0751983,13100.72
107164,2,3259,2,-2,0,4,900,1664.1071262,6066.33
107165,3516,1572,2,5,1,5,2000,8257.0792437,14145.26
107166,5013,770,2,5,1,2,2400,3522.032111,19119.01
107167,6973,526,2,3,0,1,3000,927.79147226,2141.61
107168,4219,1363,5,1,1,4,1180,9266.7705383,6666.17
107169,4656,747,2,7,1,2,1500,4240.300665,10817.66
107170,2087,2118,2,5,1,5,1590,7170.9095958,19595.05
107171,6315,509,2,7,1,2,2280,10547.024918,10214.88
107172,0,4980,2,-2,1,2,1030,1542.7451011,3984.76
107173,4890,1103,3,5,1,3,2130,8459.4925236,14782.42
107174,987,5082,2,1,1,1,1690,5178.2905484,8705.28
107175,3468,1350,2,5,1,3,2380,7395.033901,22924.88
107176,3808,1538,5,1,1,2,1110,9243.2958617,5613.24
107177,12150,0,2,1,0,5,5800,649.43953206,25869.69
107178,4066,1286,2,7,1,2,2750,5664.0318382,16047.21
107179,5178,900,5,1,1,2,800,2585.9030266,5994.33
107180,1012,1193,5,-2,0,1,350,17219.246231,912.54
107181,6599,550,3,1,1,2,1950,4390.5936748,5914.69
107182,7235,867,5,5,1,1,1200,10034.376333,3197.98
107183,3609,1597,2,1,1,3,1300,7314.6662042,17649.53
107184,8711,652,2,1,1,4,3850,832.87760695,17758.42
107185,2841,1669,2,5,1,4,3870,5008.7437107,19999.88
107186,2227,2071,5,5,1,2,900,16076.378591,5899.28
107187,4702,1344,2,1,1,4,1360,4761.869783,4236.32
107188,4112,1040,2,5,1,3,500,4835.8338212,10994.61
107189,8049,429,2,5,1,1,2180,857.69438891,18660.57
107190,451,4037,2,5,1,2,3300,10439.113112,30971.01
107191,980,3522,2,1,1,2,2840,8021.1521551,6620.03
107192,6657,763,2,1,1,1,3000,6409.3657111,4532.99
107193,3007,1332,2,2,1,2,800,6908.7489463,15196.66
107194,6060,820,2,3,0,1,1650,4356.1306177,2186.19
107195,1649,2638,2,1,1,3,2300,8498.7805098,13281.98
107196,5285,925,2,3,1,2,2700,4006.4465671,4610.19
107197,3820,1696,3,1,1,1,1710,1773.6610949,3886.19
107198,1383,1259,2,1,1,2,2600,8758.3849931,9085.45
107199,6328,683,3,1,1,4,950,5968.4279936,6955.03
107200,4883,235,5,5,0,1,630,7191.1264218,3051.63
107201,3059,1653,3,1,1,1,1400,5545.6973405,9190.8
107202,4675,1138,2,3,1,2,1390,7770.3909803,9631.99
107203,4717,914,2,7,1,3,2300,2322.6489077,8618.59
107204,5514,853,2,3,1,2,1410,8428.8869536,4459.7
107205,3426,1123,2,7,0,1,650,6994.981116,3019.59
107206,5109,993,2,1,1,3,1780,7506.3328545,13539.36
107207,7086,204,2,2,0,2,2090,2268.295414,16978.26
107208,3359,1700,5,5,0,5,990,2069.5649561,10354.99
107209,4702,1024,2,1,1,2,2100,2579.1371271,8538.54
107210,1105,930,3,5,1,2,1360,7251.2638551,2631.4
107211,0,4312,2,-2,1,2,2000,1727.0201929,5139.86
107212,4522,1201,2,3,1,1,2880,4586.6952089,17966.28
107213,6129,669,2,1,1,6,2630,7621.9540703,17340.8
107214,5913,889,2,5,0,5,1690,9360.9893527,8518.8
107215,5077,1064,2,7,1,2,4580,7530.9293112,14007.67
107216,1522,3114,3,5,1,2,1700,4154.2292859,5734.57
107217,96,4898,2,-2,1,6,1020,15447.119158,14953.52
107218,1251,4523,2,1,1,6,3310,4065.2333318,23410.32
107219,6461,677,1,1,1,3,1650,6686.4365964,7667.64
107220,5047,1070,2,1,1,2,2500,8099.4536618,23253.19
107221,1548,2324,2,5,1,2,1300,9268.1237839,12843.91
107222,7201,880,2,1,1,5,2800,6017.7176344,10661.78
107223,3866,1084,2,5,1,1,1100,5461.8852824,8551.53
107224,5065,1060,2,1,1,1,3200,3355.614065,5465.22
107225,789,3794,2,1,1,4,1490,12044.381693,10501.15
107226,1854,2238,2,5,1,2,1750,6938.1175853,10320.2
107227,4429,340,1,5,1,2,1450,7333.1382183,14628.62
107228,6046,698,2,2,0,1,2750,5441.4064304,2684.33
107229,1139,3018,2,5,1,3,1560,5122.0479648,15238.16
107230,4946,984,5,1,1,1,930,14568.976893,3040.66
107231,2885,2016,2,5,1,1,2900,3692.5039017,11714.99
107232,4263,1157,3,1,1,5,1200,3777.435545,8290.84
107233,1113,3494,2,5,1,4,470,11576.089389,10957.11
107234,5494,1232,4,1,1,4,800,17597.531668,4191.33
107235,7255,675,2,1,1,2,3460,5831.7277438,4130.7
107236,1232,2796,2,5,1,1,1600,4677.3107435,13579.47
107237,7141,400,2,1,1,2,1050,2075.7236607,8299.91
107238,5916,887,5,1,1,1,700,12302.188143,2843.75
107239,4308,1209,2,1,1,5,1900,5666.0206026,25414.07
107240,5006,1128,4,1,0,3,1080,9914.3745335,5226.81
107241,4156,1190,2,1,1,2,1600,4269.3279645,5913.11
107242,3969,1240,2,5,1,2,5000,3223.3352831,22704.39
107243,6764,512,2,2,0,1,3380,6413.4965748,12802.51
107244,264,4437,4,5,1,1,780,14050.289833,4157.27
107245,8632,78,2,1,0,2,2290,1340.1733327,4527.72
107246,3402,1421,2,1,1,3,1600,6187.2794211,10966.35
107247,4648,171,1,5,1,1,1000,9026.1731977,4632.57
107248,8314,418,5,2,1,1,780,1382.8603095,3111.78
107249,5989,836,1,1,1,2,1400,10176.86273,5075.9
107250,5976,614,2,1,1,2,4080,8665.6219137,9942.94
107251,5905,832,2,2,1,1,2750,7688.9898393,12509.54
107252,4225,1365,3,1,1,4,2370,7815.2529604,6723.82
107253,6311,748,2,1,1,3,3100,5410.4681929,9580.35
107254,304,4442,2,-2,1,1,1200,11256.740216,15144.64
107255,5634,1158,2,1,1,4,7500,5210.0947072,24648.73
107256,2830,2005,2,1,1,3,1600,3632.7701964,14363.81
107257,8949,322,2,5,1,2,3000,7364.5651259,34205.5
107258,3718,1590,2,5,1,2,1190,4736.102988,17342.54
107259,4212,304,2,5,1,7,6800,5874.5600701,43889.34
107260,3292,1709,1,5,0,7,560,7202.7347305,13888.69
107261,3852,1514,3,5,1,1,1880,4699.2141038,11003.52
107262,4986,1000,5,3,1,1,800,19087.379622,3895.67
107263,3283,1991,2,5,1,5,3000,4029.4617142,18092.06
107264,957,3023,1,5,1,4,1440,8328.0775027,17701.07
107265,4250,1285,2,1,1,4,5600,6556.8495023,11480.54
107266,2327,2038,2,5,1,2,3300,7352.928914,17416.38
107267,4489,1046,2,1,1,3,1750,5429.1315586,8235.44
107268,4556,1124,3,1,0,4,1600,6056.8003428,14688.26
107269,3116,1636,2,7,1,2,2450,7169.3090551,14324.4
107270,3669,1661,2,1,1,4,900,5206.089838,8103.7
107271,2658,1792,2,-2,1,1,1100,7525.4790229,22493.85
107272,4591,1150,2,1,0,6,3860,7165.2930183,4072.44
107273,712,3632,2,5,1,4,1450,9408.7148373,23543.67
107274,1796,2460,1,2,1,5,1400,8124.9417442,26526.28
107275,2791,1879,2,1,1,2,3000,6173.964265,17545.14
107276,8136,442,2,1,1,2,2430,7635.1752826,12163.46
107277,5,2993,2,-2,1,2,1750,1369.3289475,11811.86
107278,4181,1273,2,1,1,4,1410,2659.8287705,8322.64
107279,5748,1104,2,1,1,2,2280,9339.8853178,8296.17
107280,1,3287,2,-2,0,2,2490,1357.9403443,6513.19
107281,4413,1243,3,1,1,3,1430,5309.7534289,7567.67
107282,4726,1157,2,3,1,1,2910,6982.1237339,4156.6
107283,10055,2,2,1,0,7,4100,726.06972518,4226.74
107284,882,5339,2,5,1,3,2400,4016.5012506,28061.03
107285,6025,773,4,3,0,1,1300,7623.8654864,11134.97
107286,4324,1112,2,5,1,5,1000,3144.6523597,17607.39
107287,2839,1612,2,1,1,2,4350,7108.3707748,11512.81
107288,2084,2411,2,5,1,4,2000,8391.5414364,27475.12
107289,4896,959,2,1,1,4,2600,4926.4284564,6942.02
107290,1971,2387,1,5,1,2,1280,9119.1464511,16479.44
107291,6570,603,2,7,0,2,4480,3522.4093412,7323.43
107292,4736,1111,2,1,1,5,7050,3869.2346993,17124.36
107293,4642,1146,2,1,1,5,1560,2902.6404952,11793.08
107294,6438,786,2,1,1,5,1800,10559.179008,13418.62
107295,4541,1129,2,5,1,3,1200,4292.0835426,16845.88
107296,3336,1712,3,5,1,2,1950,921.89804355,6559.48
107297,1415,3043,2,1,1,4,3200,7984.4160793,15928.09
107298,3819,1533,2,1,1,1,4090,2927.6456072,13087.6
107299,7305,598,2,1,1,2,2080,5720.6531198,5458.83
107300,6150,1070,2,1,1,3,1800,3790.1269633,9796.88
107301,0,4832,2,-2,0,2,2800,1416.1639469,19285.02
107302,138,4621,2,-2,1,5,3100,11154.842404,25060.92
107303,4371,1084,2,5,1,4,2370,3227.8752514,14723.39
107304,2145,961,2,1,1,2,1400,8501.8624551,2644.61
107305,5191,1144,2,1,1,2,3750,21650.288968,5747.9
107306,2011,2814,2,1,1,2,2500,7896.5109065,12429.73
107307,5228,918,4,1,0,1,1000,8348.240539,2433.57
107308,4308,1152,2,1,1,4,1200,3203.1334274,8046.43
107309,5421,899,2,1,1,1,3000,4338.3639511,8011.29
107310,4300,1341,4,1,1,3,1000,14007.949179,1733.21
107311,6361,686,3,2,1,2,1170,558.14273398,4974.95
107312,6904,627,2,2,1,2,3000,4442.316358,9126.98
107313,3362,1538,2,5,1,2,1180,4286.0497732,9694.28
107314,0,5069,2,-2,1,5,1920,1438.3873122,2623.02
107315,2080,2594,3,1,1,2,1250,5634.3897665,3828.91
107316,7997,445,2,1,1,1,2230,860.18492529,8288.65
107317,1324,849,3,-2,0,1,1500,4398.2423454,2019.47
107318,4188,1349,4,1,1,7,2360,13295.560003,4780.31
107319,4250,286,5,5,1,1,630,6561.0082104,2359.33
107320,580,3939,2,5,1,2,2330,8627.2580889,18133.98
107321,2110,2184,2,1,1,4,1400,7151.0493592,19992.71
107322,0,4910,2,-2,1,2,1600,1589.8786836,13273.43
107323,5707,832,3,1,1,1,1800,3420.259071,6400.3
107324,5822,889,2,1,1,3,1500,6561.5260981,5798.66
107325,5404,907,5,5,1,2,1500,5667.8583537,9918.94
107326,3927,1440,2,2,0,3,930,10127.747816,19105.7
107327,3898,1459,2,1,1,2,3500,3811.424939,14297.63
107328,7355,656,2,1,1,2,2670,5931.1586976,8704.16
107329,5081,1054,2,1,1,2,610,5781.1558708,6484.31
107330,7081,1023,2,1,1,2,2630,1642.6298897,9417.21
107331,3978,1549,2,1,1,2,2200,6600.4513061,4656.85
107332,4745,1120,2,5,1,2,1000,7599.0180377,13328.64
107333,1144,3020,2,1,1,2,1490,6648.4112461,13046.1
107334,6704,833,2,5,1,2,1840,1163.3156546,16362.52
107335,5628,882,5,5,1,1,700,8273.5196372,6427.16
107336,1581,2695,2,2,0,6,800,6523.7686616,15018.37
107337,4944,1169,3,5,1,2,1870,4002.8702678,9289.19
107338,4314,256,2,1,1,3,2520,5872.4289519,12867.07
107339,627,3703,2,5,1,3,2400,10034.543221,18406.06
107340,5617,883,5,2,1,1,840,8860.9870915,2646.6
107341,6552,717,2,1,1,1,3430,6765.5629869,3113.23
107342,5868,1054,2,2,1,3,2630,3754.7082102,9921.4
107343,5799,1071,3,1,1,5,1910,5886.3041349,6261.7
107344,6791,737,4,1,0,4,1200,11617.939248,6621.68
107345,4311,1299,2,1,1,1,1200,6726.4684798,7382.65
107346,2483,1765,2,5,1,4,2500,8483.3035148,21482.81
107347,4430,1449,2,5,1,3,2500,11977.65453,12647.59
107348,2884,2040,2,1,1,1,1200,6430.7760529,6879.56
107349,2596,179,2,-2,0,3,1680,8721.7582505,3229.59
107350,788,3788,5,5,1,4,1050,14043.149022,13497.97
107351,5065,1060,2,1,1,2,1380,3342.5941621,15723.36
107352,397,4322,2,1,1,2,1600,8075.9840304,13592.83
107353,3157,1586,2,1,1,3,2940,3599.4128194,15537.35
107354,4808,1280,2,1,1,2,1460,6447.1736445,6085.27
107355,912,2194,2,1,1,2,2150,9176.3670451,3258.66
107356,6541,913,2,1,1,7,2820,3315.8416496,19911.7
107357,7452,560,2,2,1,5,1800,974.87679143,7514.35
107358,2618,1749,5,5,1,1,700,10996.000912,5127.12
107359,2407,2346,2,1,1,2,2110,11188.339964,5297.49
107360,5748,741,2,7,1,4,1570,4255.9070377,15634.08
107361,767,3697,2,-2,1,2,1600,7925.1307708,14063.7
107362,7433,265,2,1,1,4,2950,1930.8739436,9335.37
107363,3470,1639,3,1,1,2,4000,939.12779589,9710.38
107364,8780,79,2,1,1,2,1200,2336.8095777,3933.33
107365,6856,714,1,1,1,2,1760,898.05759521,22017.78
107366,4234,1159,4,5,1,5,710,7011.6985844,14811.73
107367,1908,2217,1,5,1,4,1180,10763.767461,15221.82
107368,1080,3008,1,5,1,4,1250,6422.6042251,18403.98
107369,4114,1247,5,5,1,3,950,10498.756618,10277.82
107370,899,3562,2,1,1,4,4800,7060.816376,20889.73
107371,6073,816,5,5,1,1,750,4073.29021,1223.25
107372,8970,310,2,1,1,1,1410,5699.0122137,4966.5
107373,6000,826,2,1,1,4,4050,7359.5831734,29514.2
107374,2867,1853,3,1,1,4,3600,4661.7797689,5861.08
107375,2793,1591,2,1,1,4,3200,5806.6950543,21495.61
107376,4858,1280,2,1,1,2,4500,5022.708638,11090.06
107377,2948,1761,2,5,1,1,1450,6868.8338629,25490.46
107378,1009,3008,2,1,1,2,1200,10372.465637,8527.61
107379,6236,879,3,1,1,1,4400,5467.2746468,2761.84
107380,7166,434,2,2,1,1,1800,1960.2574886,9113.54
107381,2,3039,2,-2,1,2,3600,1592.9713979,13426.31
107382,1084,919,5,-2,0,1,700,14782.631846,2657.21
107383,4394,1466,2,1,1,1,980,12054.797858,4744.93
107384,6308,258,3,5,0,5,1100,3295.6895548,6860.11
107385,2208,2118,2,5,1,4,2990,6013.8431822,7465.27
107386,13690,0,3,3,0,7,2060,545.47575953,11305.24
107387,2655,1749,2,5,1,1,1000,7757.8464541,9369.39
107388,7086,381,2,3,0,3,1290,7649.4716118,4003.52
107389,4156,433,3,5,1,1,1980,3005.3708373,8394.27
107390,2235,2239,1,2,1,4,1800,7405.8358255,20442.96
107391,5026,1302,2,1,1,1,810,4931.3241986,3437.24
107392,6709,811,2,3,1,1,1250,1023.3615742,9041.03
107393,4406,1284,2,2,1,2,1450,9809.6080133,11041.51
107394,3425,1362,2,1,1,2,1900,6059.2557797,24935.13
107395,99,4991,5,-2,1,2,650,16198.772705,15481.99
107396,4745,1314,2,1,1,4,2300,5117.760932,16404.73
107397,3569,1428,2,1,1,4,2400,2950.1096964,9455.62
107398,6951,415,2,3,0,2,5030,2424.0613379,6675.68
107399,5038,919,4,1,1,3,1100,2610.9650768,4162.74
107400,6167,1068,2,1,1,5,1660,4364.5032493,32122.58
107401,5010,1110,2,1,1,6,4750,11696.412386,13800.25
107402,6321,786,2,1,1,1,2600,7801.4849677,7078.86
107403,8319,337,1,3,0,2,1000,1183.6578496,6575.78
107404,2159,2513,2,1,1,3,4060,7895.666909,14810.15
107405,875,5357,3,5,1,5,1460,3503.5925685,24538.09
107406,4537,304,5,5,0,2,950,9123.1882607,8315.58
107407,3249,1831,3,1,1,4,1150,2442.7146599,18638.03
107408,4221,1085,4,5,1,1,870,8813.117178,12432.91
107409,5034,1119,5,5,1,2,1010,4609.9946526,8412.86
107410,5065,1060,2,1,1,1,1800,2063.230688,4599.87
107411,6604,686,5,5,0,2,640,7396.0933889,6529.93
107412,1167,2931,2,5,1,2,2740,6338.4011238,15265.58
107413,1277,4475,2,-2,1,4,1250,5101.0387163,18155.76
107414,4397,1457,2,1,1,2,2400,7444.583831,10943.59
107415,751,3621,2,1,1,2,2200,4807.3495331,10510.67
107416,2154,1904,2,1,1,4,1950,9730.5817718,13725.89
107417,5007,77,2,1,0,2,1450,5858.321077,5472.94
107418,1796,2295,2,5,0,4,1170,10698.612436,15512.08
107419,3823,1528,5,5,1,2,1100,5381.3839696,5344.27
107420,2036,3255,1,1,1,5,2000,10718.847955,6457.94
107421,3957,1553,2,1,1,1,350,8356.8026132,4558.77
107422,2451,1961,3,1,1,1,900,9223.5843183,3605.81
107423,104,4899,3,5,1,1,800,11057.27143,12293.47
107424,4411,229,5,1,1,1,830,6809.6867922,2949.92
107425,3644,1493,2,5,1,2,1400,3833.2273618,20020.61
107426,6214,766,1,1,1,2,1500,6886.0528609,4420.79
107427,5084,813,4,3,0,1,820,9680.8379281,3622.32
107428,2199,2458,2,1,1,3,3900,8245.7470934,14559.34
107429,2260,2472,5,5,1,3,810,14031.317541,8068.48
107430,7005,521,2,1,1,4,3000,1498.9211299,5160.08
107431,6977,644,2,1,1,1,2200,6496.8996521,13026.25
107432,6536,567,4,1,1,2,800,11186.867753,4007.17
107433,4541,1038,2,3,1,2,1670,4622.9966218,15495.5
107434,2700,1165,4,1,1,1,900,11781.845055,945.9
107435,5117,1274,2,1,1,1,2040,5080.045051,1683.56
107436,10471,7,2,1,0,5,1900,774.41807354,6378.37
107437,0,4963,4,-2,0,1,750,2295.1940663,3063.76
107438,4549,1193,3,1,1,3,2170,10060.084525,6062.15
107439,2695,1939,2,7,1,1,1600,4985.2698976,11635.52
107440,1655,3576,2,1,1,4,2300,4438.3216963,9966.04
107441,4958,607,1,5,1,1,1870,4256.7036333,19624.34
107442,5065,1060,4,5,1,4,1380,4281.9854266,8021.44
107443,1105,3561,2,1,0,2,1770,8126.2866338,11356.07
107444,4229,1163,3,1,1,4,2130,950.39215365,8469.08
107445,6025,802,2,2,0,3,1150,4778.3049478,10734.91
107446,4575,1269,1,5,1,2,1120,7851.3552262,19940.6
107447,5217,942,4,1,1,1,1100,3561.8965309,3939.67
107448,2972,1812,2,1,1,4,1140,4934.8574576,11117.38
107449,4946,1111,2,5,1,2,2990,10293.573381,21452.29
107450,3022,1793,2,1,1,2,1900,6053.5364957,8834.46
107451,1127,2969,5,5,1,2,1200,17883.375489,5118.93
107452,0,3993,2,-2,0,2,1300,2001.6564099,2449.4
107453,3475,1616,3,1,0,4,1500,7267.0363088,3971.38
107454,667,3577,1,5,1,1,840,13705.632064,11401.74
107455,5132,1028,2,1,1,4,3800,4066.2743699,18143.7
107456,5864,856,3,1,0,1,1940,3621.5310946,2451.8
107457,4251,1145,4,5,1,3,1200,1276.1295078,11944.9
107458,4254,1265,3,1,1,4,2270,8383.3982736,9797.32
107459,7267,848,4,1,1,3,800,11021.734322,4140.79
107460,3901,1286,2,1,1,3,2390,9975.8369807,10580.23
107461,1021,4996,2,5,1,2,1260,5258.6997171,11705.38
107462,5237,861,2,3,1,3,2450,4222.3537968,13061.31
107463,697,3630,2,5,1,2,1900,11915.357271,13308.15
107464,4019,1393,5,1,1,1,920,11075.62437,3584.46
107465,2692,2035,1,5,1,2,2400,7703.5214629,24297.73
107466,4811,1101,2,1,1,2,450,7215.4486163,8649.79
107467,1780,2557,2,1,1,5,1800,4079.2898521,16734.35
107468,2137,3645,2,1,1,2,1980,3982.1548915,12392.08
107469,4373,1135,2,1,1,1,3630,4768.9203118,10699.43
107470,5377,890,5,1,0,1,970,6779.0061355,246.11
107471,1788,2529,2,5,1,4,680,4678.5123327,18981.35
107472,2318,2127,1,5,1,7,1450,6534.8989447,16668.0
107473,6072,732,2,1,1,4,3000,4657.9364151,7348.7
107474,5717,1165,3,5,1,1,1000,2325.3144398,7876.1
107475,313,4129,2,5,1,2,1200,8914.0639618,16567.02
107476,6229,588,2,3,1,4,3840,2050.3955042,9090.6
107477,7152,500,4,1,1,1,1000,9422.0121215,5555.33
107478,1564,3727,3,1,1,3,1680,3327.7399395,6396.32
107479,875,5359,2,5,1,4,1510,4926.0195633,20880.57
107480,879,3066,1,2,1,2,410,13254.53449,14708.47
107481,4355,1282,5,1,1,2,1160,12872.025493,12314.4
107482,0,3782,2,-2,1,2,1020,1432.5943008,6980.0
107483,387,4201,2,-2,1,5,1970,13314.002777,16572.03
107484,416,4150,4,5,1,2,1100,10159.737153,3838.91
107485,7068,1022,1,1,1,3,1000,1900.2587037,7981.16
107486,0,4999,3,-2,1,1,1490,1194.4187906,12600.18
107487,750,3625,5,5,1,1,1100,7254.3966437,7850.03
107488,1285,4213,2,1,1,2,6500,5023.7456179,24582.3
107489,2165,252,3,1,0,3,1400,5519.4296537,3461.07
107490,5203,1004,1,5,1,1,1010,7020.7810471,10973.61
107491,1215,2721,2,1,1,2,3380,3769.8868771,6449.68
107492,2744,2042,4,1,1,2,700,8498.8247178,3751.78
107493,4452,1276,5,5,1,4,1400,8640.7454438,11675.19
107494,2161,2046,2,5,1,3,1390,6135.5655883,15560.38
107495,3250,1842,3,1,1,1,1470,2630.5165089,6669.74
107496,5888,1032,5,5,1,4,1200,9652.6578288,4022.84
107497,3634,1480,2,1,1,1,1800,3833.2273618,9648.59
107498,4559,1272,2,1,1,1,2300,8291.7025646,11569.91
107499,3334,1550,3,5,1,2,2330,5537.925997,9993.91
107500,8213,505,2,1,1,2,1800,6758.5872311,8067.48
107501,6349,842,2,1,1,1,1150,7094.4657992,4483.75
107502,523,3824,2,5,1,4,1790,13798.996491,13904.29
107503,2366,1995,2,1,1,1,2100,6205.1393663,6054.39
107504,3539,1422,2,5,1,2,1650,3917.4160435,9237.01
107505,5882,904,2,1,1,1,1650,6207.8119327,4873.13
107506,8166,559,2,1,1,1,1750,1645.0293019,5595.54
107507,7277,520,5,1,1,1,2000,1990.8846157,4524.74
107508,6031,791,2,1,1,1,1510,5171.3549901,4212.37
107509,4215,302,2,1,1,4,3260,5251.1171587,11721.78
107510,1067,2951,2,5,1,2,2700,5367.9769401,26750.68
107511,3385,1301,2,5,1,3,2560,7825.1344032,10162.58
107512,4986,1118,2,1,1,5,2500,9697.3992303,16227.76
107513,3839,1222,4,5,1,2,600,7772.7436283,11148.37
107514,5296,954,2,1,1,3,1710,9179.0255695,6220.42
107515,3457,1583,2,5,1,3,2680,5551.5313029,15062.45
107516,5230,948,2,1,1,6,2800,7285.7590366,10955.43
107517,5290,926,2,1,1,2,2800,3055.0178937,7302.23
107518,9270,0,2,3,0,2,880,824.48350702,4334.96
107519,4399,1114,2,5,1,1,2100,3065.6676869,18981.6
107520,5723,954,2,1,1,3,3000,6465.3817917,9689.18
107521,1178,1378,2,1,1,2,1050,10984.147347,10643.14
107522,3335,1713,5,1,1,1,960,1374.4350045,2344.85
107523,1047,2206,2,1,1,2,1830,9559.3695684,10659.3
107524,4220,1256,2,1,1,1,3400,3491.7221568,7040.08
107525,874,5362,2,5,1,3,1250,5089.8232715,16436.57
107526,4479,1227,2,1,1,2,3130,4939.31545,9580.34
107527,4922,1171,2,5,1,6,1690,5526.2947058,22494.33
107528,2840,1667,2,1,1,3,1600,7597.7789112,4989.63
107529,6168,612,2,3,1,1,3380,12352.83709,19191.62
107530,5685,905,3,1,1,2,2100,4709.9654419,6911.57
107531,1232,2934,2,5,1,2,1450,10754.392354,14577.31
107532,4212,1329,5,1,1,3,1000,12488.684813,2885.85
107533,2500,817,2,1,1,1,1330,9465.6073217,10252.47
107534,6408,698,2,1,1,2,1250,9795.7295484,9040.35
107535,4177,334,2,5,1,3,3500,5278.8320794,34599.62
107536,4796,975,2,7,1,2,3130,5253.6749745,12692.59
107537,6511,591,2,3,1,2,1400,2016.2400535,7134.09
107538,5963,841,2,3,1,2,1730,4025.8513174,6635.92
107539,3337,1712,5,1,1,2,900,1343.6533822,7684.7
107540,7385,645,2,2,1,5,2450,5879.2398031,8677.9
107541,2020,2197,1,2,1,2,1000,7613.5122361,3198.99
107542,2496,1797,2,1,1,1,1250,11009.308008,6377.79
107543,3575,684,1,5,1,2,1800,4782.9785566,14427.43
107544,5816,820,3,1,1,2,5200,1788.7434916,10958.01
107545,3040,1485,2,1,1,4,2600,7989.3137895,21199.98
107546,1633,2653,2,1,1,5,3200,9138.771385,17097.9
107547,7029,221,1,5,0,2,1200,1780.1517761,15739.33
107548,7198,926,2,2,1,6,3200,6625.7880668,12188.13
107549,1158,3369,2,5,1,3,1980,7993.3234906,16197.08
107550,1714,2455,5,5,1,3,980,9934.6977097,10091.3
107551,5216,1019,4,1,1,2,900,11760.813208,9255.35
107552,5492,853,3,5,1,5,850,2751.869136,13246.24
107553,3630,1321,2,1,1,2,1100,5909.1903425,5056.11
107554,942,5179,2,1,1,2,1080,5517.6176905,6559.05
107555,1767,4247,5,1,1,2,620,9429.8397892,5220.13
107556,5503,822,3,5,1,1,1800,6319.8736524,15158.4
107557,7834,613,2,1,1,6,3650,6758.5872311,16464.4
107558,4601,335,2,1,1,2,2900,3869.1827238,11143.94
107559,5769,769,2,7,1,3,1700,4089.8131053,9793.53
107560,3725,1519,2,7,1,2,1580,6351.0350594,11891.9
107561,4216,303,2,1,0,4,1880,5548.0101885,7200.73
107562,5374,928,4,1,1,2,1800,8587.571969,7165.94
107563,5264,1291,2,1,1,4,2500,5353.6084347,8977.81
107564,8491,528,2,3,0,6,2400,5555.2101191,18435.44
107565,3136,2164,3,1,1,2,1500,2362.4232867,9178.17
107566,3710,1521,5,1,1,3,900,9363.5299207,9482.01
107567,982,1925,3,1,1,2,1070,8215.9012922,3203.99
107568,4656,173,5,5,0,3,630,8312.3465074,9131.58
107569,3867,1422,2,5,1,3,1800,5722.3709412,13119.85
107570,757,3603,3,1,1,1,2500,1911.2850799,10004.74
107571,2531,1736,2,5,1,2,3120,10519.046387,17675.0
107572,1121,1444,5,5,1,3,550,16039.502404,3828.65
107573,4212,1176,5,1,1,1,700,1563.9988585,7710.03
107574,5211,767,2,3,0,3,950,1586.0104918,4284.63
107575,4194,1356,5,1,1,1,750,12998.790532,4612.55
107576,2592,1204,2,1,1,4,1060,9199.4476804,8198.22
107577,980,1245,3,1,1,5,750,9514.8916042,3677.11
107578,2386,1920,2,1,1,3,1600,8445.0485488,14272.91
107579,8788,307,2,1,0,2,2600,5999.2837803,11526.78
107580,981,3057,2,5,1,4,2370,10041.391256,19077.22
107581,3155,1609,2,1,1,1,14400,3693.7522995,37234.13
107582,3169,1468,2,7,1,4,2000,7155.0034851,22845.2
107583,891,3579,5,5,1,4,1100,17220.431559,3656.19
107584,5062,135,2,5,1,3,3200,5747.5231749,27152.08
107585,5529,837,2,1,0,3,2400,8004.4826316,18524.06
107586,2831,1483,2,5,1,2,3950,6158.7687359,21886.94
107587,9081,299,5,1,1,3,850,8090.0398425,8376.24
107588,5024,1619,5,5,1,2,700,10980.019302,9826.83
107589,5363,887,2,1,1,2,1640,4899.6022087,9539.93
107590,3545,1556,5,5,1,1,500,11192.166033,3254.58
107591,5618,798,2,1,1,1,1200,11066.114409,3537.91
107592,1985,1100,2,1,1,2,1420,12006.446831,5999.68
107593,4978,1168,2,3,1,2,2700,5547.1963896,14132.3
107594,6955,671,2,5,1,2,4000,1600.4536176,18022.04
107595,4431,1234,2,1,1,3,2500,4994.6386264,16378.15
107596,14571,0,2,3,1,4,2700,689.87355728,9821.15
107597,5543,1214,2,1,1,2,2700,10528.582555,11333.48
107598,4640,1403,5,1,1,1,1200,12497.390025,5655.13
107599,4668,309,5,5,1,2,800,6151.8747737,7531.16
107600,4269,1253,5,3,0,1,580,12370.846249,961.32
107601,3494,1474,2,5,1,5,3400,5586.9441099,19271.98
107602,5503,1231,5,1,1,1,550,10698.320419,1232.58
107603,7567,570,4,3,1,2,1350,8300.8309811,9010.02
107604,1136,2851,2,5,1,2,1460,6648.4112461,15180.24
107605,5699,835,2,1,1,2,2530,5745.7508902,12261.16
107606,1281,4226,2,1,1,2,3660,4986.5121879,18250.45
107607,5555,1193,5,1,1,2,800,12225.09708,6786.25
107608,5508,1225,5,1,1,1,1000,14094.863741,3079.29
107609,5272,868,3,1,1,2,1650,6531.1393391,5850.09
107610,4732,1324,2,1,1,4,1510,4056.5646563,17395.18
107611,2052,786,2,1,0,1,680,10593.082512,2054.68
107612,2059,2357,2,1,1,1,1800,11944.985632,5644.55
107613,7151,894,3,1,1,4,4570,3660.9582554,14271.69
107614,2797,1641,2,1,1,4,2500,5907.3381346,13065.31
107615,2615,1752,2,5,1,4,2850,6398.0851363,20973.97
107616,5800,875,2,1,1,2,1530,7192.94053,4636.21
107617,7272,522,2,1,0,1,2330,1025.7852595,5873.1
107618,4331,1328,3,1,1,1,1100,5545.9072735,6847.91
107619,4452,1422,2,5,1,2,2750,8140.8496672,15647.72
107620,5120,1132,5,1,1,2,1290,4378.5399585,3382.35
107621,4200,1372,4,1,1,1,600,14522.721868,2586.32
107622,6941,680,2,1,1,1,2340,4007.1537734,9317.54
107623,7309,602,2,1,1,2,1400,5854.7923071,7367.32
107624,4457,1421,2,1,1,3,1460,7698.9829421,7904.16
107625,4212,1364,5,5,1,2,1100,10909.314657,7607.85
107626,712,3685,2,5,1,3,2430,8629.1054002,18334.09
107627,1067,985,5,1,1,4,800,14868.127488,6101.79
107628,4859,1116,2,7,1,2,1380,7825.5837906,11037.04
107629,10564,1,5,-2,1,2,760,1070.1954139,6541.68
107630,1130,3326,2,1,1,3,4440,6435.3964904,25753.93
107631,2217,680,3,1,1,3,1420,7227.0889628,3924.64
107632,4338,587,2,5,1,2,3000,6787.6773004,8471.91
107633,3177,1661,2,5,1,1,1320,4644.9797765,12466.35
107634,2179,797,2,1,1,2,1860,7880.8050596,7053.22
107635,5302,32,2,5,1,2,1750,6146.4287645,11257.34
107636,3624,1463,2,5,1,2,5100,6164.6924521,15115.7
107637,3283,1991,2,1,1,1,1800,3539.7887109,6417.21
107638,5731,830,5,5,1,3,1000,9014.2968362,15600.16
107639,4154,1276,4,1,0,1,2900,4839.5334881,9754.87
107640,5977,854,2,1,1,2,1950,10321.942037,13289.98
107641,3256,1417,1,5,1,2,1000,10731.665788,12843.52
107642,647,3446,2,5,1,2,2270,7723.2536174,9448.98
107643,3457,1602,2,3,1,2,2400,5733.3679575,13579.77
107644,4278,263,5,5,0,1,750,8578.9586752,5071.53
107645,2973,1476,2,5,1,2,1010,9917.0840568,20885.94
107646,1717,2457,2,1,1,2,1100,5343.3284151,13065.25
107647,1092,1009,5,1,0,1,620,15828.975581,637.89
107648,5002,1118,2,1,1,2,1970,11532.911467,6320.22
107649,2171,2475,2,1,1,4,3800,8762.1483168,29836.38
107650,909,1340,2,1,0,2,1200,12040.706153,3806.46
107651,5225,904,2,3,1,3,2510,1559.0088057,22521.02
107652,1141,3021,2,1,1,5,2500,4435.2742496,26713.13
107653,8687,653,5,5,1,2,980,1138.0835107,9900.93
107654,2931,1643,2,1,1,3,2300,7446.3873925,16380.28
107655,7342,382,2,3,1,2,2380,2431.1405734,6615.64
107656,5314,996,5,1,1,2,1600,4276.3775827,5563.36
107657,8151,688,5,1,1,3,1100,3399.0800647,2563.53
107658,5617,798,3,1,1,1,1010,2279.7760432,16256.77
107659,5991,867,1,1,1,2,980,6622.1782954,5393.89
107660,1503,516,2,1,0,3,2600,8566.951885,3615.49
107661,4567,1124,5,1,1,1,650,7570.6886725,1890.67
107662,6330,722,5,5,1,1,900,11935.622075,4414.75
107663,3718,1519,2,5,0,2,3030,5090.5476639,20768.07
107664,6668,818,4,1,1,2,760,1850.7491224,4216.6
107665,7165,891,2,5,1,7,2350,6690.2453654,18598.39
107666,4233,1279,5,5,1,2,450,6244.1563103,6260.1
107667,7009,838,2,2,1,2,4200,4541.5780127,13152.78
107668,6768,642,2,1,1,2,2270,2058.0771468,10399.9
107669,1082,2987,2,1,1,1,1400,5843.2345795,5634.39
107670,2441,2378,2,5,1,3,1300,11290.17784,16068.9
107671,4473,320,5,5,1,1,400,5456.3484789,2205.74
107672,2162,2497,2,5,1,3,3880,8561.3361707,17628.57
107673,5200,625,2,1,1,2,1180,4423.1780589,9300.39
107674,1136,3626,5,5,1,1,860,17803.89296,8396.06
107675,1153,3382,2,1,1,2,2000,9523.0008308,14490.1
107676,3622,1479,2,5,1,4,2600,5052.2491533,19273.44
107677,2038,3251,2,1,1,3,1800,8950.6678663,9967.28
107678,8364,576,2,1,1,1,2050,906.88500742,4457.52
107679,4567,1277,3,1,1,4,1930,10836.322343,13102.82
107680,3327,1733,2,1,1,2,1050,3286.0985089,6254.95
107681,11089,0,2,1,1,1,2850,690.55912332,8803.8
107682,4208,1318,4,1,1,7,1300,13065.511458,8557.34
107683,8929,523,2,5,1,5,3300,856.68877866,37443.34
107684,4246,1380,2,1,1,4,1550,10257.394792,11151.51
107685,1103,3310,2,1,1,4,2600,6428.1479899,9860.06
107686,6108,822,2,1,1,1,1750,6427.6383443,3039.33
107687,2397,1735,3,5,1,2,1450,6896.1994477,11158.22
107688,4673,1052,2,3,1,7,3300,4753.1244413,20136.43
107689,3148,2130,2,1,1,7,2800,5635.4237683,14337.23
107690,1973,2714,2,5,1,5,790,10474.700183,15948.87
107691,4990,1026,2,1,1,4,1400,4834.1633387,24055.93
107692,4183,1353,4,1,1,4,800,13869.115883,2469.01
107693,1798,3391,2,1,1,2,2700,4261.5304921,10308.26
107694,7586,737,2,1,1,4,1530,6270.2473632,11370.86
107695,6610,570,2,1,0,4,3600,6967.3198627,13509.65
107696,2886,1587,2,1,1,4,5270,6516.4393036,22209.39
107697,5465,1058,2,1,1,1,2300,6259.3864171,7027.44
107698,8006,626,2,5,1,4,940,847.78888939,14032.35
107699,1143,3022,5,5,1,1,710,10985.557666,5396.27
107700,3338,1712,3,1,1,2,2400,1135.007347,4910.7
107701,5893,895,3,1,1,4,2270,6027.9130456,5798.66
107702,4289,1507,2,1,1,1,2500,9009.4806805,6763.52
107703,5257,926,3,3,1,3,2380,3000.7568579,5233.17
107704,5741,833,2,1,1,3,1800,5042.885586,12074.16
107705,2104,886,5,5,1,2,830,13328.111681,7605.02
107706,5840,630,2,7,1,2,720,10547.024918,16380.15
107707,7366,443,2,7,0,3,2600,2154.1122089,8304.26
107708,7158,416,2,3,1,2,2380,5886.050396,6298.66
107709,1041,3419,5,5,1,5,800,19078.802667,13032.77
107710,1162,3265,2,1,1,4,3300,8972.180494,15601.28
107711,4652,1164,2,1,1,4,2350,6421.228105,5516.83
107712,1768,2056,2,5,1,3,2600,9588.3420753,14358.03
107713,4712,1127,2,5,1,4,2920,6095.3330033,33044.75
107714,2076,2584,2,1,1,5,1700,10424.037495,20776.74
107715,9658,448,2,1,1,2,1310,1009.3040545,8214.98
107716,5254,923,2,1,1,1,2950,4180.9317368,2287.73
107717,4577,1128,2,5,1,1,2560,3154.4742894,8898.1
107718,1700,2589,2,1,1,5,3000,5290.8402187,16924.1
107719,314,4715,2,1,1,2,1320,12369.81763,16310.08
107720,2768,1496,2,5,1,1,1060,8489.2754818,18391.99
107721,6869,607,1,2,1,2,1100,6641.1839837,10574.52
107722,4436,1422,3,1,1,1,3150,4387.2802386,5753.92
107723,4260,403,2,1,1,3,2900,4540.1286341,13177.06
107724,538,3792,2,5,1,2,1800,12996.871102,15601.44
107725,429,4267,2,5,1,5,2750,9264.1843192,22537.98
107726,5856,1145,2,1,1,2,870,3366.8786263,11263.55
107727,4447,1135,1,5,1,1,1220,3860.2702598,11277.48
107728,4076,1323,3,1,1,5,2000,5127.3632598,8909.5
107729,5647,857,2,1,1,5,3750,5317.4333439,12934.71
107730,4249,1273,3,5,1,7,580,7598.8922394,14939.28
107731,3070,1767,4,5,1,2,900,2960.2582471,8941.69
107732,6219,779,2,1,1,1,7200,8095.0488912,26035.13
107733,5794,1327,2,1,1,2,2600,3783.7677939,7512.29
107734,2198,606,2,1,0,3,2100,9149.3450428,8133.93
107735,4638,1148,5,5,1,3,780,3747.2052038,10155.8
107736,92,4954,2,5,1,2,980,14832.304188,21550.01
107737,6499,719,4,5,1,3,1850,10122.96825,4312.87
107738,5506,1227,2,1,1,4,1400,9275.8175828,4819.66
107739,6291,263,2,1,0,2,1510,3801.3531772,7989.45
107740,3530,1630,2,1,1,2,2840,5677.0923694,9726.72
107741,4737,855,2,1,1,4,2460,6350.1497899,16985.27
107742,4239,1314,5,3,1,1,970,10930.79498,2983.02
107743,2038,3251,2,1,1,4,2300,8916.3066346,11214.31
107744,2133,829,3,1,1,1,1230,5769.236147,3881.86
107745,2984,1923,2,1,1,4,2150,5904.6856142,14942.84
107746,6390,589,2,2,1,3,2050,2147.0685985,10597.65
107747,1924,2683,5,5,1,3,830,18361.972912,6873.08
107748,6364,632,2,2,1,4,2780,3079.4591138,16624.28
107749,901,3559,2,1,1,2,2800,7878.7365098,18274.92
107750,5321,879,2,3,1,3,1800,2717.261487,7444.58
107751,5559,1037,5,5,1,1,700,12795.399306,4615.97
107752,8250,374,5,2,1,1,900,1366.1948022,3738.57
107753,2346,2065,4,5,1,1,600,6342.6749542,4001.51
107754,7272,312,2,2,1,1,1380,4883.2024892,7255.35
107755,4946,1173,2,5,1,3,1400,9214.5853862,22576.1
107756,5454,848,2,5,1,2,1500,5123.3406943,11280.25
107757,2792,1419,2,5,1,1,1750,7632.7440901,12202.16
107758,6147,976,2,1,1,1,1400,3459.4165728,8456.39
107759,4262,404,5,5,1,3,970,6457.2670094,9384.91
107760,5499,1232,5,5,1,1,720,10917.283433,6452.39
107761,2900,2012,3,5,1,1,1220,1867.3068571,16756.18
107762,2342,257,2,1,0,4,1820,13692.117519,2606.35
107763,667,3570,3,5,1,1,1050,6451.9188914,5899.74
107764,1401,1783,5,-2,0,1,740,14638.815227,3086.98
107765,947,3020,2,5,1,3,2300,9198.1835915,12506.12
107766,1777,4225,5,5,1,3,1150,7905.7343189,9475.89
107767,2626,1772,5,5,1,2,600,9573.9363616,8979.18
107768,3336,1713,3,1,1,3,1880,960.43060071,14516.18
107769,5543,1201,2,1,1,4,2630,8156.3512475,11290.32
107770,5514,845,3,3,1,2,1170,5413.0385595,6237.53
107771,6225,1132,2,5,1,1,1400,4746.2932716,17054.26
107772,4648,1561,2,1,1,2,2400,5643.4487752,6371.37
107773,7866,220,2,1,0,2,2600,2461.0504385,5997.58
107774,5345,661,3,1,1,2,1200,2635.9805516,4933.62
107775,6941,534,2,3,1,2,2200,2392.0543827,4196.61
107776,4745,1365,2,1,1,1,5200,7026.9768089,7648.18
107777,5729,822,2,1,1,4,1140,5505.4902642,10204.12
107778,4693,1122,2,1,1,3,5250,4689.6505745,28763.86
107779,1157,2061,3,-2,1,2,1850,6325.2844052,2622.36
107780,334,4427,2,-2,1,2,3000,9546.5334304,13640.93
107781,3767,1576,2,1,1,2,1050,5302.0623939,6690.27
107782,1174,3557,2,1,1,4,3550,8212.8706951,20413.72
107783,4742,1038,3,5,1,1,2250,2645.3861618,6243.15
107784,6013,953,3,1,1,1,850,4124.6039672,2135.81
107785,5053,926,5,5,1,3,1320,4497.7816025,7052.16
107786,2761,1623,2,1,1,2,2700,4553.1164168,9202.38
107787,5398,1277,2,1,1,2,2100,4740.1716622,7504.24
107788,2233,2420,2,1,1,3,2480,7448.4933955,18877.13
107789,3754,1711,2,5,1,2,1310,4975.6820001,19509.3
107790,5990,751,2,1,1,1,2580,11405.551055,8881.98
107791,4771,1326,2,1,1,5,1900,7337.6519372,7534.96
107792,8683,657,5,5,0,1,500,1637.1393274,5105.97
107793,5065,829,2,3,1,1,1540,2942.0243156,3329.9
107794,950,5171,5,5,1,1,860,9107.4758599,5815.98
107795,90,5013,2,-2,1,5,910,17539.361042,21771.1
107796,4752,1101,2,1,1,2,1380,12157.944919,5497.35
107797,3347,1297,2,3,1,2,1670,8090.9365694,12401.07
107798,382,4250,2,5,1,1,1500,12787.745614,5418.66
107799,2358,2009,2,5,1,3,3400,5122.6640583,18305.93
107800,6874,521,2,1,1,2,820,1118.5170133,6176.0
107801,8077,361,2,3,0,4,3450,913.20660089,10309.83
107802,4548,10,1,5,0,1,1230,5367.5279006,10476.32
107803,2070,936,3,1,0,4,990,6372.8101253,3252.07
107804,2726,2506,5,5,1,3,900,5790.9779257,9029.9
107805,5840,891,1,1,1,4,1280,11910.461905,9386.32
107806,1103,3240,1,5,1,1,850,11471.821375,8802.9
107807,2061,2299,2,1,1,5,2200,8534.6906299,7265.56
107808,1683,2543,2,2,1,2,1950,5285.7960995,8141.39
107809,4277,1313,4,1,1,1,600,12299.960605,3219.37
107810,2639,1719,3,1,1,1,1580,3583.3546897,12488.09
107811,2224,2423,2,1,0,3,1200,14110.237095,7189.94
107812,3766,1524,2,1,1,2,2530,7050.2639021,10641.45
107813,2246,326,4,-2,0,2,1600,13027.221207,3095.62
107814,4688,1035,4,1,1,1,650,6880.4713528,1757.81
107815,1581,2734,2,5,1,2,1820,8656.7318102,23015.53
107816,2844,2005,2,1,1,2,5500,3693.7522995,21173.42
107817,5144,784,2,3,1,2,2000,1989.999569,11950.21
107818,5188,893,2,1,1,2,1520,2097.7109371,6700.29
107819,3817,1523,2,5,1,2,1820,4912.4328987,9528.72
107820,7679,103,1,5,0,1,1250,3360.8431274,15122.94
107821,4326,266,2,1,0,4,1850,5999.885324,4995.38
107822,3010,1747,2,5,1,2,2500,4049.5103622,20088.0
107823,3987,1102,2,5,1,1,800,4414.3252374,11461.8
107824,4184,1351,4,1,1,3,1450,11549.409915,2772.27
107825,7679,425,2,3,0,1,4500,982.05218951,11645.55
107826,3806,1538,5,5,1,2,1730,8529.7604957,9153.15
107827,2245,2200,2,2,1,2,1200,9890.450575,10850.53
107828,10500,6,2,1,0,5,1750,705.21081909,2683.21
107829,1904,2836,2,5,1,5,2100,10601.402774,30783.69
107830,4772,706,2,1,1,2,1800,6385.3336089,4690.4
107831,6435,678,2,1,1,2,4820,7588.6836512,8931.11
107832,3971,1200,1,5,1,2,1680,3195.8852945,21548.25
107833,6857,534,2,1,0,1,2400,967.71510102,3210.96
107834,5730,965,3,1,1,2,1000,5173.3508123,7721.52
107835,4607,1090,2,3,0,4,1380,8949.5015632,7253.28
107836,4197,1194,5,5,1,1,600,7961.1627335,6666.5
107837,2881,2573,2,1,1,4,2500,3578.6537119,11081.42
107838,2844,2005,4,5,0,2,900,7395.8862981,2640.01
107839,4787,679,2,5,0,1,1800,4875.7342114,10636.34
107840,2561,1883,2,1,1,1,1240,8615.0044868,4825.73
107841,1777,4225,2,5,1,1,1430,4601.9098832,19754.59
107842,4195,1426,2,2,1,2,1400,6019.1031567,10558.4
107843,2177,2710,2,1,1,2,1400,9228.307599,11255.51
107844,5201,952,2,1,1,2,1720,9569.6950887,7244.88
107845,2650,1718,2,1,1,2,2860,9281.1393255,11461.85
107846,8301,651,2,2,1,1,3000,927.31916052,23401.45
107847,5522,1224,4,1,1,3,2000,12344.10875,3916.44
107848,2808,1959,2,1,1,2,4200,4643.6253622,16695.49
107849,1779,4222,2,1,1,3,950,5303.2348491,14863.29
107850,2205,2113,1,5,1,2,1400,11469.923975,16367.06
107851,6942,750,2,1,1,2,6450,7927.2138214,12265.31
107852,3423,1478,1,5,1,2,1500,3582.7168979,13849.17
107853,7720,590,3,5,1,1,790,2887.2256069,8043.72
107854,14665,0,2,3,0,4,3400,775.81152834,10372.15
107855,8299,0,3,5,0,1,800,479.76426524,9871.27
107856,5117,1274,5,1,1,3,590,6629.4210964,2182.12
107857,209,4434,1,5,1,3,1400,13603.464159,35609.73
107858,2196,2304,3,1,1,4,1200,9871.3673208,6623.05
107859,4717,914,3,1,1,1,1150,1926.969298,8129.86
107860,7527,405,4,2,1,2,680,3186.1969568,6828.59
107861,7027,221,2,1,0,2,2090,3068.5460304,7411.32
107862,7759,167,2,7,0,2,4200,4550.1070065,5591.37
107863,5564,936,2,1,0,2,1670,4409.4359972,8732.91
107864,5305,904,2,1,0,4,1300,4031.9919247,6195.03
107865,6602,613,2,2,1,1,2300,7386.4062528,9707.18
107866,6164,1055,2,1,1,6,3000,4003.0402358,13052.88
107867,3806,1537,3,1,1,3,1890,6023.1354748,4072.89
107868,4185,1343,5,1,1,2,1100,12031.595971,484.78
107869,5065,1058,2,1,1,1,1400,1998.1798987,12021.15
107870,2975,2666,2,1,1,7,1250,4102.2990431,7008.23
107871,2502,1789,2,1,1,5,3150,7752.3806228,12265.31
107872,852,1836,5,5,1,1,1170,11444.12181,5580.42
107873,954,3017,2,1,1,4,2600,9244.3733301,20137.49
107874,377,4258,2,5,1,3,1080,16708.230491,19697.85
107875,10744,1,2,1,0,1,2360,770.53870252,4033.01
107876,6042,829,2,1,1,1,2670,14097.333886,10316.03
107877,7166,826,2,1,1,1,3580,3785.6843464,7022.77
107878,4166,1220,2,1,1,4,2390,6465.1030608,6378.82
107879,6051,810,2,1,1,3,2670,4264.8316361,8119.02
107880,5236,944,2,1,1,4,1800,2202.2878685,3741.72
107881,10797,1,2,1,0,2,2010,955.93048171,7265.03
107882,10738,1,3,1,0,2,950,579.57258447,3636.07
107883,7990,634,2,1,1,2,3550,890.66224698,14486.43
107884,4907,970,2,3,1,2,1780,5926.6216408,4222.11
107885,1200,3370,4,5,1,1,810,10834.82576,10593.21
107886,6406,909,2,5,1,2,1650,4584.3563179,20322.1
107887,6350,744,2,2,1,6,4450,7841.3417807,15274.36
107888,6610,754,5,1,1,3,1250,3199.4194034,9183.85
107889,1557,2512,2,5,1,1,2200,4705.4112196,16005.84
107890,800,3742,2,1,1,5,4800,8757.3960216,15736.07
107891,4643,272,2,1,1,4,1800,5645.1383354,7016.85
107892,5214,1084,2,1,1,3,1800,11136.713953,9768.47
107893,6429,743,5,1,1,2,970,10004.923572,7750.91
107894,1247,3427,5,-2,1,2,720,14225.571351,5601.63
107895,7130,574,2,1,1,1,1780,1189.7060321,2612.18
107896,1999,2335,2,-2,1,4,1500,10045.106168,34353.8
107897,2138,360,2,1,1,6,2000,11237.875938,3899.99
107898,5412,872,5,5,1,1,860,6036.958385,5130.64
107899,1779,4223,2,1,1,2,3080,3920.4734888,29268.94
107900,0,4887,4,-2,0,2,530,2320.2808069,3958.38
107901,4322,1601,2,1,1,5,1560,7080.8525502,14666.66
107902,2162,344,2,5,1,2,970,11411.114784,11126.95
107903,5853,889,2,1,1,2,3600,3567.8594528,8884.18
107904,5842,1080,2,1,1,2,1500,3272.9375046,6324.31
107905,7808,393,5,5,1,1,900,983.91017396,6259.55
107906,5254,950,5,5,1,2,930,2998.6199314,3554.01
107907,1052,980,2,5,0,5,1060,13030.70717,6198.43
107908,2755,1569,2,5,1,2,6000,9893.6554692,21596.59
107909,6737,303,2,7,1,2,1880,2420.30344,22909.22
107910,0,4967,4,-2,1,3,830,2482.5683573,9063.4
107911,6102,903,2,1,1,1,1390,5835.565813,6702.84
107912,4223,300,2,1,0,4,850,6973.997602,5621.06
107913,7591,305,1,1,1,2,1280,7831.8130385,10082.87
107914,7508,234,5,5,1,2,1100,3969.3986278,4584.93
107915,4023,1092,2,1,1,1,1290,5114.2709405,4788.2
107916,4771,981,3,1,1,2,1020,5068.9829662,2761.28
107917,2859,2033,2,1,1,2,3600,3630.69311,19312.22
107918,2009,2259,2,1,1,1,1540,5997.480467,16933.45
107919,1274,3041,2,5,1,3,1850,7845.8347223,14370.64
107920,7991,634,2,1,1,3,2000,1024.931645,6952.64
107921,7808,75,2,5,0,2,2000,5503.3740745,20453.33
107922,5395,991,2,3,1,2,2220,6207.6613215,9796.87
107923,6336,767,2,1,1,1,1900,7020.1697985,9031.52
107924,5119,1131,5,1,0,2,700,7297.7141727,1228.18
107925,3337,1650,3,5,1,1,2100,2117.5989268,8972.06
107926,5449,774,2,1,0,1,2860,2043.2042328,6115.63
107927,5885,806,2,3,1,4,2360,5046.2784744,11987.65
107928,7493,730,2,1,1,1,2950,5671.7661753,6301.1
107929,4764,1304,5,5,1,2,960,9272.717745,11985.49
107930,361,4400,2,-2,1,2,2000,10456.548748,10024.88
107931,4206,1327,4,5,1,4,500,14327.769501,5402.77
107932,7231,484,2,3,1,3,2100,2530.004356,10068.46
107933,4618,221,2,5,1,2,3330,4952.4952795,16954.32
107934,1954,2572,2,1,1,1,900,10901.594895,20120.87
107935,542,3878,5,5,1,1,900,13052.349501,5730.82
107936,6112,821,2,1,1,2,1630,5028.6897501,4796.87
107937,2266,1968,2,1,1,2,2400,10337.360221,12056.25
107938,5898,800,2,1,1,2,2970,6525.5989845,9194.48
107939,7631,442,2,1,1,3,2800,811.26766755,7299.56
107940,6615,559,2,3,1,2,2500,1872.8132476,7190.8
107941,7158,707,3,1,1,2,1800,2919.4871838,6659.09
107942,6673,814,5,7,1,2,1700,1328.1195572,3263.04
107943,6786,661,2,5,1,2,3070,3076.9750979,12908.02
107944,2630,1817,2,5,1,2,1100,9866.0011989,12951.96
107945,5512,1217,2,1,1,2,4500,9609.2886409,7151.76
107946,4842,114,1,5,0,1,900,7064.5448964,11651.09
107947,7021,4,4,5,0,1,1000,1211.2873365,8291.06
107948,4459,1226,5,5,1,1,650,9698.5278592,7014.05
107949,5067,1096,5,1,1,1,700,10579.00749,3241.27
107950,6514,707,2,1,1,4,2350,5883.0816987,7004.09
107951,3199,1459,2,1,1,4,2100,7443.9766118,8069.81
107952,2541,1775,3,1,1,3,1200,8032.7498016,6035.05
107953,1053,3372,2,1,1,3,2400,7010.0383454,33992.8
107954,2616,1747,2,1,1,3,3350,6913.0459624,14295.78
107955,5866,853,2,1,0,1,1890,6637.0660801,1844.6
107956,6777,635,2,1,1,1,3400,1084.8099268,6965.95
107957,3598,1468,2,5,1,2,1500,4162.2802595,11899.92
107958,5049,913,2,1,1,3,4430,5029.1825996,11655.13
107959,6362,828,2,1,1,4,2300,8285.4637509,8039.47
107960,4231,297,2,7,0,3,1700,6818.0870292,20875.14
107961,5197,941,2,1,1,2,2000,1842.795278,27054.06
107962,2619,1559,2,5,1,1,1500,6621.624547,4403.55
107963,4259,280,5,5,0,1,520,7194.4685217,680.77
107964,4115,1312,3,1,1,3,2000,4413.061717,6874.0
107965,4409,1127,2,5,1,7,3020,4322.9169779,20198.1
107966,6614,754,2,5,1,3,2400,1554.9941629,8571.81
107967,6369,778,2,1,1,2,1100,9609.2886409,8120.01
107968,5607,976,5,5,1,2,1770,8578.0431211,11903.61
107969,4755,158,2,7,1,4,1740,6134.7155533,31719.2
107970,3476,1642,5,1,1,2,1000,1972.0188191,4002.48
107971,6789,747,2,1,1,2,3400,5893.4234797,6273.59
107972,4402,1231,2,1,1,4,1720,6270.7763657,9979.85
107973,4573,1173,2,1,1,4,2130,3745.6089253,20120.31
107974,1938,2661,2,1,1,1,1370,10272.517432,14672.86
107975,114,4731,2,5,1,4,1350,14549.807161,12641.83
107976,2975,2666,2,5,1,2,1100,6139.1827723,12884.59
107977,2146,3634,2,5,1,2,2660,3449.7237544,14727.52
107978,6374,608,2,3,1,2,3880,2809.5445879,7768.58
107979,6615,844,5,5,1,1,700,932.77310371,1796.0
107980,4194,1355,5,1,1,1,910,11434.761671,5500.87
107981,6647,937,2,1,1,2,2000,4987.674079,5668.12
107982,0,4925,3,-2,1,1,1290,734.50077071,8255.48
107983,2624,2009,2,2,0,1,900,10706.276373,8212.55
107984,2456,2004,1,5,0,7,1180,12183.227122,15836.94
107985,10784,1,1,1,0,5,980,1147.1506143,6934.29
107986,137,4617,5,-2,1,2,1100,15142.142538,9832.41
107987,1554,460,2,1,1,2,2610,9298.3005456,5073.17
107988,4201,1326,4,1,1,4,900,12349.010335,6810.9
107989,7851,422,2,2,1,2,6500,1040.740182,15284.89
107990,10602,2,3,1,0,1,1600,500.13896255,4433.1
107991,2040,2079,5,1,1,1,350,14345.299423,2249.38
107992,5691,931,2,1,1,3,2700,6099.9297286,8773.75
107993,3289,1865,2,1,1,7,1440,4934.2716341,9429.49
107994,2059,2572,2,1,1,1,2150,6467.8476852,12903.14
107995,4197,1182,2,1,0,1,2660,4850.9979563,2699.82
107996,6741,705,2,3,1,1,2250,4620.4167416,4345.17
107997,5050,1289,2,1,1,3,3750,4127.7641135,16797.78
107998,5863,914,2,1,1,2,1100,6245.7609088,4121.37
107999,2904,1622,2,1,1,3,1700,6518.6782292,18463.91
108000,2519,1758,2,1,1,6,4800,8980.7261219,16956.43
108001,1967,2273,1,1,1,1,1450,5704.4030134,8408.9
108002,5477,968,4,5,1,4,970,4214.0514409,18958.53
108003,0,4599,2,-2,1,2,3700,1409.1010866,11095.66
108004,1715,2456,2,1,1,2,1200,7174.503902,11071.18
108005,5515,747,2,1,1,2,3250,2062.4611042,12598.27
108006,4014,1336,2,2,1,1,1200,8245.5981974,7699.95
108007,4191,1334,4,1,1,2,380,14363.515511,1859.61
108008,5005,77,2,5,1,4,2000,5931.5989053,11360.32
108009,3668,1662,4,5,1,3,750,7630.4797586,4547.26
108010,4745,1391,3,1,1,5,2200,3415.6460188,19653.77
108011,878,1806,2,5,1,4,3000,14028.758195,6701.33
108012,598,4597,1,5,1,3,860,15222.989582,12665.95
108013,5197,925,2,1,1,2,3200,2319.8529891,20686.69
108014,10761,1,3,1,0,2,1900,494.7316813,3964.44
108015,1883,2181,2,1,1,2,2400,7244.2262564,22962.09
108016,6334,772,4,3,0,1,1100,13360.505841,6089.19
108017,885,5330,5,5,1,1,430,8856.4344364,5979.39
108018,7260,852,5,1,1,1,700,13690.065891,2257.13
108019,8165,355,2,3,0,1,2250,1068.9902377,10342.43
108020,4925,1014,2,5,1,2,1290,16992.755554,14239.53
108021,4773,248,2,1,1,1,980,6382.5066335,7939.57
108022,5200,922,2,1,1,2,2600,2041.0268686,7674.79
108023,5086,1047,2,1,1,1,6440,4184.4433694,5085.65
108024,4968,197,2,5,0,1,1430,4958.7763899,17878.6
108025,1079,3007,2,5,1,1,350,7312.6170913,4107.32
108026,2858,2034,2,1,1,4,3880,6053.5364957,20365.71
108027,6128,749,2,1,1,2,2360,5013.4339581,8367.62
108028,3803,1537,2,1,1,1,2900,6262.1542902,12218.9
108029,4916,984,2,2,1,5,3000,6128.9353667,19324.51
108030,4183,1337,3,1,1,4,1660,6004.9966923,5900.96
108031,876,5352,2,-2,1,7,2800,5427.6601293,24518.21
108032,5510,847,2,1,1,2,3000,7918.8556462,10563.9
108033,6112,1049,5,1,1,1,970,8455.5307661,6715.89
108034,2326,1979,4,5,0,2,700,3618.9686579,5852.74
108035,1087,5115,2,5,1,4,800,5913.5406565,20035.13
108036,3996,1524,2,1,1,1,1470,5766.7617097,3599.58
108037,5319,930,2,2,1,4,1400,6978.2098706,20226.98
108038,6631,537,1,2,1,1,1500,6539.2792914,4817.82
108039,363,4859,4,5,1,3,750,9827.9328251,10396.2
108040,1395,3043,2,1,1,2,1190,8378.1178099,14466.2
108041,6327,775,2,1,1,2,2500,9043.3117183,8981.28
108042,6778,950,2,2,1,2,1790,2136.0793714,13105.21
108043,7092,663,2,1,1,2,2380,5847.2611935,6829.44
108044,3338,1560,2,5,1,2,2230,5691.4431166,22329.35
108045,6067,743,3,2,1,5,3000,1270.6428142,13411.66
108046,5782,895,2,1,1,1,3300,7150.0908111,7406.06
108047,1032,3385,2,5,1,4,1600,12707.985751,20025.08
108048,6589,890,2,1,1,2,1770,4326.1529276,9963.89
108049,3622,1459,2,5,1,4,2200,6057.142044,11702.98
108050,5952,618,2,5,1,2,2750,2627.2982788,22705.35
108051,8383,506,2,2,1,5,2020,7285.681401,12278.33
108052,4795,971,2,1,1,3,1390,6519.3930198,7352.41
108053,4943,987,2,3,1,2,3670,6968.2604995,15048.52
108054,7653,460,2,3,0,1,2160,1043.8110955,3033.14
108055,6561,823,2,1,1,2,1300,4566.6981633,7485.19
108056,6964,539,2,3,1,2,1010,1101.2063579,5786.41
108057,5491,1004,2,1,1,5,3450,3480.0816194,7605.47
108058,5341,1283,2,1,1,1,1400,4055.7614387,4095.09
108059,6593,437,2,5,1,2,1600,7509.4926506,27023.36
108060,7536,668,2,1,1,2,2200,5856.6245222,5145.73
108061,1111,3503,4,5,1,1,500,10400.983798,6841.1
108062,2459,1807,2,1,1,3,1950,7146.2826257,5756.86
108063,1870,2193,2,5,1,2,1980,8196.7413583,13071.36
108064,2828,1532,5,5,1,2,980,11185.693116,10027.2
108065,3141,1624,2,2,1,2,2710,6730.7834449,24580.72
108066,0,4844,3,-2,0,2,960,1159.6779828,3499.67
108067,1132,3454,5,1,0,1,950,16884.842668,9362.13
108068,4880,230,2,5,1,4,1720,5157.0887992,32876.74
108069,5623,1098,2,1,1,4,4500,4891.2407415,15985.8
108070,6569,703,2,3,1,1,2400,7368.4616431,9916.47
108071,2678,1801,2,5,1,7,2600,6855.5697556,5212.96
108072,0,4312,2,-2,1,2,1400,1655.797656,4753.87
108073,2969,1590,2,5,1,2,1900,6250.461105,8646.47
108074,6036,1125,2,1,1,3,4840,3169.5763591,43167.03
108075,7929,290,2,7,1,4,4080,4511.5430818,12180.02
108076,7090,799,2,2,1,2,3000,5418.0058428,11719.26
108077,1317,2313,2,1,1,1,1780,12294.287163,5720.23
108078,0,4996,2,-2,1,2,1300,1353.5680716,10384.81
108079,751,3619,2,5,1,6,1770,6260.3724976,10648.21
108080,1214,1852,3,5,1,2,550,7353.5250565,6933.1
108081,4622,1144,2,1,1,2,4200,5471.1994782,7848.67
108082,6541,562,2,1,1,2,1700,4780.956594,4793.86
108083,4204,1327,2,1,1,2,1150,4670.9862955,5615.85
108084,4605,1091,2,3,1,3,1600,11456.558177,18385.47
108085,4287,1628,2,1,1,4,2690,8216.5916982,10199.43
108086,4818,1082,2,3,1,1,1990,6982.558892,8188.82
108087,828,1406,5,-2,1,4,1500,14626.497643,11123.41
108088,6061,952,3,1,1,2,1100,2298.095675,2690.78
108089,4494,1088,2,1,1,2,680,5630.2741178,6576.22
108090,915,3537,2,1,1,3,5400,9391.0570981,19959.29
108091,4752,1117,5,1,1,1,1100,6799.753405,4649.99
108092,5527,892,2,2,1,4,3600,7040.4045718,12338.91
108093,4257,1241,1,5,1,5,920,3021.7787179,17641.98
108094,878,5349,2,5,1,1,1800,3856.4580463,15837.4
108095,874,5362,2,1,1,1,2450,5158.0451299,15476.68
108096,5049,926,2,1,1,5,1780,3815.9754477,11409.22
108097,1791,4202,2,1,1,2,1160,3632.1132595,8196.82
108098,10615,1,2,1,0,1,2360,852.75715613,2768.56
108099,7897,451,1,1,0,2,960,1761.8363249,6853.94
108100,7057,680,3,1,1,3,1960,2965.7460096,14475.27
108101,4068,1343,3,1,1,4,3700,2928.1995732,10466.1
108102,4866,1114,2,1,1,3,3030,6819.3575176,9482.11
108103,1462,1811,2,1,1,2,2060,11757.222584,15199.1
108104,3908,1855,2,1,1,4,2700,6488.8766849,21221.53
108105,4247,1149,5,5,1,1,1000,1662.7353114,6632.86
108106,4610,331,2,1,1,5,3600,4237.6800394,12422.31
108107,799,3743,5,-2,0,4,600,16330.77785,7226.93
108108,8814,538,2,5,1,2,4000,837.10015108,36302.17
108109,2,2943,2,-2,0,4,1750,1237.3025233,8403.62
108110,5081,1186,2,5,1,2,2100,7665.8786757,15742.18
108111,2078,2105,2,1,1,2,2500,7926.4767437,13635.55
108112,6873,522,2,3,1,3,4050,3735.2462627,14376.34
108113,0,3993,2,-2,0,2,3600,1567.8886453,7614.27
108114,5005,1060,2,1,1,1,1480,14681.362445,3616.25
108115,5219,937,2,7,1,4,2480,1759.6159433,7501.28
108116,3413,1672,5,3,1,1,500,1669.1239478,3493.19
108117,5745,899,2,1,1,2,4050,5953.0675966,11655.21
108118,6063,827,2,1,1,3,4200,4712.8341571,6633.79
108119,5178,1033,4,5,1,2,900,13912.279308,3090.7
108120,90,5009,5,-2,1,2,780,18787.470364,9880.25
108121,3668,1661,2,1,1,4,1740,4169.6000547,11060.65
108122,8827,506,2,1,1,3,2250,1011.1608911,22180.92
108123,4913,1071,2,1,1,6,3000,5927.0900289,24615.3
108124,6202,1047,2,1,1,4,3200,2913.4043569,9106.24
108125,5049,976,5,5,1,1,900,10087.138989,5427.63
108126,10594,1,3,5,0,2,1950,568.06958063,13402.2
108127,8277,415,2,5,1,2,2400,903.29257403,26178.05
108128,1908,2650,4,5,1,2,800,9612.5439037,15333.18
108129,2508,2212,2,2,1,2,5400,8656.7318102,9061.35
108130,4842,847,2,5,1,2,1400,7271.7673142,11932.43
108131,4465,337,2,1,1,3,1850,4913.1970969,15053.98
108132,3403,1679,3,1,1,3,1200,1064.7389415,15162.78
108133,4937,1168,3,5,1,1,950,2559.6589937,12119.17
108134,355,4887,2,5,1,4,1900,11061.198519,17930.45
108135,5065,1060,2,1,1,2,2400,1927.7773072,7222.64
108136,4955,1139,2,1,1,2,2680,12134.804896,7542.43
108137,1791,4202,1,1,1,1,1100,5689.929248,9299.2
108138,5289,690,2,5,1,4,3000,7771.9428596,16321.34
108139,874,5362,2,5,1,7,1010,6524.3364606,34515.28
108140,6906,698,2,5,1,2,2010,1057.4545057,17653.56
108141,103,4843,2,-2,1,6,1020,15485.139449,22606.24
108142,908,3550,2,1,1,4,1490,10622.857799,17002.08
108143,1020,3152,1,5,1,6,1090,15094.168208,16676.63
108144,8713,646,5,5,1,1,1000,1163.3266788,1727.54
108145,8050,596,2,1,1,2,3300,7486.2327184,4481.53
108146,8471,282,2,5,0,2,2330,886.52250724,20888.65
108147,4232,1160,5,1,1,1,580,1521.2870733,2476.01
108148,2442,1794,2,1,1,4,1060,12136.783756,7021.08
108149,3805,1537,3,1,1,3,1880,5725.2688434,11543.62
108150,5319,895,4,1,1,4,1000,7591.4985555,3557.66
108151,3460,1603,3,1,0,1,3280,5364.0679709,8801.55
108152,5479,1043,2,1,1,2,3250,5914.2690764,13131.45
108153,4816,1230,2,1,1,2,2000,10168.153948,5976.41
108154,3857,1431,2,1,1,1,3300,5847.7386805,14079.55
108155,7650,149,2,5,1,2,930,2798.598614,15323.01
108156,5350,948,2,7,0,2,1500,7748.8129739,9244.24
108157,5296,954,2,1,1,4,3260,8751.651603,8772.43
108158,2239,1960,1,2,1,3,2800,6726.8759332,12836.19
108159,5827,893,2,1,1,4,3700,5163.6592973,13131.81
108160,3178,1482,2,5,1,4,2300,9489.5680916,21839.3
108161,1113,3546,2,5,1,2,1200,9622.2304434,12338.1
108162,7010,173,2,1,1,3,980,2337.1103392,8863.1
108163,6056,722,2,1,1,2,2130,4259.5401172,8323.87
108164,1808,4175,2,1,1,2,3300,3824.5183822,19723.26
108165,1055,1332,1,1,1,1,1500,9238.1479396,3608.46
108166,3842,1286,1,3,1,3,1800,8009.2601583,8964.96
108167,5345,901,2,1,1,7,2500,6102.8853028,11663.18
108168,5160,948,2,1,1,4,2700,2796.5193239,7473.58
108169,2955,1963,1,1,1,7,2100,3839.4407384,23817.92
108170,5203,978,2,3,1,2,3200,9104.1544479,5586.75
108171,2242,2297,2,1,1,3,2800,10573.834803,15367.06
108172,2433,1818,2,1,1,4,5130,8403.1620099,11922.63
108173,972,5111,2,5,1,7,3490,5205.535684,22180.1
108174,3466,1640,5,5,1,1,1800,1722.9822735,9186.2
108175,7596,733,2,1,1,4,3130,5731.9904372,13093.02
108176,7202,875,5,1,1,1,560,10547.346387,2656.61
108177,3973,1520,2,1,1,1,2400,6492.6553091,8315.99
108178,1193,4643,2,1,1,4,2900,4545.9440786,30809.04
108179,5819,895,2,1,1,1,3000,7789.725416,6900.1
108180,6205,1146,2,1,1,1,1470,4473.7612131,8782.34
108181,1135,3626,2,1,1,2,620,10429.171478,11118.61
108182,7677,670,5,5,1,1,760,11255.280396,1748.43
108183,5215,891,2,1,1,1,2130,15047.52421,4624.02
108184,6736,494,2,5,1,2,1440,1478.3559128,20897.05
108185,1902,2609,2,5,1,2,920,11954.059647,17712.58
108186,6793,660,2,1,1,3,1620,6812.5698937,4934.53
108187,6614,844,5,5,1,1,980,1288.3482962,7541.41
108188,4326,1586,2,1,1,2,2720,4717.0591116,10148.25
108189,4279,255,2,1,0,1,2000,5741.6319122,6802.03
108190,9413,518,5,5,1,1,600,1209.2372585,1527.65
108191,4980,1132,2,1,1,1,1060,16825.254568,6192.31
108192,6691,377,2,1,1,2,1990,10547.024918,5678.91
108193,3987,1009,1,5,1,5,1700,5470.9621084,18721.58
108194,6036,1072,2,1,1,2,800,3596.5008132,6114.41
108195,4265,1255,5,1,1,3,550,10802.854572,3401.68
108196,2185,1869,4,5,0,2,1000,15398.207906,6227.34
108197,2057,2264,1,5,1,3,1280,12137.991529,9271.32
108198,1986,497,3,1,0,4,1150,5490.0722371,4567.65
108199,4674,1082,4,5,1,1,800,9014.9506726,10972.95
108200,5520,884,2,3,1,1,1530,3683.3568235,2978.99
108201,3295,1644,2,1,1,2,1940,6843.1172611,14789.28
108202,6860,324,2,2,1,1,2000,2618.0224957,8721.04
108203,6204,1147,3,5,1,3,1100,2437.5317241,16483.56
108204,4773,1110,2,1,1,4,6410,14629.268254,14067.2
108205,4463,303,2,1,1,2,1200,4899.6587218,7074.14
108206,2865,1590,3,1,1,2,1450,4880.936855,11193.3
108207,1611,3630,2,1,1,2,1800,4392.8372795,10773.87
108208,7684,352,2,1,1,1,3880,1960.8388263,6674.29
108209,4193,1368,5,1,1,2,700,10563.64775,2833.28
108210,5831,1061,2,1,1,2,1250,6284.5754742,5928.18
108211,8072,597,2,1,1,2,4850,724.447027,6526.98
108212,6979,578,2,1,1,2,3600,6612.7339819,9897.07
108213,0,4802,3,-2,0,2,1700,969.99609192,9303.34
108214,5916,840,2,1,1,5,2710,4858.2253655,11450.44
108215,3806,1537,2,1,1,3,1550,5697.7224722,15382.63
108216,6098,630,2,1,1,2,5250,9256.0054279,11459.99
108217,4565,1139,2,5,0,5,2100,4172.3899699,31175.35
108218,3046,1599,2,5,0,4,1150,9675.2280352,12556.35
108219,4819,1076,5,5,1,4,1100,8356.0352645,10728.5
108220,7198,882,5,1,1,2,1910,8798.4045632,5360.55
108221,5434,866,2,1,1,5,2900,4956.7876839,16670.21
108222,4997,1320,2,1,1,5,2130,4613.8018773,11669.43
108223,6756,743,2,1,1,4,2400,6582.2638494,9714.13
108224,3451,1652,5,5,1,2,1130,1957.810557,6813.69
108225,5506,1226,4,1,1,1,1300,15661.856077,3821.16
108226,4598,1087,5,1,0,1,800,3880.2493446,1066.2
108227,350,4411,5,5,1,1,950,17553.42621,8284.95
108228,6176,797,2,1,1,3,2700,9688.9597565,4170.13
108229,1961,2130,2,5,1,4,2400,5041.8607052,18125.36
108230,3133,1308,1,2,1,1,1400,11155.43643,13046.41
108231,2867,1588,3,1,1,3,4600,4535.9735841,8440.6
108232,7255,653,2,1,1,4,4300,4708.3229154,10457.28
108233,1952,565,2,1,0,2,1500,10260.094826,8191.88
108234,6445,116,2,1,1,2,1560,4719.3289779,3712.84
108235,5065,1060,1,5,1,3,900,2386.0263801,17301.47
108236,5847,706,2,3,1,2,1800,4027.1437176,6573.09
108237,4727,1326,3,1,1,3,1410,3140.2556727,9525.17
108238,4109,1251,5,5,1,1,850,1441.4933608,5652.19
108239,3336,1571,2,7,1,1,890,4475.2060647,5167.86
108240,1081,2959,5,5,1,2,800,7449.327538,5101.43
108241,1418,1741,2,1,1,2,2030,8571.3329413,5211.02
108242,6934,417,2,3,0,2,3450,2530.004356,4939.36
108243,2086,2043,2,1,1,2,2850,14616.639639,7629.69
108244,175,4559,5,-2,1,2,1160,22358.426413,4567.49
108245,1180,805,5,5,0,1,1420,16514.003495,4016.95
108246,5496,1104,5,5,1,1,700,10576.617506,5384.26
108247,3846,1508,2,5,1,3,2500,4486.3928397,11485.69
108248,6086,925,1,1,1,5,1340,12773.754753,7128.44
108249,3141,1594,2,5,1,2,3800,5301.8850355,21268.47
108250,5684,1133,2,1,1,6,2830,6193.1627702,12236.48
108251,1017,2131,2,1,1,3,3240,8547.5434104,11270.07
108252,1971,2727,1,1,1,6,1000,16076.835239,13679.93
108253,5791,927,2,1,1,2,2100,8494.9801994,8056.5
108254,4375,1488,5,5,1,1,600,14424.721027,5774.13
108255,889,3551,2,5,1,4,2650,8991.4657927,21894.04
108256,2067,2198,5,5,1,1,680,7810.9993874,6736.37
108257,7120,1,2,5,0,1,2000,1058.1377353,10095.53
108258,2871,1543,4,5,1,2,870,10413.856252,11874.04
108259,4543,1359,3,1,1,1,3300,3787.8196483,7386.21
108260,8002,628,2,1,1,7,2800,850.39044555,12390.2
108261,6094,569,2,1,1,1,1250,19643.876308,11688.97
108262,5434,1052,2,1,1,3,4500,8531.5071785,11717.68
108263,5211,1000,3,1,1,3,1580,4106.9361281,6219.35
108264,3818,1808,1,1,1,1,980,9873.8677283,7368.09
108265,4913,225,2,1,1,3,2000,5954.9692608,3617.35
108266,7306,655,2,3,1,5,4150,2471.7892039,8416.65
108267,1541,1955,2,1,1,2,1830,12369.773614,6355.9
108268,4553,1226,2,3,1,5,1400,6336.5383397,11583.54
108269,5219,964,3,3,1,1,1300,7150.3214721,8110.59
108270,5930,645,2,3,1,2,1110,10547.024918,6717.72
108271,1060,2980,2,5,1,3,510,9768.9630993,22861.97
108272,1393,3194,2,1,1,3,3000,10280.549904,13189.67
108273,874,5362,4,5,1,7,970,11253.574674,10576.4
108274,1195,3045,2,5,1,2,1020,12224.167086,7315.03
108275,5409,1036,3,1,1,2,3000,1794.6644119,4515.16
108276,705,3362,2,5,1,3,2270,10081.892688,19559.93
108277,4285,266,2,1,1,3,2070,6948.6987132,8862.96
108278,1579,2242,4,5,1,2,700,4973.3910352,8665.94
108279,3820,1696,2,1,1,2,1800,3191.5176517,9866.63
108280,1197,2108,4,5,1,4,850,13628.713409,6587.1
108281,875,5358,2,5,1,2,2500,4316.7787855,17216.97
108282,1138,3411,2,1,1,4,1080,11257.542342,13293.86
108283,4849,1110,2,1,1,3,2920,5946.9877751,5739.91
108284,5322,964,2,1,1,2,3200,5989.2123669,6556.04
108285,4501,313,5,5,0,2,700,7011.1780827,1882.92
108286,2779,1820,2,2,1,1,2010,6905.3092313,12131.19
108287,3372,1513,2,1,1,2,520,6631.4790718,15959.0
108288,4899,1369,2,1,1,4,1600,4867.8824526,7607.43
108289,2111,880,2,5,1,3,1700,9224.6082962,11105.25
108290,1105,3561,5,5,1,1,700,16298.250045,3664.83
108291,4186,1270,2,1,1,4,3100,2122.8651675,16234.66
108292,5790,1016,2,1,1,1,2250,8259.0084171,4238.18
108293,4009,1359,5,5,1,1,700,6903.454663,2882.6
108294,5378,981,3,1,1,1,2520,2962.1739413,4276.73
108295,1986,2661,2,1,1,2,2400,7125.01125,7085.18
108296,5896,888,2,1,0,5,2550,9632.1590467,3666.02
108297,3230,1747,1,5,1,2,1500,4679.0571227,13546.31
108298,9417,517,2,5,1,1,2500,829.82009109,26676.4
108299,4769,1111,2,1,1,2,1930,15055.552989,6001.68
108300,644,3672,2,1,1,5,2900,10659.804522,20108.71
108301,9186,14,2,7,0,1,600,1921.800299,13110.98
108302,5634,905,2,1,1,3,740,11834.41558,5130.16
108303,1135,3626,2,1,1,1,1580,11411.649195,5045.34
108304,201,4520,2,-2,1,1,1560,11157.687916,12447.14
108305,7094,448,2,3,0,3,1200,3258.1097043,7200.88
108306,6116,625,2,1,0,2,1900,12411.347667,3448.15
108307,4686,1111,2,1,1,1,1950,4262.3045064,7404.81
108308,376,4270,2,5,1,2,3000,8972.8223209,18802.12
108309,4194,1361,5,3,0,2,1200,10059.415188,2670.38
108310,1146,3607,3,5,1,1,1000,5570.5674529,8262.6
108311,5097,1092,3,1,1,2,1150,6437.986904,5258.18
108312,1258,2117,2,1,1,2,2050,8052.234998,7322.8
108313,7441,720,2,5,1,4,7460,4729.8110191,39329.74
108314,6157,758,2,7,1,3,2500,3723.8407478,19972.96
108315,6068,766,2,3,1,2,7960,5632.4970338,10958.54
108316,528,3792,2,5,1,2,1800,12152.382441,19640.12
108317,4942,992,2,1,1,4,3600,7774.6875031,11893.75
108318,1369,4338,2,1,1,2,1880,4446.0981114,8407.75
108319,4983,1115,2,1,1,3,3680,11442.92101,27686.83
108320,5848,978,2,1,1,6,1400,10590.154491,10111.65
108321,1695,2353,1,5,1,1,1440,4997.1866866,20086.54
108322,5036,1612,2,1,1,2,4000,4297.1461636,10240.7
108323,1444,3903,2,1,1,1,3620,4850.9979563,8341.05
108324,4162,1295,3,3,0,1,1870,2527.8105697,1199.81
108325,2637,1767,5,5,1,4,950,16155.683378,16868.37
108326,7244,872,2,1,1,2,2700,6187.9998753,5381.32
108327,1176,4634,2,5,1,2,1850,4478.7723276,12111.83
108328,4549,1033,2,5,0,2,3000,5796.2136584,12542.39
108329,4530,1150,2,1,1,2,1700,3818.6330858,3326.73
108330,2848,1423,2,1,1,1,5000,12537.848332,6949.88
108331,5,3020,2,-2,1,2,2300,1321.8123049,12261.74
108332,4944,1175,4,1,1,1,960,16757.026286,3997.1
108333,5011,1309,2,1,1,3,1270,4288.3405881,9189.94
108334,5387,918,2,1,1,4,4500,3539.5265106,10249.4
108335,1089,912,4,1,0,3,1130,13032.78057,4105.72
108336,99,4875,2,-2,1,3,2720,9864.9410346,19134.93
108337,4448,1229,5,5,1,1,590,12816.564317,2462.76
108338,3331,1715,5,5,1,1,1180,1462.8050389,7448.66
108339,3,3122,2,-2,1,5,2000,1418.9145568,13567.71
108340,4914,910,2,1,1,2,860,3715.750681,7040.16
108341,7906,15,2,3,0,2,1500,1337.4977754,11481.92
108342,5112,991,5,1,1,1,860,13404.620217,2519.63
108343,5312,1189,2,1,1,1,2600,7631.9759178,4377.63
108344,5119,997,2,1,1,2,15000,6177.3160347,68241.34
108345,2388,1877,2,1,1,2,880,9697.3066237,12291.98
108346,4128,1427,2,5,1,3,2860,5777.9241025,21033.39
108347,4670,1130,5,1,0,1,900,6366.87508,3092.14
108348,5922,875,2,1,1,3,1500,10349.135645,6553.48
108349,1013,3013,2,5,1,2,3200,5681.0875081,14182.09
108350,2627,1746,4,1,1,3,1140,9190.5920032,5220.24
108351,6657,399,2,1,0,1,680,5713.9700114,1642.82
108352,6287,691,2,2,0,2,3380,2069.9084616,8321.32
108353,7871,414,2,1,1,2,1200,2286.3484205,7340.83
108354,6379,671,2,1,1,6,3000,7638.9623018,13832.76
108355,3656,1673,2,1,1,4,4120,4377.1455243,20019.68
108356,7642,510,2,2,1,2,1850,1201.0407076,7722.92
108357,6783,706,3,1,1,1,980,3704.5306394,2926.15
108358,952,3532,2,1,1,1,1560,10071.533253,9761.52
108359,3186,1477,2,1,1,4,2000,6977.8389001,7429.73
108360,5127,1267,1,5,0,1,2400,4135.719685,4609.63
108361,1799,2279,2,5,1,2,1660,7583.1609328,11722.03
108362,2702,1777,3,5,0,1,1980,10014.14751,6510.03
108363,4733,1015,2,3,1,4,1550,6649.0192056,14896.52
108364,2477,1804,2,5,1,3,1900,11163.964265,12311.96
108365,1806,4177,3,5,1,1,1500,1974.6012656,5308.37
108366,2361,2276,2,5,1,2,1730,4352.2381486,18488.44
108367,2200,2454,5,5,1,1,750,13999.692607,7550.85
108368,4315,260,2,1,0,1,3080,5620.7381081,2266.16
108369,3327,1852,2,1,1,2,6480,4981.4477575,43484.37
108370,5783,918,2,1,1,1,2110,11156.269119,6638.1
108371,4823,1163,5,5,1,2,710,7026.2591073,7674.2
108372,5703,527,3,1,1,3,1400,3482.8299587,15814.07
108373,4537,1101,2,1,1,2,5580,2076.9439793,15962.5
108374,2663,1906,5,5,1,1,1200,14272.595316,5358.84
108375,2406,1748,2,1,1,1,1300,9159.2652604,4112.85
108376,1286,4212,2,1,1,2,2950,4890.940889,7728.69
108377,301,4398,3,-2,1,2,1130,10105.830922,12653.78
108378,4437,1235,2,1,1,1,1200,5337.1654169,3413.58
108379,2912,1940,2,1,1,4,2200,4140.4586357,21482.19
108380,2959,2129,2,5,1,2,1200,6569.6557803,14824.1
108381,1691,2438,2,1,1,2,1430,7845.3742065,3105.27
108382,3018,1776,2,5,1,2,1300,3074.0548232,22338.63
108383,5012,1237,2,1,1,4,3130,5040.672364,11094.67
108384,4733,1123,5,5,1,1,950,9997.8895542,5052.66
108385,1696,2380,2,2,1,7,2270,5953.3684777,15036.25
108386,7631,515,2,1,0,2,3600,991.80178178,6122.78
108387,8030,623,2,2,1,3,2100,972.1105841,7653.55
108388,2733,2616,2,5,1,3,1800,4526.5311508,19341.63
108389,3191,2020,2,1,1,1,2020,4699.1998222,9192.55
108390,1201,4622,2,5,1,2,3240,4348.5046501,21062.62
108391,892,1576,2,-2,0,1,1050,13502.062958,2244.45
108392,5937,952,2,1,1,2,4000,7602.4424079,10155.04
108393,7790,783,2,1,1,2,4650,1516.6669207,21022.81
108394,6133,842,5,1,1,1,630,3294.5109834,2648.5
108395,6385,611,2,5,1,4,2920,2855.198505,14667.11
108396,3411,1679,3,1,1,2,1200,1017.101644,3693.59
108397,801,1556,2,5,1,3,310,11704.122155,8908.82
108398,8151,688,3,1,1,2,1370,1683.6555073,4718.42
108399,5331,919,2,1,1,3,3850,4562.7706215,9074.68
108400,4030,1318,3,5,1,3,890,2643.4644122,12979.95
108401,3856,1093,5,5,1,1,1000,9207.2060721,8657.97
108402,2661,1673,2,5,1,2,950,7495.6281983,10659.18
108403,5247,880,3,1,1,1,1710,5785.5193229,2445.51
108404,3821,1531,3,5,1,4,1650,3524.0427405,15378.48
108405,2036,3255,3,1,1,7,4000,4947.0948602,18640.71
108406,3121,1470,2,1,1,3,1200,5023.4457272,10419.73
108407,1841,2872,5,5,1,1,500,16928.320965,4569.33
108408,3085,1679,4,2,1,1,600,7374.0992251,5357.93
108409,4184,1271,2,1,1,4,1400,2410.0077401,6824.87
108410,7212,687,3,1,1,1,2730,2815.3655241,5303.6
108411,6254,836,5,5,1,1,550,11669.872413,5519.13
108412,2576,2436,2,1,1,2,1500,3866.3811733,8307.83
108413,2080,930,2,1,0,1,1530,9437.8566228,3868.8
108414,7005,695,3,1,1,4,2350,2863.349778,7082.97
108415,5150,968,2,1,1,3,3000,7452.4322597,5005.01
108416,979,5103,2,5,1,3,3010,5101.7690638,15116.82
108417,2242,2417,3,5,1,5,1330,4115.3957903,6661.49
108418,5504,1221,5,1,1,1,1400,12161.045812,3142.13
108419,5199,1002,2,5,1,1,2000,5395.7995804,17709.28
108420,2904,1613,1,5,1,2,1400,9434.613094,7740.92
108421,3587,1562,2,2,1,2,5100,2220.7970248,4358.21
108422,5680,887,2,1,1,2,3350,6649.5004009,19378.21
108423,6869,491,2,3,1,5,1800,11659.720788,11464.32
108424,2443,780,2,1,1,1,1300,11366.007236,6109.16
108425,5280,925,3,1,1,2,1490,1983.8761834,5715.63
108426,5618,937,2,1,1,2,1750,2032.0372839,10772.93
108427,4495,1079,2,2,1,4,2000,4527.1254391,19849.91
108428,3248,1888,2,1,1,1,2400,7338.3882609,8312.03
108429,4489,1342,2,5,1,2,4400,7729.630058,20651.51
108430,4203,1358,5,3,0,1,600,11442.403459,2953.34
108431,5296,954,2,1,1,2,870,8244.8984344,7057.45
108432,996,1085,3,-2,1,3,1800,8832.5362953,3083.69
108433,7048,415,1,3,0,1,1150,3521.4867377,3788.02
108434,1175,4929,5,5,1,2,900,9034.9992418,8310.31
108435,3412,1535,2,1,1,2,3200,3636.1798152,11059.88
108436,6669,756,2,1,1,5,4790,3759.6942461,15264.51
108437,2198,2304,2,1,1,5,1010,14086.801301,10844.5
108438,2538,1783,2,1,1,7,2400,9281.1393255,21761.29
108439,4698,1127,3,3,1,5,1140,5338.5653449,11976.46
108440,2210,2461,2,5,1,4,2700,8103.3193742,17907.63
108441,8672,275,2,3,1,2,1750,2889.2455906,10329.7
108442,6337,649,3,1,0,1,2000,1250.1189623,5101.73
108443,5291,866,2,5,1,2,2500,10527.114863,19217.21
108444,2107,1993,2,1,1,4,2180,9029.2243416,8570.1
108445,6702,814,2,3,1,1,3850,983.65695068,8367.29
108446,1612,3691,5,-2,1,1,1000,8207.8367396,8603.0
108447,6937,417,1,3,0,1,1110,2032.3689526,2500.91
108448,4253,297,5,5,0,1,460,11712.056158,4786.44
108449,5492,1231,4,1,1,2,1600,17982.266294,6935.32
108450,3211,1728,2,5,1,2,1680,3437.1519327,17268.62
108451,6175,898,2,1,0,1,2100,10810.104513,2319.18
108452,5698,529,2,1,1,1,1380,5895.1196893,10777.7
108453,6350,722,2,1,0,4,2860,16040.969345,3980.99
108454,45,1294,2,-2,1,5,2050,1400.1211152,9516.74
108455,5712,1089,2,1,1,2,630,9983.5661003,12424.23
108456,4184,1202,5,5,1,3,1500,7967.9475142,4220.8
108457,4007,1776,2,1,1,1,1080,12677.301644,7923.37
108458,2927,1557,2,5,1,2,5650,6476.4536707,36530.33
108459,1131,1724,3,-2,1,2,1020,5893.978039,3878.85
108460,819,1702,2,1,1,2,1200,9029.2325411,8449.84
108461,7073,395,2,7,1,2,3600,2272.9864767,4552.01
108462,4179,1329,2,1,1,2,3400,3977.6118443,23238.75
108463,2811,1689,2,5,1,3,1100,8885.5007664,14950.67
108464,3345,1566,2,5,1,2,1710,6151.5660589,17254.06
108465,6157,915,3,2,1,2,3200,4526.9767608,10642.93
108466,4420,1142,2,1,1,5,3220,3372.7098649,20608.6
108467,3593,1389,2,5,1,2,2850,5193.8541167,25540.77
108468,5348,803,2,1,0,1,3390,4437.5616235,5777.63
108469,3625,1510,2,5,1,1,2400,2665.7787326,5495.13
108470,6761,538,2,3,1,5,4300,4844.1974836,16933.56
108471,8024,620,3,1,1,3,2000,521.46714394,11710.39
108472,0,4926,5,-2,0,5,1000,1863.7220508,4956.73
108473,2004,1471,2,1,1,4,1300,12028.874529,10206.76
108474,3202,1593,1,5,1,1,1200,9300.6782733,33498.62
108475,2,3001,2,-2,1,3,1800,2417.924293,5953.85
108476,6304,640,3,1,1,2,1500,1315.7251733,7732.5
108477,1885,2848,2,5,0,2,2240,7506.7272805,20419.49
108478,8168,66,3,1,0,3,1060,688.08098449,6094.37
108479,6035,796,5,5,0,1,880,7431.2319662,4266.35
108480,3126,1436,2,5,1,2,1460,6222.0800724,9877.17
108481,6648,745,2,5,1,5,3100,1439.311869,21516.61
108482,1018,3445,2,1,1,3,3400,8450.3532836,18361.61
108483,3135,2166,2,1,1,2,1700,5428.5545798,16621.22
108484,5063,132,3,5,0,1,850,3438.2154588,2790.0
108485,5339,970,2,1,1,3,1200,9779.637993,15778.97
108486,8705,642,2,5,1,2,1550,1053.5704349,18864.0
108487,3167,1507,2,5,1,2,1200,4529.1757711,14911.0
108488,5810,883,2,3,0,4,1440,3949.1667492,6806.61
108489,5410,870,2,5,1,1,3000,4135.0622549,19975.16
108490,5931,619,2,3,1,7,4200,3225.3158488,12098.85
108491,5990,867,2,1,1,2,1820,5729.7137303,5378.52
108492,2953,2151,2,1,1,1,2900,8558.0373512,32808.06
108493,5395,916,2,1,1,2,4670,5401.50551,11244.88
108494,986,2234,5,1,1,2,900,19929.087561,3382.88
108495,7097,1032,2,1,1,2,2010,1655.4449647,4836.64
108496,4732,1098,2,3,1,3,2000,3958.9974176,13673.7
108497,4337,243,5,5,0,2,700,6472.5842691,3752.87
108498,3301,1868,2,1,1,2,2220,5355.654397,13506.64
108499,4305,1330,2,1,1,4,2540,7696.2981772,8528.41
108500,951,5161,2,5,1,2,2400,4591.3507863,21823.69
108501,6810,584,2,2,1,2,2700,11063.007617,6361.78
108502,1000,1217,2,1,1,4,1600,14428.90897,9459.99
108503,5803,1064,2,5,1,2,5990,3357.9313628,17146.38
108504,1164,3365,2,5,1,2,820,8887.0350415,10474.44
108505,7826,312,2,5,1,2,1330,2146.8430236,4260.8
108506,6926,357,2,7,1,3,1500,10547.024918,9155.75
108507,3631,1359,2,3,1,2,3250,7048.08779,23258.51
108508,6905,698,2,1,1,2,2890,1073.587266,5743.44
108509,7567,570,2,3,1,2,3010,7902.0367142,5911.81
108510,4270,1341,2,1,1,1,1240,7872.7355808,3401.79
108511,0,4942,2,-2,1,1,1000,1944.9862063,1115.41
108512,6145,990,2,2,1,1,2190,4337.7981638,9009.21
108513,4697,1112,2,3,1,1,410,4416.1388322,5478.69
108514,2319,2125,2,1,1,2,1890,5583.4694823,12504.72
108515,6038,769,2,1,1,1,1940,8344.2982265,8446.9
108516,5295,916,2,1,1,1,1560,5566.6546575,4222.56
108517,4356,227,2,1,0,2,2200,5569.6130309,6452.73
108518,4792,992,5,5,1,1,540,3714.8529195,6035.19
108519,7134,871,2,1,1,4,1800,7145.1090262,13129.63
108520,2343,2914,4,5,1,2,1200,13783.973983,8801.18
108521,4592,1075,2,1,1,1,4800,1899.8147217,13823.42
108522,897,3568,2,-2,1,5,1100,9812.3893854,13446.43
108523,8664,668,2,1,1,2,2600,809.67553494,11219.58
108524,4469,269,5,5,1,1,900,6706.586731,7309.11
108525,4661,1156,2,1,1,2,1960,3031.4257643,9469.5
108526,5181,1125,2,3,1,1,2390,3615.2496148,3893.82
108527,7466,264,2,1,1,3,3000,2162.4151113,13849.24
108528,8415,552,2,1,1,2,7400,2058.2394076,19979.9
108529,8001,264,3,1,0,2,1400,2291.006709,5342.45
108530,6917,411,2,2,0,1,2160,2244.2239796,4516.91
108531,6934,584,2,1,1,4,1130,5080.441549,8385.05
108532,4339,1536,3,1,1,2,3150,6104.8879598,12260.44
108533,8317,464,2,1,1,3,2430,843.68365144,6801.0
108534,4577,1000,3,1,1,1,1170,2864.8650404,3486.44
108535,6128,845,5,5,1,5,840,2412.8737182,6084.75
108536,5499,1232,5,5,1,1,2200,11215.898595,17205.47
108537,5031,1613,2,1,1,4,4530,4151.9495081,12098.3
108538,3475,1669,2,5,1,5,1370,3393.0371398,12022.03
108539,6831,740,4,1,1,1,680,10197.921164,2648.42
108540,1673,437,2,1,0,2,1850,11607.206104,8339.87
108541,2437,1803,4,5,0,2,600,9012.2971458,5160.29
108542,4629,1261,2,5,1,2,3550,6075.4392471,24021.21
108543,5150,967,2,1,1,1,1850,10706.877238,2806.76
108544,3615,1334,2,5,1,2,3500,3939.6917191,17251.81
108545,4108,1445,2,1,1,3,2900,7359.0042762,8987.13
108546,5319,895,2,1,1,2,1280,4069.6586121,4733.46
108547,2741,1778,2,1,1,2,2350,5182.9429332,25953.46
108548,5470,1151,2,7,1,2,1450,6912.8926541,7710.84
108549,7790,783,5,5,1,2,780,1867.6423154,11166.79
108550,6044,827,2,1,1,2,2600,8884.3879092,7067.6
108551,2831,1523,1,5,1,2,1200,6880.4094539,14167.33
108552,2483,1711,2,1,1,5,1890,11978.50112,14862.48
108553,3414,1455,2,5,1,3,2000,6195.3628101,10024.64
108554,1252,4531,3,5,1,1,1140,2163.0273883,9725.61
108555,1087,3290,2,5,1,2,4500,7728.268683,29834.08
108556,4657,1141,2,1,1,2,3420,3570.7738203,16788.48
108557,6914,636,2,1,1,1,1100,1148.5346007,9174.21
108558,6612,750,2,1,1,2,980,1513.9022347,3885.18
108559,5722,1098,3,1,1,1,2440,3598.6719019,3622.66
108560,7599,435,2,2,1,2,2000,6028.2835925,13864.38
108561,8241,479,3,5,1,6,1800,848.66148149,21232.49
108562,629,5096,3,-2,1,2,1450,10199.942239,8089.84
108563,8297,0,2,3,0,2,1300,887.47161514,15209.19
108564,4980,1183,2,5,1,4,2680,5262.0162632,27833.57
108565,871,1676,2,5,1,6,350,13974.17757,5794.56
108566,970,3089,2,1,1,2,1500,10657.075303,7186.8
108567,7055,302,2,1,1,2,3000,2048.9472108,5020.94
108568,4687,1098,5,1,1,1,2380,5205.4217918,9596.59
108569,6095,918,2,1,1,2,3680,6194.0626358,10460.72
108570,6097,739,2,1,1,4,4200,3619.6974429,10954.68
108571,5624,702,2,5,0,2,4800,7148.9690118,22821.56
108572,1791,4204,3,1,1,4,1240,2690.1549065,9793.62
108573,1091,904,5,-2,1,1,680,12685.557286,1154.08
108574,5857,1027,2,1,1,5,5300,6513.9486491,17054.79
108575,7196,856,2,1,1,2,2000,6344.5104403,4080.66
108576,8674,663,2,1,1,2,2450,758.49436702,10363.59
108577,2484,1771,5,5,0,1,1490,13894.737202,9564.84
108578,5979,783,1,1,1,2,1300,5495.822938,12835.22
108579,1454,1969,3,5,1,2,2580,5926.6683784,11064.9
108580,3493,1347,1,5,1,4,800,8340.4591893,15279.72
108581,5230,938,2,1,1,1,4000,6260.6233742,14545.9
108582,1143,3028,2,1,1,2,1500,3997.841155,7674.36
108583,2271,1850,2,1,1,2,2850,7684.9824516,9726.31
108584,6476,935,5,1,1,1,970,6590.4857107,6191.47
108585,4001,1518,2,2,1,1,840,5979.8301478,7572.21
108586,3995,1447,2,1,1,2,1810,5656.9335877,16836.99
108587,4728,1109,2,5,1,6,2810,5400.0235859,16507.22
108588,5988,958,2,1,1,2,1250,6516.5636843,7432.86
108589,2901,1828,2,5,1,3,1500,6606.4508931,9712.62
108590,4245,1334,3,1,1,2,1700,10771.366494,3041.8
108591,6392,827,2,1,1,1,3600,10651.794032,23702.51
108592,6031,791,2,1,1,4,2330,7950.0049863,14152.26
108593,1326,4097,1,5,1,1,1060,6233.7487469,8160.63
108594,4727,1392,2,1,1,2,1650,6981.4516668,10205.34
108595,5865,662,4,1,1,5,950,7623.9200529,19205.94
108596,5356,882,2,3,1,3,2780,4675.0568605,9741.41
108597,4409,1127,2,5,1,1,1780,4227.684971,15941.78
108598,7700,617,2,1,1,3,2100,5731.9904372,13439.5
108599,3568,1427,2,1,1,2,1450,3023.2011876,7581.04
108600,4192,1217,2,5,1,4,4000,3454.1432146,63049.55
108601,1388,2720,2,5,1,2,1450,9446.9923031,15819.55
108602,5701,880,4,5,1,2,800,11626.124311,11769.54
108603,5278,1294,2,1,1,1,610,5854.9905992,2445.24
108604,4209,1364,5,5,1,1,800,7366.4020748,9529.15
108605,4670,1137,2,1,1,1,3200,5926.0006388,10217.75
108606,6958,665,2,1,1,1,2050,1439.311869,10087.17
108607,4581,1090,2,1,1,4,2650,3494.8750186,9042.99
108608,8995,11,3,5,0,2,900,578.5425442,16456.21
108609,5032,724,2,5,1,1,2530,3764.9028653,9277.56
108610,6270,874,2,1,1,1,2640,6727.5463307,4029.35
108611,2111,2182,2,1,1,2,1510,12690.772872,14998.33
108612,4655,1151,2,1,1,2,2400,5263.6718996,8559.6
108613,7517,748,3,1,1,1,1300,3592.0766045,4299.49
108614,5827,794,2,1,1,3,2400,3391.8419899,11470.71
108615,3748,1524,3,5,1,5,1600,4624.2498813,25747.01
108616,3523,268,2,7,0,2,2000,12130.916276,9655.8
108617,3312,1562,5,1,1,3,1130,10775.127689,8805.45
108618,1872,2538,2,5,1,3,1900,7627.1685985,12327.0
108619,4538,1132,2,1,1,3,1370,5735.7901564,7443.37
108620,1,2496,2,-2,0,2,1400,2282.186398,4961.53
108621,5362,141,1,5,1,3,1080,6500.6565247,10072.62
108622,4753,1312,2,1,1,1,2400,7159.8634073,12796.65
108623,6470,560,2,3,1,1,2250,5885.3308826,3118.88
108624,14019,3,2,3,0,1,1460,752.65152008,5653.37
108625,4718,1281,2,5,1,2,2000,4422.1705408,22738.16
108626,2256,2397,2,5,1,2,1600,8686.7443234,10214.01
108627,3109,2238,2,1,1,4,4060,4467.9127262,19980.58
108628,4322,377,2,1,1,4,1350,4878.2511331,11049.09
108629,4324,1165,2,7,1,2,2500,6117.4239554,20521.15
108630,2363,2776,4,1,1,1,770,9812.884615,3471.8
108631,5065,1061,2,1,1,2,780,2340.6220364,9547.34
108632,7196,667,1,1,1,4,980,6028.8633792,7246.23
108633,1777,4228,2,1,1,2,780,5130.4859437,7982.98
108634,10859,1,2,3,0,1,2040,754.13554993,5025.94
108635,6035,794,2,1,1,2,1750,5898.0126237,6421.44
108636,2403,1852,2,1,1,4,2600,8749.7228578,15621.82
108637,6982,568,4,5,1,4,1100,12223.378809,22036.96
108638,3134,2168,5,-2,1,2,890,11800.274903,7540.54
108639,5085,1064,1,5,1,2,1930,7969.7212223,22244.19
108640,2,2331,2,-2,1,6,1520,1311.7978204,10020.53
108641,745,3636,5,5,1,1,420,9403.7479566,7276.67
108642,7028,1046,2,1,1,1,2300,1749.7472457,4812.23
108643,98,4887,2,5,1,2,2700,10394.881006,32640.43
108644,686,3392,2,5,1,5,2100,9884.9391589,21173.16
108645,2149,814,5,1,0,4,1140,13127.189529,3023.74
108646,2111,541,2,1,1,3,1450,14555.910655,2602.09
108647,4424,1283,2,1,1,2,2250,11402.808332,2933.95
108648,5730,965,5,1,1,1,1680,14507.687293,4746.49
108649,5534,886,2,1,1,4,2350,3512.368346,6778.25
108650,5612,759,3,1,1,1,1800,5677.7502362,3125.52
108651,7245,872,2,1,1,4,2210,5282.6098963,28215.69
108652,2661,1697,2,1,1,2,1040,8426.1588469,10491.29
108653,4520,1210,2,1,1,2,4950,5894.8340545,27143.73
108654,4325,1002,2,3,1,2,2400,8749.0892599,10166.31
108655,4618,1035,2,5,1,5,2400,5571.3693261,14300.58
108656,4317,1301,5,5,1,3,1700,6639.3752265,13334.64
108657,2036,3254,2,1,1,3,1150,11742.291706,7334.2
108658,1360,4037,5,5,1,2,1110,9558.7910916,7206.0
108659,2207,795,2,1,1,2,2150,8378.9199095,8736.3
108660,4543,1345,5,5,1,5,1200,8638.8159217,14284.46
108661,8785,405,2,5,1,2,3950,859.41347373,36957.36
108662,10773,1,2,1,0,3,3950,628.94271124,9568.36
108663,5181,938,2,1,1,1,2100,2079.1309522,5225.52
108664,11226,0,2,3,0,1,3200,756.9913202,6560.84
108665,5732,906,2,1,1,2,1800,9210.5986369,8199.56
108666,1150,3372,2,1,1,2,1080,11825.378549,5382.85
108667,5421,835,2,1,1,1,1080,5418.0151339,3024.25
108668,6139,811,2,1,1,1,2650,4960.9638513,7114.59
108669,8625,578,2,2,1,2,4200,865.31194353,15698.36
108670,4238,1386,5,5,1,1,900,9476.905953,6839.84
108671,6012,1152,5,1,1,1,850,5987.8528221,2766.87
108672,355,4884,2,5,1,2,2200,10682.27034,17689.83
108673,5118,1039,2,1,1,1,1980,3693.9897754,8509.7
108674,3655,1416,2,2,1,2,1200,4415.4790555,5201.0
108675,785,1922,2,1,1,2,1990,11244.536844,8056.4
108676,3779,1565,2,1,1,3,1200,3216.9362158,10242.39
108677,6452,618,2,3,1,2,2310,2048.3139873,14673.03
108678,3400,1486,2,5,1,2,2170,6465.5612711,11817.23
108679,5953,832,2,3,1,5,2240,4185.0803464,12609.75
108680,103,4861,3,5,1,4,1750,9625.0262505,20245.41
108681,6024,735,5,1,1,1,900,7566.2715197,2816.74
108682,9413,518,2,1,1,4,2200,730.48461623,14261.51
108683,5448,759,2,3,1,3,2850,3952.7633754,14210.98
108684,7974,623,2,2,1,1,2020,7249.8928681,7558.06
108685,5442,1023,2,3,1,2,2490,4708.36057,7314.14
108686,8233,534,2,5,1,2,1160,7663.3527326,4671.72
108687,1439,3903,2,1,1,2,1980,3764.2685941,7915.64
108688,1241,2763,2,1,1,1,1700,5383.3415607,13467.68
108689,3142,1505,3,5,1,1,570,9617.232023,6951.31
108690,7094,998,2,1,1,4,2600,1536.6279543,13321.23
108691,5492,756,2,1,1,3,2500,2368.7522467,26774.39
108692,3158,1288,1,2,1,1,1440,7758.3903598,17311.73
108693,1268,3439,5,1,1,2,1100,14135.763967,5539.15
108694,5937,618,2,1,1,5,2880,18092.150968,18264.18
108695,6888,366,1,5,1,3,1020,9923.1650287,20725.9
108696,5004,77,2,1,1,2,2800,6238.5447264,6858.66
108697,7683,587,5,1,1,2,1330,6434.1490652,7040.19
108698,7161,391,5,5,1,1,710,2712.9834654,4673.84
108699,4306,1582,3,1,1,3,1900,5851.0700414,9314.31
108700,2218,2492,2,5,1,4,2050,7164.4240537,23367.82
108701,1871,2817,2,1,1,1,1200,13351.019209,9231.49
108702,874,5362,2,5,1,5,1060,8733.9320257,27564.44
108703,1451,2181,3,1,1,3,1240,9567.1527049,8400.62
108704,0,5005,5,-2,1,4,1340,2504.9012917,8120.09
108705,6598,436,2,3,0,1,2440,9101.2655058,3898.49
108706,7900,692,4,5,0,1,500,1211.0771252,1298.36
108707,4394,1476,5,1,1,2,1210,9380.9204813,13636.85
108708,0,5038,2,-2,0,1,2980,1367.4008908,3811.6
108709,89,5124,5,-2,1,2,600,16155.817382,5595.07
108710,7986,238,2,1,1,4,4240,2511.5733904,23728.1
108711,6358,744,1,1,1,2,920,9113.7205271,6067.06
108712,874,5362,2,5,1,1,1600,5105.7484985,12734.58
108713,2652,1696,1,5,1,3,1200,6777.6555034,17265.77
108714,4097,1305,5,1,1,1,1390,10830.937488,7153.49
108715,5532,1220,2,1,1,2,2250,14901.475106,2424.9
108716,1166,1497,2,1,0,2,2400,8722.5612668,6433.73
108717,2009,524,2,5,1,2,760,17006.20365,4340.49
108718,3777,1163,1,5,0,1,1000,5470.9621084,9992.95
108719,6180,772,2,1,1,1,2100,5731.8235604,4457.83
108720,10697,1,2,1,0,2,1350,746.00575627,6044.44
108721,6731,512,5,1,1,1,750,7157.5274608,3777.25
108722,3950,1194,2,5,1,3,5200,3388.9727525,19008.62
108723,4772,707,2,5,1,2,1060,5710.7254458,19695.82
108724,5065,1065,2,1,1,2,1400,7123.2402948,4514.72
108725,1451,2833,2,5,1,2,1900,9677.3439996,14794.79
108726,2279,1962,2,2,1,1,4410,10597.706577,10791.31
108727,5146,949,3,3,1,3,3150,6451.3559563,17040.28
108728,1540,2748,2,5,1,2,1720,8372.5162083,16829.03
108729,1937,2758,4,5,0,2,980,11007.821736,14873.54
108730,4089,844,1,2,1,2,1850,5723.9797573,11125.63
108731,3336,1712,3,5,1,2,1150,960.43060071,4862.0
108732,3968,1455,2,1,1,3,1600,5204.6745336,9620.27
108733,7739,419,2,3,1,2,5400,855.08854045,12841.59
108734,2657,1752,2,1,1,4,1520,11253.190824,15759.89
108735,2954,2247,2,1,1,1,770,9205.5787202,7756.11
108736,3903,1217,1,5,1,1,1000,3878.0428452,3356.4
108737,1838,2400,2,5,1,2,2850,6348.2865761,14054.08
108738,4980,1035,2,5,1,2,2000,6087.2648484,12606.98
108739,91,5043,2,-2,1,2,2150,12145.070267,34113.99
108740,141,4722,5,-2,1,1,730,16732.583549,4331.03
108741,4314,512,2,5,1,2,3380,6171.0077518,25138.54
108742,2122,2233,2,5,1,2,1200,8516.9642708,19855.05
108743,0,4029,3,-2,0,1,500,1339.4825577,3188.12
108744,4747,1312,2,1,1,2,2200,5116.2160373,7795.3
108745,4345,1324,2,-2,1,1,700,11151.06,16758.72
108746,2750,1651,4,5,1,3,1700,4282.1515992,9608.49
108747,5219,942,2,1,1,1,2250,2314.2455004,7004.9
108748,2558,1798,2,1,1,5,2750,7879.7485897,9879.92
108749,1003,1300,3,1,0,3,1500,5497.6203957,8101.72
108750,4288,1224,2,5,1,2,2410,7044.6919188,17852.09
108751,6933,554,2,3,1,2,2800,1066.4242164,7061.64
108752,5985,870,2,1,1,2,2800,11460.576505,7097.32
108753,6683,806,4,1,1,2,1700,1550.5618514,3466.37
108754,4166,1212,2,1,1,4,2160,1230.0734359,14298.32
108755,435,4088,4,5,1,4,900,13091.137158,11475.12
108756,1328,2632,2,5,1,2,2500,4291.9957431,13543.7
108757,5689,793,2,1,1,3,2400,5792.7855412,6077.61
108758,8360,482,1,2,1,2,1200,6730.4881581,14568.6
108759,6347,846,2,1,1,2,3400,5789.0532089,6492.25
108760,7132,857,2,1,1,4,1240,6679.7297119,5271.13
108761,3571,1458,2,5,1,5,1200,7048.3047797,23168.8
108762,4426,1476,2,1,1,6,1650,7972.0762532,8594.12
108763,3915,1427,2,1,1,1,1200,3831.3305653,7326.99
108764,13904,0,3,5,0,2,1650,791.37834853,14229.75
108765,4842,114,2,1,0,7,3060,6375.8763306,10086.94
108766,4124,1156,5,1,1,1,840,4999.3513499,3587.71
108767,3820,1696,2,5,1,2,2900,3666.5688626,15415.58
108768,7096,1018,2,1,1,2,4430,1485.5945321,4166.37
108769,6086,1119,2,1,1,1,4260,3067.068407,6404.7
108770,4204,413,2,1,1,1,2960,4710.6677576,6755.94
108771,5182,958,2,1,1,2,1950,7770.3909803,8523.2
108772,3193,1469,3,5,1,2,1000,9408.1734223,13121.34
108773,3559,1561,2,1,1,2,3600,2921.8945412,10881.16
108774,4247,1246,2,5,1,2,3380,4174.4748375,17972.35
108775,1075,4827,2,5,1,2,1740,4918.0726753,16427.9
108776,2667,1707,5,5,1,2,1230,7053.9135155,8088.92
108777,3143,2143,2,1,1,1,1480,7581.1602442,12188.44
108778,2068,3203,2,1,1,3,670,13882.852752,5207.8
108779,3929,1180,2,5,1,2,1330,10185.64494,16385.04
108780,0,4992,2,-2,1,3,900,2112.8428025,9090.48
108781,5545,848,5,5,1,1,1020,10331.354523,3044.89
108782,5983,808,3,1,1,2,1000,6122.1808838,5158.83
108783,1774,2539,3,1,1,3,300,3186.1267853,4695.18
108784,6422,815,2,1,1,3,4200,10898.321643,18182.14
108785,5985,810,3,1,1,3,1880,4710.1899449,5435.63
108786,7178,888,3,1,1,5,1530,4884.1467125,4508.59
108787,1752,3780,2,5,1,1,1400,6611.2227776,10607.01
108788,3833,1246,2,2,1,4,1800,6486.0272812,1200.71
108789,6895,539,2,3,1,2,1140,2171.7168575,5065.53
108790,8919,295,2,2,0,2,1950,8296.0058458,6941.14
108791,5430,880,2,1,1,1,1200,12637.454442,3428.62
108792,3502,1262,1,5,1,5,2000,5239.16634,32379.0
108793,1147,3014,2,5,0,6,1100,7032.4499013,22580.76
108794,6330,650,4,1,0,4,2430,4267.2240721,4919.77
108795,1177,4683,3,1,1,1,1700,2408.066004,9056.0
108796,2664,1649,2,5,1,2,1750,7843.2243309,11814.57
108797,2636,1832,3,5,0,4,1200,8230.5115407,25254.79
108798,5651,854,2,1,0,2,1790,5792.7855412,9847.47
108799,5824,887,4,5,1,2,1080,17353.670208,7895.57
108800,238,4505,5,5,1,1,1400,14044.03327,5271.53
108801,5532,838,2,3,1,3,1540,6388.696336,13235.43
108802,3942,1242,2,1,1,1,1350,5241.125346,5260.82
108803,2774,1633,2,5,1,2,2400,8368.3165823,23140.17
108804,5780,931,2,5,1,2,3500,6176.5743088,20163.47
108805,7395,639,2,2,1,2,2600,7818.8477883,8201.8
108806,1131,2968,2,5,1,4,3700,4365.1678099,23210.89
108807,5895,894,2,1,1,3,2300,4358.0978645,7791.46
108808,2654,1904,2,5,1,2,2900,5512.4960845,18188.38
108809,3699,1634,2,1,1,1,1000,3638.2777563,4935.63
108810,0,4871,2,-2,0,2,1500,1456.7248577,5165.64
108811,5089,138,2,5,1,3,900,7126.1428282,8507.36
108812,7804,394,2,2,1,3,2000,1070.3886027,9836.23
108813,1009,3315,5,-2,1,5,1270,5377.7483484,20896.94
108814,2173,1897,5,1,1,1,820,14670.611145,1796.87
108815,5574,1198,3,1,1,4,2500,3590.7186815,9599.81
108816,7955,462,3,5,1,1,1150,577.31376624,16508.39
108817,5334,971,2,1,1,2,1500,13038.370222,13926.69
108818,1914,1148,2,1,0,1,4600,8522.8892637,3569.16
108819,1163,3353,4,5,0,3,750,10207.449976,7914.68
108820,2267,312,5,1,0,1,700,15907.677402,3416.05
108821,1140,3007,2,5,1,2,2000,5366.5655903,17550.73
108822,6381,630,2,2,0,2,1950,1937.5598319,1941.84
108823,842,1444,2,1,1,3,2440,9401.4511114,5680.25
108824,1690,2592,2,1,1,1,1200,6240.7466816,10998.9
108825,1012,1191,2,1,1,4,2140,10344.633043,9389.55
108826,4565,1117,4,5,1,2,550,7041.4554565,3437.94
108827,5553,1016,5,1,0,1,640,9944.4341048,4565.63
108828,6963,283,1,5,1,2,1120,2911.9979502,22039.65
108829,4707,1022,2,1,1,3,3000,2101.7939831,11448.23
108830,4010,1358,5,5,1,1,700,4236.0963286,5093.67
108831,2316,2060,3,5,1,1,630,2857.0079005,12338.07
108832,4443,339,2,1,0,2,1240,4700.6894648,10558.89
108833,235,4286,2,5,1,3,3750,10535.044231,24735.82
108834,5993,1111,2,1,1,1,1840,4311.2768688,3585.59
108835,5346,926,3,1,1,2,3300,1537.1429071,8863.02
108836,1929,2855,2,5,1,5,800,10992.392983,18923.01
108837,2638,1722,3,1,1,1,1000,9461.2041307,3647.95
108838,907,5277,3,5,1,4,1250,4024.5179123,12686.56
108839,6426,823,2,1,1,2,1960,10380.429662,6399.43
108840,5402,102,2,7,0,2,1400,5334.8138866,6901.45
108841,7966,677,2,5,1,2,1200,788.82591313,26663.2
108842,6705,637,2,1,1,1,600,6663.8948812,4319.11
108843,1140,3405,2,5,1,2,1890,10304.045328,11748.88
108844,3171,2070,2,5,1,2,360,11064.115238,11380.2
108845,1190,1769,2,1,1,3,900,15142.633424,4735.42
108846,121,4714,5,5,1,1,1200,14994.738906,7829.32
108847,4833,144,2,1,1,6,1950,5549.1345487,12539.23
108848,0,3993,2,-2,1,2,510,1637.4188403,8813.94
108849,1901,2113,2,2,1,2,480,6162.5682931,15116.15
108850,4166,1271,2,3,1,1,4000,4653.0176211,6217.28
108851,10614,1,2,1,1,5,1200,910.82076371,5589.9
108852,4659,1157,2,1,1,1,1260,2898.3952657,5140.5
108853,1890,2790,2,1,1,2,1880,9497.6609493,12646.6
108854,377,3834,2,5,1,2,1700,10767.362159,9996.13
108855,5179,938,2,1,1,3,1400,2504.8402928,8014.85
108856,6956,413,2,2,0,2,2000,2565.7384308,1716.25
108857,874,5362,2,-2,1,1,1030,5105.7484985,12904.18
108858,3821,1693,4,1,1,1,570,7893.3893487,1750.02
108859,1830,2745,2,5,1,1,530,11078.690708,13722.53
108860,5556,1203,2,1,1,3,3800,12343.491926,7918.99
108861,5108,962,2,1,1,1,900,2617.4450171,3526.64
108862,3765,1437,3,5,1,2,1150,2123.1454442,9852.97
108863,10601,1,5,1,0,1,550,984.88028218,1447.81
108864,4130,1252,5,1,1,1,800,8439.6619125,5410.16
108865,2744,1636,2,1,1,2,2500,5104.1192462,11444.21
108866,2043,686,2,1,0,3,1800,10384.883158,7711.03
108867,1913,1922,2,1,1,6,3390,13170.949379,10682.13
108868,6863,512,2,3,0,2,1680,892.17486645,3689.85
108869,4716,1106,2,1,1,2,3550,6270.7763657,10040.0
108870,5235,815,2,3,1,2,2220,6449.2481564,3672.58
108871,1242,4532,2,5,1,2,3230,4846.9304433,20880.93
108872,6693,976,1,1,1,2,900,8101.1177165,10494.35
108873,3777,1541,2,1,0,2,1400,5091.2726737,9738.19
108874,4431,1273,2,1,1,2,1540,10570.822261,4827.89
108875,3327,1552,2,1,1,2,2700,6063.1700292,29850.11
108876,5891,771,2,1,0,3,1650,6330.3502552,10324.78
108877,5371,1046,2,3,1,2,2600,4181.6783023,5482.57
108878,5964,607,2,3,1,2,10000,3475.6933141,19429.17
108879,4705,62,2,5,1,2,1830,4746.9672019,13286.24
108880,6273,1000,2,1,1,4,2800,3196.7106229,10911.89
108881,3131,2698,2,1,1,4,2750,8698.7262993,20318.74
108882,884,5335,2,5,1,2,1680,6009.5255923,11985.59
108883,4199,1372,5,5,1,2,850,9832.9001753,6791.06
108884,5783,971,2,1,1,5,1170,6457.3886124,9884.35
108885,4803,1286,2,5,1,3,900,7398.7861052,21536.89
108886,5867,914,2,1,1,2,1090,5674.8933808,4683.36
108887,5637,864,5,1,1,1,1700,7091.4009199,2114.58
108888,2347,1884,2,1,1,2,1600,7237.6946557,9411.57
108889,5650,789,2,1,1,1,1400,7283.7632228,2109.32
108890,4320,1597,3,1,1,1,1200,3742.4765225,6074.58
108891,8035,370,1,3,1,4,1250,1046.010911,10693.44
108892,6156,491,2,1,1,2,4100,2009.2596815,5836.65
108893,5632,871,2,1,0,2,1130,5644.5724023,2390.28
108894,5176,1452,2,1,1,3,4100,4151.9495081,15358.73
108895,1992,2253,2,5,1,2,2200,7910.5448306,21304.29
108896,7464,422,2,5,1,4,3480,1775.9470055,13255.94
108897,5846,794,3,1,1,2,1800,2421.7191207,6188.83
108898,3937,1198,2,5,1,4,1200,7177.366664,23294.55
108899,3989,1258,2,1,1,5,4750,5946.7144664,18129.87
108900,0,5048,5,-2,0,1,420,2305.9488903,3664.93
108901,2375,2016,1,5,1,3,2000,4613.3533963,16875.93
108902,320,4272,3,5,1,2,2000,9328.6746744,8700.74
108903,5729,791,2,2,1,3,4880,4704.847147,14480.95
108904,4868,111,2,2,0,2,1860,5207.6622194,7563.99
108905,1763,4255,2,1,1,4,1630,3450.2400811,31609.72
108906,4378,1146,5,5,1,2,1100,5498.5677135,9966.27
108907,7197,885,2,1,1,1,3070,6170.9945284,3385.44
108908,1220,1754,4,5,1,1,900,13322.365841,3685.34
108909,3500,1544,1,5,1,3,1500,3866.5426492,21793.0
108910,3019,1398,1,5,1,3,1730,7226.2018805,12258.86
108911,1233,2974,2,5,1,4,3830,9458.0084946,21797.43
108912,2120,858,3,1,1,3,1480,6491.8489231,5941.21
108913,2921,1604,2,5,1,2,1500,8783.0448504,9169.1
108914,4689,1114,5,1,1,1,480,8166.5186621,4705.2
108915,4069,1275,4,5,1,4,1040,1358.3467976,11856.76
108916,641,3678,1,5,1,3,800,18842.571943,11863.94
108917,4718,1362,5,5,0,3,960,13493.032575,4763.07
108918,6889,542,2,3,0,4,2700,2392.0543827,10154.14
108919,6667,731,2,1,1,2,1650,1565.3410778,5303.17
108920,6720,743,3,1,1,3,2450,2878.0166931,13009.53
108921,6472,497,2,1,0,1,2270,7506.2068662,3907.88
108922,1859,2199,2,5,0,2,1600,8751.564576,19066.9
108923,1170,3531,2,1,1,4,1460,8916.3066346,12831.03
108924,3559,1498,2,1,1,1,4730,6072.2977335,7775.1
108925,2014,2194,1,5,0,1,1410,8767.8062558,4961.98
108926,6033,794,3,5,0,1,1030,8379.7585522,8704.52
108927,1448,2559,2,5,1,2,2100,9406.4542149,19857.25
108928,5877,856,3,1,1,3,2200,3776.89616,7640.49
108929,5923,988,2,5,1,1,3000,3801.5746775,4658.33
108930,1873,2389,5,5,1,1,730,7875.0976726,10815.78
108931,7790,783,1,1,1,3,450,2138.2635518,10244.78
108932,3639,1688,2,1,1,2,2400,3532.7637519,8887.63
108933,6007,846,2,3,1,4,3500,3867.7988707,32373.13
108934,1132,4772,5,-2,1,2,730,7624.9782016,11938.81
108935,5523,796,2,5,1,2,2160,8794.7715653,18024.79
108936,3817,1533,5,5,1,1,1210,9319.1535102,7492.18
108937,101,4869,5,5,1,2,1460,18949.050915,9524.35
108938,6924,620,4,5,1,3,1100,8467.2880819,9930.08
108939,2672,1696,1,5,1,4,1200,6855.5321051,17969.71
108940,5147,952,5,5,1,3,1180,19705.103038,13917.19
108941,103,4901,2,-2,1,1,950,13187.269128,13472.0
108942,8100,279,1,3,0,2,900,1128.0275242,3703.92
108943,1734,2461,2,5,1,3,1720,6907.9879682,20401.28
108944,4922,999,2,1,1,2,3920,4393.0019331,7821.35
108945,3664,1665,5,5,1,1,1010,5275.4320993,5973.83
108946,6875,245,2,1,1,2,2400,2144.6058455,14519.18
108947,7005,278,2,5,0,1,850,2524.8681043,9707.21
108948,3809,1537,2,1,1,2,1850,8768.5246471,4798.64
108949,2205,2304,2,1,1,5,2950,8463.8220727,9365.6
108950,7136,563,1,7,1,2,1250,1139.4845042,4295.58
108951,5201,901,5,1,1,2,1000,6986.4107698,6646.67
108952,7471,667,2,2,1,3,4000,6683.7370377,12755.93
108953,2788,1466,2,5,1,2,2800,9181.3254947,31433.38
108954,5080,1088,2,1,1,3,2250,16202.400087,4927.12
108955,5256,928,4,1,1,3,560,8041.9824656,4074.48
108956,4546,343,3,5,0,1,1680,3557.5664584,6884.02
108957,6913,673,5,1,1,1,1260,2527.3921549,4174.8
108958,5521,1180,2,1,1,3,1200,10101.974423,8155.49
108959,3148,1294,2,5,1,2,840,8467.4685346,9470.63
108960,2465,1816,3,1,1,1,1250,7191.3826208,4568.63
108961,5473,1081,5,5,0,2,1200,8641.3454186,10046.51
108962,4803,1282,2,1,1,2,2400,5472.0095686,8737.28
108963,7871,471,4,5,1,2,1200,10834.06086,7627.43
108964,6675,574,2,5,1,2,4740,3983.1334585,20654.08
108965,3732,1291,2,5,1,2,770,6569.1090362,11320.61
108966,2428,792,2,1,0,3,1750,8788.4324949,7765.53
108967,1247,4542,2,1,1,2,1900,4148.9148166,9708.31
108968,7181,605,2,3,0,6,1800,991.30186239,3276.8
108969,6380,614,2,5,1,2,2650,1965.2230554,10609.25
108970,6553,717,1,1,1,1,940,6584.9165498,8158.28
108971,1234,2975,3,5,1,1,2000,3754.7831884,14076.74
108972,4262,1357,2,1,1,4,2400,5516.4160419,7711.64
108973,5507,943,5,1,1,1,640,10527.538697,1293.83
108974,2146,3634,3,5,1,2,1450,2481.2750639,12671.41
108975,1200,4625,2,5,1,1,2980,3886.2399351,12890.37
108976,3757,1557,2,1,1,1,1810,2940.6265387,6986.08
108977,6295,696,5,1,1,1,750,3194.5661952,14965.9
108978,7720,467,2,3,1,3,1200,2559.0487017,5052.54
108979,7792,782,4,1,0,3,1100,2529.3049667,4141.38
108980,5180,925,3,1,1,2,1570,1109.3902066,7945.43
108981,6604,726,2,1,1,4,1500,8507.0187614,10158.48
108982,465,3990,2,5,1,2,3500,12021.388111,35183.26
108983,948,1322,2,1,1,2,1700,12489.011084,8305.87
108984,5558,938,3,5,1,3,1900,6494.8266529,19425.99
108985,4791,1110,5,5,1,4,970,15890.533739,6870.07
108986,419,3832,1,-2,1,1,2050,13705.632064,3618.9
108987,4395,213,5,1,1,2,1300,7584.0157009,7647.99
108988,2455,1973,2,5,1,3,1780,8043.8662151,14791.31
108989,4224,298,2,5,0,4,2000,6127.1035627,21623.47
108990,7211,557,1,3,1,1,1040,1180.9306514,6381.06
108991,1916,2781,2,1,1,2,3600,6953.2739649,29575.36
108992,3385,1687,5,5,1,2,700,1569.4309722,8738.1
108993,742,3642,5,5,1,1,2380,10285.030399,12607.07
108994,4718,1020,2,3,1,4,1960,5322.3571902,9514.59
108995,6703,982,2,1,1,3,1550,1684.0339429,11637.16
108996,5501,1218,2,1,1,1,1800,10311.314039,8358.14
108997,419,3841,1,5,1,2,1600,12124.155517,12202.13
108998,7834,524,2,1,1,1,3300,5496.5243609,16507.5
108999,6859,325,2,5,0,1,2500,2495.1378435,17955.2
109000,4715,1140,2,1,1,2,4440,4924.3461979,10493.83
109001,6983,228,2,1,0,6,3040,2797.3139258,11648.66
109002,3706,1314,2,5,1,1,1190,7420.1775715,7316.09
109003,3918,1341,2,5,1,2,2620,5116.3519038,15235.4
109004,3048,1577,2,5,1,1,2600,7551.5808414,7191.28
109005,3323,1140,2,5,1,1,3000,7110.1412406,17964.41
109006,4097,965,3,5,0,4,900,3288.8333255,14728.39
109007,1910,2540,5,5,1,1,1100,15854.004006,8768.82
109008,4425,1229,2,1,1,3,2550,8522.4983989,15794.67
109009,657,3643,2,5,1,3,1800,11020.250676,18050.45
109010,1019,1189,2,-2,0,2,1400,10121.603303,3195.26
109011,4589,288,4,-2,0,2,760,5476.5549073,6030.29
109012,5331,84,5,5,0,2,1100,8798.2862172,5337.02
109013,3435,1615,2,1,1,2,2060,6966.3554453,11113.79
109014,3903,852,2,1,1,2,3600,6900.617427,8718.65
109015,4884,1084,2,1,1,3,1040,11472.643002,6243.07
109016,5195,892,2,1,1,1,2020,3365.8243525,10778.57
109017,4443,1434,2,1,1,4,2850,6134.7526758,11742.35
109018,617,4559,2,5,1,2,1380,12780.839515,3515.84
109019,318,4352,5,5,1,2,1210,12837.606271,8412.85
109020,1109,3543,3,5,1,3,1570,4774.9937536,8946.73
109021,5372,879,2,1,1,1,2610,7045.5905261,5506.75
109022,7801,557,2,1,1,2,2300,4151.1151296,8471.38
109023,4831,140,2,1,1,2,3300,5189.7458839,11615.6
109024,6419,790,4,1,1,2,1000,4367.1781018,3506.99
109025,4333,1326,2,1,1,3,1600,7873.7644422,10555.02
109026,1373,1174,2,1,1,7,2200,9615.3841952,5688.31
109027,647,3671,2,1,1,2,2490,8870.5812009,12042.6
109028,4629,1117,5,5,1,1,550,7713.3993649,2076.1
109029,2870,1635,3,1,1,1,1200,4525.3263459,3913.7
109030,6872,589,5,1,1,3,1000,8185.0660145,7372.94
109031,10697,1,2,1,1,4,2900,812.22720906,5975.54
109032,6062,596,3,5,0,1,600,1975.6403818,10508.54
109033,4522,1226,5,5,1,1,600,9310.142771,5288.16
109034,2447,1823,5,5,1,1,670,11158.94616,2631.87
109035,2635,1842,4,5,1,3,1200,6778.2346075,15613.13
109036,6317,354,2,1,1,5,2540,2107.0977463,8559.43
109037,1773,2537,4,5,0,3,700,6321.2023828,6978.55
109038,5369,892,5,5,1,1,530,11238.425333,6621.51
109039,4313,1303,5,1,1,1,620,10500.482368,3907.56
109040,4510,326,2,5,1,2,1240,5105.2360167,12373.02
109041,4234,1161,5,5,1,3,1330,10409.466521,5449.4
109042,6679,681,3,1,1,3,1800,3754.3148446,7114.27
109043,1389,2696,2,2,1,2,3600,10698.612436,12355.97
109044,0,5019,5,-2,1,2,550,1875.2855218,8104.54
109045,5500,1105,2,1,1,1,1010,9036.811432,5950.19
109046,5467,1056,2,5,0,4,1540,5536.4333477,9752.29
109047,5448,629,2,2,1,2,2250,3266.4302848,11625.29
109048,3413,1672,5,1,1,1,840,1616.3097113,11003.26
109049,1536,2580,2,5,1,2,700,9023.6311578,12868.98
109050,7913,338,2,2,1,5,1620,1062.0937547,9094.13
109051,7078,454,2,3,0,2,1350,1032.0470765,8625.89
109052,4235,1165,2,1,1,3,2800,4718.0277021,18453.66
109053,2219,2116,4,5,1,1,650,10063.0178,6038.54
109054,4191,1356,5,1,1,4,1100,10561.403606,4256.73
109055,6176,758,5,1,1,2,1010,9430.8605958,5533.12
109056,4195,1350,4,1,1,1,1800,12181.902558,4296.87
109057,650,5033,1,5,1,1,1440,11435.348284,9740.86
109058,6337,645,4,3,1,2,900,4240.5887752,5259.98
109059,966,3065,2,5,1,2,1160,11121.385231,18399.66
109060,1865,2159,1,5,1,1,2130,6487.0270601,13087.79
109061,3291,1686,2,5,1,2,980,6739.8003032,12763.18
109062,1725,2458,3,1,1,3,1200,2513.6414359,9033.67
109063,7100,76,2,1,1,2,2500,4097.5556378,10982.58
109064,951,3019,5,5,1,1,880,18597.618501,4964.75
109065,3338,1482,2,5,1,2,2000,5136.3520263,15399.38
109066,3243,1725,2,1,1,2,1600,7304.8285987,7915.89
109067,2653,1801,2,1,1,2,3800,7900.6469306,12681.83
109068,3202,1456,5,5,1,1,630,10714.817815,4022.6
109069,9719,355,2,2,1,4,2600,847.20092818,12117.96
109070,4966,244,2,7,1,2,3450,5534.1580557,10918.63
109071,2229,1952,2,1,1,2,2160,10570.089661,13023.58
109072,5213,937,2,3,1,2,2250,4086.4045311,4043.01
109073,6707,708,4,1,1,2,1600,3826.5460201,11148.52
109074,2994,1609,2,1,1,1,2100,7319.6541115,13944.77
109075,5859,973,2,1,0,3,1400,9865.1280932,1858.74
109076,14548,0,2,3,0,3,2650,728.0006903,6111.83
109077,2970,1631,1,5,1,2,1540,9629.3433049,11814.19
109078,4273,1338,3,5,1,1,1400,8405.9128084,14674.52
109079,4549,1197,5,1,1,1,970,5729.2627402,3875.01
109080,2134,1978,3,5,1,4,1380,7020.511471,9828.16
109081,3147,1723,1,5,1,3,1000,11095.668946,13629.81
109082,5031,942,2,1,1,1,2300,2153.2740012,6609.63
109083,1871,2751,2,5,1,2,1740,9513.5172286,13253.9
109084,7658,359,2,1,1,3,4050,1988.9907185,13507.2
109085,3369,1481,2,5,1,2,2720,4286.0497732,21231.85
109086,5211,877,2,3,1,4,2400,5115.0302991,11296.63
109087,4332,1250,2,1,1,3,3200,6631.8331745,8449.43
109088,6068,910,2,1,1,5,3450,8262.6606531,16993.28
109089,6718,569,3,1,1,3,1250,4802.185624,8318.8
109090,3223,1274,2,5,1,2,3500,7303.4571641,14650.77
109091,2266,2083,2,7,1,2,1500,8134.7655563,10743.01
109092,3199,1505,2,2,1,3,1420,4097.5644598,15257.62
109093,2350,1949,2,5,1,7,2340,4727.4152785,20346.07
109094,4475,317,5,5,1,3,970,7067.2868159,8924.35
109095,7209,833,2,1,1,2,2000,6171.9221993,5350.87
109096,2901,1572,4,5,0,3,1250,6176.2529241,12208.52
109097,4691,169,5,5,0,1,550,10794.657611,4713.57
109098,7685,463,2,1,0,2,2380,18609.429835,6529.34
109099,2627,1769,2,1,1,2,3750,7551.9739163,10934.86
109100,6554,706,2,2,1,1,2080,12159.579694,6803.25
109101,3956,1403,3,1,1,2,1450,1410.3961044,7314.42
109102,4873,1331,2,1,1,1,1000,5561.5618475,5113.02
109103,3827,1113,2,1,1,2,4350,4916.7563452,13216.62
109104,5905,891,2,1,1,2,1640,4553.2116882,5563.07
109105,1254,3186,2,2,1,2,1580,9750.2067429,8193.55
109106,4173,1328,5,5,1,2,1010,10205.161577,4991.01
109107,4788,1120,2,1,1,2,2750,8960.6889608,8653.87
109108,6096,753,2,1,1,1,2200,6901.2401788,3418.79
109109,3266,1598,2,5,1,7,2600,8571.4019609,19404.83
109110,7282,886,2,1,1,1,1500,1896.3926922,5350.35
109111,3373,1518,2,5,1,4,2000,6984.0931061,12586.03
109112,4877,1049,1,1,1,3,900,6532.1782518,7334.58
109113,5982,599,2,3,1,2,3330,5516.9056137,13122.7
109114,7238,374,2,2,0,3,2500,2595.1930023,8446.94
109115,3973,1190,5,5,1,2,750,4762.5190704,8146.28
109116,4096,461,3,1,1,1,1210,3074.5118182,5953.01
109117,2407,2346,4,5,1,2,850,15687.45258,8706.69
109118,2643,1804,2,5,1,3,3000,7143.2071988,35614.98
109119,4813,1108,2,3,1,2,1800,17408.709641,9666.47
109120,8544,562,2,1,1,4,4800,922.40540486,24563.56
109121,5909,888,2,1,1,1,1930,5513.9589411,4875.41
109122,5497,1104,3,1,1,2,1900,3629.0295799,20812.66
109123,5065,1061,5,1,1,1,980,2997.2657372,2348.98
109124,8685,655,2,1,1,1,2700,835.44511683,10327.51
109125,6707,658,2,3,1,2,2700,3280.0173981,6319.89
109126,3473,1643,4,1,1,1,700,1443.8159963,3414.34
109127,10608,1,5,1,1,2,750,1475.118791,4607.27
109128,3419,1668,5,5,1,1,460,1774.41377,8439.21
109129,5242,1406,1,1,1,1,980,4937.6984896,5807.14
109130,2388,1323,2,1,1,4,1090,8134.8439041,5361.26
109131,7224,875,2,1,1,3,3500,6187.9998753,9804.3
109132,143,4708,4,5,1,2,1100,8400.3435424,4812.48
109133,989,1036,2,1,0,2,2500,11469.585784,4145.77
109134,1200,2809,2,5,1,2,2720,8168.8643713,20066.16
109135,2836,1732,2,-2,0,1,1000,9540.9401769,13286.47
109136,2147,2547,2,1,1,2,3700,6281.7976639,14579.33
109137,8019,750,2,5,1,2,3210,2136.0793714,29754.85
109138,4570,1185,2,1,1,3,1850,11007.83695,7520.52
109139,701,3634,2,5,1,1,1050,9789.2071646,12058.39
109140,4352,239,2,1,0,4,4400,6757.4465073,10105.26
109141,4979,1264,2,1,1,4,1010,12054.797858,4077.5
109142,1769,4243,2,1,1,4,1600,4658.8723989,15851.32
109143,6029,541,2,1,0,2,2130,2370.7684711,3877.77
109144,5431,846,2,5,1,2,1500,5569.102005,8550.91
109145,4689,271,3,5,1,3,3700,3031.0739711,13636.94
109146,5624,900,2,1,1,2,5000,5823.1867717,7583.47
109147,10956,1,1,1,0,1,1340,788.3821418,5640.65
109148,6869,658,2,1,1,2,1600,10297.907175,7926.84
109149,3374,1696,2,1,1,3,1470,7345.9917367,6493.56
109150,2809,1620,5,5,1,1,540,10453.548511,4408.18
109151,3335,1483,2,1,1,7,2000,5470.0243059,18328.16
109152,8051,485,2,1,1,1,1500,6863.3926376,3672.31
109153,5167,866,2,3,1,1,950,4076.7009959,2952.94
109154,5286,1454,2,1,1,4,2800,4399.4089935,9648.0
109155,3821,1530,2,1,1,3,1690,4448.9376197,10603.3
109156,4429,1178,2,1,1,3,2100,5392.5095322,4433.17
109157,4711,1287,2,1,1,7,5630,6321.8069077,26623.96
109158,931,3582,4,5,1,1,450,10688.854821,3921.78
109159,1156,3313,5,-2,1,2,650,13184.717007,8611.62
109160,4176,1333,5,5,1,2,650,12617.980874,4688.4
109161,4223,1253,5,5,1,4,1000,3575.8694217,5774.83
109162,5505,846,5,5,1,3,650,9195.9276261,6669.5
109163,3820,1696,3,1,1,3,1440,2395.0072886,3744.3
109164,5542,1215,4,1,1,2,1100,13366.176334,4013.29
109165,2857,2169,1,1,1,6,1200,15231.02943,6054.48
109166,4795,1074,3,1,1,4,2400,5618.6922796,9555.0
109167,5990,750,4,1,1,3,1000,20878.384793,1385.43
109168,4430,1345,2,5,1,1,3350,12575.05105,26664.24
109169,7188,887,3,1,1,1,1400,5399.4209407,8315.09
109170,10601,1,3,1,0,1,1090,596.84438423,8636.79
109171,4157,462,2,1,1,2,3420,4290.4488718,7106.57
109172,5380,891,2,1,1,2,1550,6916.9460338,8193.0
109173,3783,1447,5,5,1,2,800,1722.9822735,9247.26
109174,4046,1060,5,5,1,1,700,7631.9551409,7373.57
109175,5616,809,2,3,1,2,2060,7283.7632228,4566.06
109176,2866,1873,2,5,1,4,2320,3472.5307401,17508.65
109177,6969,605,3,1,1,7,890,4313.3067114,8210.5
109178,6923,611,5,5,1,1,1000,2088.6804501,7548.06
109179,5218,95,1,1,1,2,1700,6854.6848857,8140.99
109180,3037,2385,2,1,1,2,2630,3795.680398,11740.53
109181,5004,1115,2,1,1,3,1500,15136.47169,14227.99
109182,3366,1698,3,1,1,4,1580,1107.2937242,8715.74
109183,596,3654,2,-2,1,5,3500,9821.0919227,23016.19
109184,6952,969,2,5,1,4,1950,1852.9952404,30738.77
109185,138,4616,2,-2,1,5,1800,13904.179241,17833.57
109186,4997,1118,2,1,1,2,2610,10557.916123,4740.34
109187,10493,6,2,1,1,2,3250,858.05138476,11546.89
109188,6122,873,2,1,1,2,2650,6284.5754742,7910.9
109189,3413,1672,5,1,1,1,920,1656.879572,4175.3
109190,5392,884,4,1,0,1,1000,8640.6649648,6089.52
109191,3286,1767,2,1,1,1,4800,6359.502604,15506.55
109192,2447,1810,5,5,1,1,660,9287.8557737,4501.74
109193,3195,1466,2,1,1,3,3080,9915.7502672,18587.48
109194,1533,3100,5,5,1,1,730,14286.863681,5845.99
109195,4567,1124,2,5,1,1,740,5664.0318382,12323.17
109196,6782,732,2,1,1,2,1130,7612.8905323,10080.44
109197,5065,1060,2,1,1,4,2180,2360.7095337,5903.52
109198,6068,831,2,1,0,3,1800,12112.683721,7186.15
109199,5551,1177,2,1,1,2,2330,7498.5326299,13280.16
109200,1116,3542,2,1,1,2,1520,9659.3121302,15717.11
109201,4657,1166,3,5,1,2,1880,4638.8044551,11832.71
109202,8100,289,2,5,1,2,1400,1003.74066,8180.1
109203,4412,1247,2,1,1,2,2280,5571.1144749,7500.14
109204,6263,617,2,2,1,2,2250,1494.09057,8287.72
109205,8096,337,4,5,0,1,1300,15065.972734,15646.32
109206,4196,1363,5,3,1,1,800,9144.941973,4639.08
109207,0,3993,2,-2,1,2,1300,1382.8626133,8246.35
109208,748,2112,2,-2,1,2,3500,8611.4758773,11167.66
109209,7669,356,2,1,1,3,1150,3342.5941621,9394.49
109210,3269,1904,2,1,1,2,2350,5996.503657,8870.46
109211,4297,1622,2,1,1,3,2300,4116.8224038,10467.41
109212,6044,712,5,1,1,5,900,6644.503925,9501.35
109213,1068,4532,4,-2,1,6,1100,14178.429287,12851.9
109214,5875,690,2,1,1,1,2150,16109.1215,6311.36
109215,4999,1039,2,2,1,3,3440,8605.2394719,15804.17
109216,5667,1103,2,1,1,4,3450,9410.9057751,5092.72
109217,11231,4,2,7,0,1,560,741.79720464,1510.84
109218,875,5356,5,-2,1,1,900,6530.7214135,7089.11
109219,6671,827,2,1,1,5,2470,991.80178178,15820.88
109220,2547,2104,2,2,1,2,2430,6943.7535101,12987.28
109221,6922,631,2,1,1,2,1920,1192.6313577,4523.08
109222,4670,1148,2,1,1,4,2040,4967.2314243,6055.42
109223,6949,750,1,3,1,1,1350,1138.2965729,8111.72
109224,2632,1759,2,1,1,2,1900,7343.9897836,6129.32
109225,3285,1317,2,5,1,2,2600,8726.3839109,9451.4
109226,5304,994,3,1,1,2,2250,7227.0043952,8341.83
109227,14576,0,2,3,0,2,1900,756.9913202,4510.08
109228,2028,2236,2,5,1,2,900,6240.7466816,8897.96
109229,5241,919,4,5,1,2,950,9052.3479153,14802.96
109230,5716,523,2,5,1,4,2200,4810.5520192,14330.24
109231,6095,775,2,1,1,1,4000,8077.8025576,3083.67
109232,3300,1706,2,1,1,2,1420,3702.5946143,8883.95
109233,1594,2689,2,5,1,1,1200,7658.2410454,11327.28
109234,535,3806,2,5,1,7,1660,14639.113852,24840.1
109235,3025,1652,2,7,1,3,2360,13055.424429,16633.92
109236,1166,2936,2,5,1,3,1520,6347.4991582,11984.83
109237,5881,841,2,1,1,4,1200,4664.8884469,20733.96
109238,4654,1071,2,1,1,4,2980,5793.103521,10181.68
109239,3924,1198,2,5,1,2,3000,7177.366664,18727.22
109240,1145,4745,2,5,1,2,2000,4874.3820775,11849.97
109241,7645,150,2,1,1,2,1890,2338.8077914,10381.81
109242,3450,1610,3,1,1,3,2570,5370.676665,10068.06
109243,5058,1056,2,2,1,7,2600,6119.3733537,1414.31
109244,8025,573,2,1,1,2,2880,836.21954656,7796.52
109245,1749,2297,1,5,1,1,970,7135.4250062,9563.57
109246,5662,780,2,3,1,3,950,6287.7179652,6813.59
109247,4530,1158,2,5,1,3,3170,2764.2635108,22999.52
109248,4099,1301,5,5,1,1,900,7716.4168099,6658.12
109249,1176,2868,2,1,1,6,3800,5434.5235475,35129.21
109250,2161,774,3,1,1,3,1440,5313.6584358,5685.09
109251,4408,1165,5,5,1,1,1210,9605.0502763,8253.43
109252,875,5360,2,5,1,4,870,4330.5987529,22881.02
109253,6347,683,3,1,1,2,2180,4404.5061179,3124.57
109254,911,3539,2,1,1,2,2400,10074.657271,14271.85
109255,5022,899,2,7,1,3,1780,2309.8697724,18330.28
109256,761,3447,2,5,1,2,3250,13176.046274,30588.16
109257,1773,4233,4,1,1,2,1200,6135.8346671,4766.23
109258,5632,871,2,1,1,2,1500,6190.5098312,7504.12
109259,6013,837,3,1,1,1,1250,2597.2358535,2990.11
109260,5347,824,2,1,1,4,1100,2089.0618141,11496.46
109261,5115,967,4,1,1,3,950,3205.6475793,2845.8
109262,3900,1560,1,5,1,1,1280,8280.4338362,14612.89
109263,1079,3005,1,5,1,1,1110,6023.9588003,12350.66
109264,1622,2394,2,5,1,2,1100,5419.7267422,13046.73
109265,5113,1021,3,1,1,1,1300,5653.8426665,6798.72
109266,6930,627,2,1,0,3,2480,1143.7368421,7133.04
109267,2793,1461,3,1,1,1,1000,9202.4526853,7209.53
109268,3694,1469,4,5,1,2,970,3899.9201745,9556.92
109269,5065,133,2,1,1,5,2150,5966.7938918,12054.72
109270,4726,1014,2,1,1,2,1530,5793.9782352,10195.8
109271,6286,866,2,1,1,4,2700,3166.9274525,12335.85
109272,7790,783,2,5,1,4,3450,1411.8456502,31383.16
109273,10846,0,4,1,0,1,850,1037.5974715,1800.54
109274,1854,2581,2,1,1,2,1130,8148.2412426,9246.62
109275,5936,852,3,1,1,2,1080,5206.8548514,3477.36
109276,0,4970,2,-2,1,1,2200,1782.3227861,13260.18
109277,2572,1884,2,5,1,2,1250,8896.218655,3975.45
109278,2579,1722,2,7,1,1,2000,9475.1163728,9413.92
109279,1021,3248,2,-2,1,1,500,10911.198437,3738.21
109280,5895,884,5,5,0,1,1190,19084.292109,8143.94
109281,1867,2815,5,5,1,4,950,12040.622327,7667.99
109282,313,4174,5,5,1,1,1200,13814.554854,8016.99
109283,0,3841,3,-2,1,3,1470,1384.3053022,9496.92
109284,3786,1528,1,2,1,2,1560,2928.2659856,8006.25
109285,1931,2857,2,5,1,2,1700,8781.245071,11050.02
109286,5263,927,2,1,1,4,3450,5521.7722639,12840.47
109287,3921,1211,2,5,0,5,1080,8642.5016461,25826.0
109288,1145,3392,2,1,1,4,1750,10600.191622,10580.28
109289,1772,4238,2,1,1,1,1850,3991.8803863,10922.75
109290,4845,1093,2,1,1,2,1650,11200.730443,10550.94
109291,1108,3552,3,5,1,2,2190,3494.0012837,7976.78
109292,5226,691,2,1,1,1,1950,3756.8798999,8355.76
109293,1847,2822,2,5,1,2,1030,12575.677111,17451.05
109294,0,4974,2,-2,0,3,1580,1359.0322546,8135.68
109295,6617,317,1,1,1,2,1110,1949.5927449,7206.69
109296,2911,1562,2,5,1,2,1500,7303.3253508,29031.24
109297,2429,1832,2,1,1,2,1500,10955.073322,8118.57
109298,1437,2762,2,5,0,2,2600,10392.300553,19111.78
109299,3804,1537,3,1,1,3,1600,3491.5195141,4943.1
109300,4876,1123,3,2,1,3,4200,3370.270826,9852.16
109301,5650,863,2,1,1,3,1840,5261.1744519,3838.17
109302,537,3527,2,5,1,2,1410,11090.621681,12334.96
109303,911,1920,3,-2,1,1,900,7923.0719664,2556.7
109304,6674,826,2,7,0,2,2800,975.83853786,10720.99
109305,386,3771,2,5,1,1,1200,12221.244644,9495.72
109306,5496,1232,4,1,1,2,800,18125.565979,5651.07
109307,5263,824,2,3,1,2,1950,1795.6055618,4859.3
109308,5641,1155,5,5,1,2,600,12046.454461,4761.36
109309,5521,995,2,3,1,4,3200,3671.2717608,20481.15
109310,1793,2975,5,5,1,2,1300,13430.156489,9371.92
109311,5440,916,4,5,1,1,670,8734.054719,5087.47
109312,4509,1381,2,1,1,3,3900,7084.2100743,10069.79
109313,2487,1800,5,1,1,2,770,12202.568084,13372.95
109314,6002,809,2,1,0,3,1340,9077.8467482,4587.72
109315,5495,1216,2,1,1,3,5270,10590.154491,6479.12
109316,7274,433,2,7,0,2,1920,10609.363051,3832.46
109317,2275,2203,4,5,1,1,600,6522.8162629,8209.53
109318,6234,1019,2,1,1,2,2350,2993.0638492,7419.26
109319,5955,708,1,2,1,1,1140,6061.5295029,4078.4
109320,1791,4202,5,1,1,1,1200,9429.8397892,3179.61
109321,2722,1701,2,1,1,4,3600,5177.5450158,22704.56
109322,92,4957,4,-2,1,2,1700,13949.46566,16534.3
109323,5962,870,2,1,0,2,1400,13742.465937,10419.01
109324,3920,828,2,1,1,6,3500,6341.1487652,13660.59
109325,2795,1914,3,1,1,1,2500,1902.9404083,1296.62
109326,2920,1990,5,5,0,1,890,9905.4209992,9315.18
109327,5774,774,2,3,1,3,4200,3285.2888432,10439.98
109328,5984,864,2,5,1,2,1190,7099.0037202,5393.99
109329,4313,243,2,2,0,1,930,7023.7558357,2979.07
109330,2220,2301,2,1,1,2,950,13820.92141,3760.48
109331,5641,787,2,2,1,4,1900,3751.5659476,7777.74
109332,2561,1132,2,1,0,3,2390,8907.916623,4924.73
109333,2860,2497,4,1,1,3,650,7283.5921407,12316.95
109334,5500,1105,2,5,1,2,3090,7890.2194711,17579.32
109335,4265,1266,2,1,1,4,3000,6172.267916,5438.69
109336,0,4992,3,-2,1,1,1580,1203.9336584,10154.33
109337,755,2023,3,1,1,4,1200,10327.859782,3566.07
109338,4957,1147,1,5,1,1,1200,10663.206994,6385.51
109339,2229,2428,2,1,1,5,3200,7912.3086293,17720.59
109340,4398,1029,2,1,1,2,2500,8703.2880398,5767.41
109341,6336,646,5,5,1,1,550,3891.9260994,1959.15
109342,6711,722,2,1,1,1,980,4019.6988265,4297.37
109343,3283,1991,2,5,1,3,2520,3177.1808999,14494.56
109344,5287,1359,2,1,1,3,3000,5098.78607,8632.86
109345,6085,937,2,1,1,2,1550,3875.3659988,9461.52
109346,2705,1803,2,1,1,5,1050,6096.9984782,12271.95
109347,5638,645,2,1,1,1,2400,6630.6337592,4272.02
109348,7347,104,2,1,0,1,800,5213.4872576,1088.68
109349,3367,1488,2,1,1,1,6470,5203.4203274,18294.85
109350,10118,220,4,1,0,1,600,8001.0868692,7205.87
109351,745,2013,3,1,1,2,2000,5025.8447391,11171.08
109352,5380,1045,4,1,1,2,780,7899.89479,3420.08
109353,3338,1658,2,1,0,2,1850,3582.1795371,5756.82
109354,7126,915,5,5,1,1,580,8640.5579406,7919.18
109355,1551,2508,2,1,1,7,1000,6409.3338186,30503.27
109356,91,4985,4,-2,1,1,350,15899.778308,6434.04
109357,5309,1315,2,1,1,5,1950,4828.2784825,17712.76
109358,4188,1018,2,1,1,4,3000,5012.4634253,29259.46
109359,3820,1696,5,1,1,2,700,5555.5865939,3600.58
109360,1884,2815,2,5,1,5,1500,13529.258978,15093.24
109361,651,3645,1,5,1,2,2100,13091.754062,13991.85
109362,5094,877,2,1,1,3,3030,3654.8886491,11083.75
109363,8284,301,2,3,0,1,4200,985.86054091,9220.22
109364,3465,1641,5,5,1,1,900,1604.4436415,4712.97
109365,4319,342,2,1,1,3,1200,4859.3262803,10470.52
109366,7026,932,2,2,1,5,2000,1629.1334919,13602.17
109367,4310,1304,3,1,1,2,1500,8070.6792301,7227.49
109368,4237,1249,2,1,1,4,3000,2147.675282,12864.0
109369,4290,266,5,-2,0,2,920,6623.9491676,6605.05
109370,2139,2515,2,1,1,2,2010,7010.0383454,11029.71
109371,6751,738,5,5,1,1,540,8329.9663943,2250.02
109372,5382,715,2,1,1,2,1390,1169.4195792,4343.35
109373,3645,1908,2,1,1,2,2800,6727.5487314,9274.76
109374,2632,1739,2,1,1,3,2800,4598.17108,7912.95
109375,1156,3313,2,-2,1,5,2400,9794.6056474,16472.94
109376,2145,2116,1,5,1,1,1000,11095.668946,8324.88
109377,1170,3130,2,5,1,2,2400,7124.0674935,24845.67
109378,2423,1964,5,1,1,5,1200,9752.9830774,5901.07
109379,2343,2917,2,1,1,1,1000,13774.89117,13116.54
109380,8349,0,2,3,0,4,2550,828.70122578,14802.76
109381,2031,2624,3,1,1,3,630,4036.7728665,4822.19
109382,93,4935,4,-2,1,5,700,12963.369081,11205.59
109383,1115,1747,5,-2,0,2,530,15745.570716,507.62
109384,3909,1527,2,1,1,2,1850,4515.4033305,9891.06
109385,4815,1058,2,3,1,1,1720,6437.9162008,10227.84
109386,4979,978,2,3,1,2,5160,6248.1942797,26856.63
109387,4084,1327,5,5,1,1,1000,12462.209033,12407.96
109388,6403,823,2,1,1,5,670,4749.948048,9873.29
109389,1073,3374,5,1,1,1,650,16312.548258,4897.94
109390,10540,1,2,1,0,5,3900,608.36221182,7695.84
109391,4471,336,2,1,1,2,1870,4985.4668918,7660.94
109392,5080,1560,2,1,1,2,2700,4237.981936,9335.85
109393,6100,768,2,3,1,2,3230,2701.9384768,6346.54
109394,4652,1165,2,3,1,2,3100,5352.7875952,16028.52
109395,2608,1960,3,5,1,4,1450,6334.9868131,14281.25
109396,5602,712,3,5,1,2,1880,7448.3409857,16779.17
109397,4389,1197,2,1,1,2,2820,6720.516709,7520.12
109398,419,4121,5,5,1,1,880,19127.033294,4520.99
109399,5106,906,2,1,0,2,2600,3322.8784853,4836.51
109400,3913,1254,2,1,1,3,1700,6076.4504202,8292.63
109401,3811,1466,4,1,1,5,890,9227.7122181,3716.69
109402,1053,1036,5,-2,1,2,1100,19227.774524,2964.01
109403,1064,958,4,1,0,1,750,18205.764368,3577.25
109404,6450,845,2,1,1,2,1180,3425.846221,8367.87
109405,2795,1914,2,1,1,2,1400,4580.2127856,7027.87
109406,1502,1662,2,1,1,6,1640,12197.801071,15600.6
109407,6067,756,2,1,1,2,3110,4206.038869,5203.85
109408,8017,750,2,1,1,3,2620,2047.8640516,7784.13
109409,7906,15,2,3,0,2,1500,837.56643891,4039.01
109410,2515,1807,1,5,1,2,410,9139.5281004,4505.82
109411,7264,851,2,1,1,2,2500,6464.2007164,4622.3
109412,5071,1052,5,5,1,2,700,3733.714158,6587.25
109413,4216,1332,5,5,1,5,1000,7293.190491,9238.54
109414,3804,1142,2,5,1,4,1530,6647.2807667,17313.58
109415,3248,1821,2,1,1,1,2600,7062.9021557,7163.7
109416,1138,3623,2,1,1,4,1150,7410.481549,12567.6
109417,7702,316,1,2,1,4,1700,13500.344614,12965.92
109418,4414,214,5,5,0,2,1110,11175.2638,13719.2
109419,6292,735,2,2,0,3,1800,5294.8341812,4858.09
109420,6227,781,2,1,1,2,1050,7977.7317249,6028.98
109421,6536,620,2,3,1,2,2250,2843.0908503,16510.65
109422,4221,1208,4,5,1,1,950,3291.6132467,10881.16
109423,874,5362,2,5,1,5,1150,6570.4833843,15307.42
109424,318,4706,2,5,1,3,1020,11219.500787,10267.34
109425,4209,1363,5,5,1,1,530,6974.4832463,673.02
109426,4310,255,2,1,0,1,2200,6782.7956848,1105.5
109427,1351,3050,2,5,1,4,2800,12703.604026,16214.69
109428,849,1567,2,1,0,3,800,15458.002573,5675.67
109429,1709,2519,3,1,1,1,1500,3299.2670756,7736.76
109430,4750,1171,3,1,1,1,2180,6535.337657,3779.62
109431,4883,1112,2,1,1,3,2150,12094.725459,21128.27
109432,3871,1605,2,1,1,2,1980,7389.7831838,8497.58
109433,5125,789,2,3,1,2,1860,1672.169942,9814.77
109434,4922,1014,2,1,1,2,2020,12638.132804,10180.2
109435,5194,927,2,1,0,5,2130,2284.4592413,14471.41
109436,6708,943,2,5,1,4,1600,4400.3971337,23405.61
109437,768,1778,2,1,1,4,2740,15922.22432,4283.54
109438,5317,1071,5,1,1,3,1200,5908.330207,4248.07
109439,1139,2998,4,5,1,1,1100,5338.626296,13067.63
109440,6162,777,2,1,1,4,4500,4066.0279354,10974.14
109441,3845,1201,2,7,1,3,1650,8063.9404981,14320.9
109442,4706,1370,2,1,1,1,1450,9845.0775883,6593.66
109443,3263,1731,2,1,1,2,700,3805.3230861,7039.55
109444,4891,980,3,1,1,2,1800,6386.623751,7341.65
109445,739,3655,5,5,1,1,1100,8128.9535357,7951.77
109446,5261,911,4,1,1,2,830,8245.0184152,4425.55
109447,3570,1572,2,1,1,1,1000,5612.5780907,8969.63
109448,3242,1418,2,3,1,2,3110,6844.7907465,15870.6
109449,5641,911,2,1,1,3,2170,8803.2960103,15336.33
109450,2767,2217,2,1,1,2,1380,4671.54593,8518.35
109451,328,4341,2,1,1,2,3890,10711.505112,26649.88
109452,7113,660,2,1,1,2,3030,5504.2315458,12056.16
109453,5030,1614,2,1,1,2,1600,6994.0417092,3883.28
109454,14468,1,3,-2,0,1,1500,673.01526995,996.35
109455,0,4986,5,-2,0,1,800,2133.4616516,2753.16
109456,4589,1125,2,5,1,2,1200,4262.8940678,8137.72
109457,1114,4789,2,5,1,5,2910,4415.7816622,25675.69
109458,7263,529,5,5,0,1,1200,2096.2354686,1448.97
109459,3484,1502,2,1,1,2,3680,6570.1189633,16839.51
109460,6337,629,2,2,1,2,3530,2545.3008403,9841.84
109461,4884,1043,2,1,1,7,2870,5954.6051361,9943.22
109462,6400,591,5,5,1,3,990,4687.3999687,10121.87
109463,5621,976,2,2,1,2,2410,5992.3264461,6197.26
109464,5448,914,5,5,1,1,510,7694.7118753,4996.38
109465,4168,457,2,5,1,1,1100,4828.3428655,26610.45
109466,4456,1226,3,1,1,2,2450,4277.0056937,7215.69
109467,5344,1034,5,5,1,1,1010,6549.0320452,3437.94
109468,1846,2589,2,1,1,2,5460,7595.0572608,13744.43
109469,6103,1103,2,1,1,2,1800,3856.8884527,11403.92
109470,4986,864,2,1,1,2,4730,3641.5273639,13163.12
109471,3189,1784,2,1,1,2,980,6376.4095577,7903.73
109472,4386,1484,5,5,1,2,1280,11841.659107,6642.02
109473,3457,1604,2,5,1,2,2310,6353.7713914,9638.61
109474,2107,2241,2,5,1,4,1670,7526.5267265,16265.49
109475,5203,933,2,3,1,2,2700,2321.6769457,7157.66
109476,3183,1544,2,1,1,3,450,4696.8857721,26528.5
109477,10590,1,2,1,0,2,3750,763.59517611,5393.55
109478,2774,1632,2,1,1,2,2770,8357.1777846,9369.43
109479,4272,291,2,1,1,4,3040,5118.40719,6453.35
109480,4165,336,2,5,1,4,1800,3995.7711737,10886.99
109481,1319,851,2,1,0,5,1100,10100.192714,5555.52
109482,7957,582,3,5,1,4,1280,601.16372205,12761.57
109483,4036,1297,5,3,1,2,880,1459.0105572,5921.98
109484,4203,1356,4,1,1,2,1000,11875.871286,4068.94
109485,5578,1133,1,1,1,1,800,3663.4641646,4872.27
109486,4012,1229,3,5,1,1,1380,2042.4051691,11740.09
109487,2909,1570,2,1,1,4,2600,7791.3672921,17435.38
109488,4455,1342,2,5,1,4,4500,5191.4904493,11896.18
109489,7220,898,2,2,1,2,2580,7249.8928681,19872.47
109490,3623,1465,3,5,1,1,1170,1594.3631469,9044.75
109491,1138,3623,2,5,1,6,3000,7684.5321403,17316.92
109492,3876,1598,2,1,1,3,1200,7752.9093111,15143.66
109493,6854,537,2,1,1,2,1900,998.4192218,5936.01
109494,2964,1946,5,5,1,3,950,12479.158314,9691.05
109495,876,1586,2,-2,0,1,800,15216.799992,2058.69
109496,103,4901,5,5,1,2,1400,18854.809264,9758.68
109497,7165,568,4,3,1,2,1000,1813.5291382,3711.76
109498,1928,2689,2,2,1,2,3150,8640.2531779,20298.05
109499,4819,1155,2,5,1,2,3600,11545.670004,16868.7
109500,951,2115,2,1,1,2,940,9224.6082962,4503.94
109501,5050,1108,2,1,1,5,1900,8635.1678743,10755.06
109502,914,3584,2,1,1,3,1810,7690.9028517,14823.78
109503,3014,1514,2,1,1,4,3000,6058.9022342,10035.76
109504,3131,2698,3,1,1,4,1600,6097.1879062,14686.22
109505,10294,0,2,1,0,4,2430,781.63296652,10137.97
109506,2053,965,2,1,0,1,1850,8848.2383821,3151.49
109507,3401,1678,5,5,1,1,1780,1476.1288884,12147.4
109508,5427,873,5,1,1,1,970,5898.997992,3827.6
109509,2408,1748,5,5,1,2,780,12866.334539,4168.04
109510,7902,459,3,1,1,4,1280,3346.1184809,8469.08
109511,2858,2168,1,1,1,2,840,13714.393761,5001.86
109512,7082,527,2,2,0,1,1000,1813.2556595,5356.79
109513,6581,924,2,5,1,2,1680,4412.4862384,20747.11
109514,4951,998,3,1,1,1,1540,5883.0126736,5645.92
109515,4658,1140,5,1,1,1,1100,8443.171848,5289.69
109516,5658,781,2,3,1,2,5120,3551.2400855,16942.53
109517,1137,3624,2,1,1,1,810,10592.959147,6092.02
109518,3296,1755,2,1,1,1,650,7123.1464106,2426.49
109519,3131,2698,2,1,1,3,2200,4564.122915,11147.94
109520,5219,1082,2,5,1,2,4980,5691.1051031,21928.91
109521,4658,1190,1,1,1,2,1600,11586.461876,11405.22
109522,8747,350,2,3,1,1,3400,7510.569788,9427.36
109523,5734,906,5,5,1,2,750,6808.2511174,2790.7
109524,98,4886,5,1,1,1,800,16411.26818,5846.7
109525,4288,1228,1,2,1,4,1450,2788.6168615,11427.95
109526,2469,1973,2,1,1,2,1600,8487.463346,9543.73
109527,1155,1473,2,1,1,2,1780,8160.8477661,3707.17
109528,5552,1058,2,1,1,5,2770,5707.094314,11772.49
109529,4309,1212,5,5,1,3,1000,10356.56709,4577.4
109530,7561,391,2,1,0,5,2050,2022.5147118,4696.02
109531,2882,1841,2,5,0,4,2400,5656.6398599,16714.39
109532,1066,2997,2,1,1,2,1800,6947.7382307,14208.92
109533,6900,420,2,1,1,3,4650,8436.2450505,9089.84
109534,2796,1401,1,5,0,2,2000,8379.8090457,21088.1
109535,3956,1468,1,1,1,1,1800,3905.2871907,9974.76
109536,5379,878,2,1,1,4,3450,4671.1300546,13526.3
109537,3184,1839,2,1,1,3,1370,6269.6343767,21371.58
109538,5753,1084,2,1,1,1,2000,8368.6845521,6478.0
109539,5188,601,2,3,0,1,2600,4139.269363,2338.61
109540,7608,540,2,1,1,1,1730,8777.0342065,5039.92
109541,1002,5048,2,5,1,2,1430,4873.989283,8563.95
109542,5010,207,2,1,1,1,1840,4719.0387136,9175.92
109543,920,1580,2,1,0,3,1830,10805.859057,4222.48
109544,4197,1362,5,1,1,1,950,10137.546659,4722.02
109545,5213,933,2,1,0,5,1970,4174.4705585,4268.21
109546,6102,856,2,1,1,2,4200,9077.5065014,9708.73
109547,4772,986,1,3,1,1,920,12284.601991,5514.58
109548,1069,1189,4,1,1,2,600,14364.497967,5275.53
109549,2735,1774,2,5,1,6,3400,8610.7120334,15274.83
109550,3023,2396,3,1,1,1,1430,2202.3967328,6860.84
109551,6911,616,2,1,1,1,1900,1023.8608406,3256.67
109552,6030,927,2,1,1,2,3600,3757.0208795,6633.64
109553,6877,483,2,2,0,2,3400,6046.5389309,8092.89
109554,4787,680,2,5,1,1,1620,4550.732671,11746.7
109555,4612,990,2,1,1,2,2010,2998.3293389,7742.07
109556,4385,234,5,5,1,1,1100,7714.7932638,5227.34
109557,4980,1115,2,1,1,1,840,12656.090935,7510.18
109558,3581,1497,1,2,1,1,1440,3350.6386333,9214.42
109559,5293,942,2,3,0,2,2850,1611.355438,5708.64
109560,3822,1695,2,1,1,1,1020,3982.7631718,3350.38
109561,4776,1186,2,1,1,2,2490,11889.260463,8737.19
109562,5288,690,2,1,1,1,1000,7445.4885465,2372.17
109563,380,4830,2,5,1,6,1950,10477.534404,26955.34
109564,8374,25,2,1,1,2,3600,5747.5885466,12539.9
109565,5887,901,2,1,1,2,1130,5011.5218484,7339.89
109566,2408,1355,2,1,1,5,3500,7772.8368944,8851.33
109567,1256,4524,2,1,1,2,2640,4182.548179,18765.44
109568,6733,189,2,2,0,2,1500,4421.8012959,21711.95
109569,5823,897,5,5,1,1,850,12602.246435,1407.8
109570,748,3368,2,5,1,2,2380,12304.602003,15044.58
109571,4202,1361,5,1,1,2,1200,12159.447044,3701.58
109572,4301,259,5,5,1,2,880,7131.3997721,7478.01
109573,6215,884,2,5,1,4,1600,3535.193226,11994.97
109574,4024,1127,1,5,1,2,840,5495.6985109,16819.21
109575,4002,1674,2,1,1,3,2300,8354.461292,16867.92
109576,4186,1353,4,1,0,2,800,14101.565815,1814.02
109577,1327,4095,2,1,1,4,1600,7515.2800425,8246.19
109578,3146,2132,2,1,1,2,2500,6545.5532918,31074.43
109579,5181,1123,3,5,1,6,1200,4178.3216954,13570.12
109580,4366,1277,3,1,1,1,2480,8357.3991164,3876.89
109581,4210,1177,5,1,1,2,1340,1724.9509049,5841.9
109582,1225,2130,5,2,1,2,630,18703.77223,5777.08
109583,2285,1967,4,5,1,2,900,10980.269859,10685.27
109584,4181,1203,4,1,1,1,880,6537.5493094,3182.13
109585,1161,2737,2,5,1,3,1870,4718.6030209,469.71
109586,1767,4246,4,1,1,1,800,8356.9676476,4340.32
109587,5161,921,2,5,1,3,1570,3144.6523597,20398.89
109588,1253,4528,2,1,1,1,1640,4570.1536086,8880.65
109589,3275,1555,2,2,1,3,2250,7676.2841424,9124.38
109590,5549,1239,2,5,1,2,3040,4642.3449408,29770.78
109591,4430,1451,2,1,1,2,4500,6482.9479959,15402.45
109592,4918,1097,1,2,1,4,940,9850.4564675,21896.01
109593,3200,1429,4,5,1,1,800,8411.0187169,7210.35
109594,8199,537,2,2,1,2,2200,7179.6751411,11051.09
109595,5533,892,2,1,1,1,3000,6613.4967484,9133.98
109596,4214,898,2,1,1,2,1930,4904.5933639,6103.09
109597,4280,1351,4,5,1,1,530,13351.374443,3836.71
109598,4690,1112,4,1,1,4,750,9062.891241,7446.25
109599,6768,542,2,3,1,3,3300,3297.7049348,8721.45
109600,6148,278,4,1,0,2,600,4215.7469819,6312.26
109601,4683,1353,2,1,1,3,2730,7389.7852263,14519.39
109602,6031,790,2,1,1,3,2090,7979.1502084,8570.61
109603,5943,880,2,2,1,2,2280,7902.0367142,9192.42
109604,3097,1621,3,1,1,2,1450,4115.2498308,9165.11
109605,1285,4213,2,1,1,2,2390,4182.548179,25319.52
109606,4815,1122,2,5,1,2,1800,6995.6316345,14630.98
109607,7957,618,1,1,1,1,1500,6340.711481,2625.2
109608,3929,1520,2,5,1,4,2700,5140.1495587,13879.08
109609,6635,583,5,3,1,1,350,8670.7944829,2721.16
109610,7120,539,2,3,1,2,4200,1943.0544803,7696.55
109611,5356,847,2,1,1,2,3000,1379.7031302,12076.85
109612,2942,2004,2,-2,1,2,1700,5065.764434,12183.81
109613,7619,649,2,2,1,2,2960,1108.325853,9341.98
109614,2877,1998,2,1,1,3,2320,5860.6342503,10485.55
109615,6369,541,3,1,0,1,1720,3463.6930195,6307.99
109616,2393,1732,2,1,1,1,3660,7011.2492637,2475.11
109617,2614,1765,3,1,1,2,1810,4594.1760864,11659.4
109618,8705,650,3,5,1,1,2000,526.09596137,13424.38
109619,5516,1222,4,1,1,2,850,18968.518066,11642.17
109620,4193,1194,2,1,1,4,3130,5541.2224984,13332.53
109621,4531,1149,2,1,1,4,3000,4447.2649808,11369.27
109622,3408,1516,2,5,1,3,3150,5253.5873302,15010.37
109623,6169,814,2,1,1,2,1750,7512.6819065,7811.89
109624,2955,2148,2,5,1,2,3600,7562.1065698,16108.18
109625,4454,679,2,5,1,1,1730,7978.4894476,8361.42
109626,5923,881,2,3,1,2,1650,5138.6350074,4886.74
109627,2125,2233,2,5,1,2,580,10487.684011,17684.09
109628,5483,1001,2,1,1,3,1290,3747.5176258,4332.27
109629,6462,678,5,5,1,1,400,11846.623771,11959.55
109630,2993,1789,2,1,1,5,1600,4274.7675125,9026.49
109631,4283,1126,1,5,0,2,800,5781.9204594,10291.97
109632,8340,291,2,1,1,2,1000,9361.5819584,5477.9
109633,7251,870,2,1,1,3,3450,6653.5663881,9232.64
109634,1022,1026,5,1,0,3,1560,17925.124783,4785.47
109635,5974,842,2,2,1,2,2520,8077.7391483,7701.2
109636,6675,845,2,1,1,2,3000,3536.5982585,9301.76
109637,1772,4238,3,1,1,1,900,3442.4199366,6641.82
109638,7906,15,2,3,0,2,2400,837.56643891,10122.4
109639,1832,2906,3,1,1,1,600,5339.5094803,7498.01
109640,6635,975,2,1,1,2,2400,4305.0114709,7033.36
109641,5610,1130,2,1,1,2,1680,9471.376561,18564.6
109642,3129,1756,1,7,1,2,900,7703.5214629,11780.63
109643,1768,4245,3,1,1,2,1650,2758.8506369,7569.27
109644,1682,2566,2,5,0,2,3370,5101.9834705,27497.19
109645,4430,1186,2,3,1,2,1900,5597.1327432,8801.55
109646,7015,734,2,1,1,2,1600,5479.5945726,5060.22
109647,4559,1175,2,5,1,2,3460,12495.373713,19709.61
109648,2620,2753,2,1,1,1,1800,4857.7980001,8237.9
109649,1880,2364,5,5,1,2,670,8083.2430165,10590.65
109650,3404,1679,3,5,1,3,2250,1190.4002186,16224.99
109651,4313,342,2,5,1,2,1690,4591.6978538,11192.82
109652,6666,825,2,7,1,3,2100,964.84058706,8851.22
109653,6802,664,5,1,1,1,720,9393.957893,2579.51
109654,6546,564,5,1,1,1,1100,11789.173506,1785.74
109655,6340,645,5,5,1,1,900,2978.0193074,5113.5
109656,370,4367,5,5,1,6,1900,14894.721103,19410.8
109657,0,5005,2,-2,1,2,2600,1450.8569799,18277.37
109658,97,4892,2,-2,1,3,2470,12121.312051,35990.48
109659,4416,1239,3,5,1,1,700,5938.8214958,11990.73
109660,1874,2562,5,1,1,1,890,13124.815481,5915.17
109661,5979,739,2,1,1,4,12750,4978.470012,19263.55
109662,2424,1168,2,1,1,4,630,13954.375537,576.32
109663,3876,1294,3,1,1,1,2880,5975.2189058,6316.29
109664,6880,629,2,1,1,1,2400,959.7049921,5635.09
109665,1967,2650,2,1,1,3,3600,8208.3164423,7859.02
109666,5073,1050,2,1,1,1,1540,1970.495985,4901.99
109667,6150,747,3,5,1,2,950,7055.4699488,7800.8
109668,6218,745,2,2,0,2,1290,4779.3246286,6504.08
109669,1282,2783,2,5,1,1,1200,11011.418013,9139.13
109670,7610,752,2,1,1,2,3230,7172.0591525,6517.52
109671,4729,1110,5,5,1,2,1000,7402.3623113,2415.92
109672,96,4985,4,-2,1,1,1010,12446.053362,13376.01
109673,3106,1452,2,2,1,1,3600,5285.7960995,6830.8
109674,5734,902,2,1,1,1,1300,5449.5177581,5803.3
109675,6600,598,2,2,1,2,1600,6675.5786484,14390.22
109676,6177,741,5,5,1,2,1200,11832.649276,6712.68
109677,7541,423,5,1,1,1,1550,14174.552305,3104.89
109678,353,4496,2,5,1,1,2700,10153.520392,19876.47
109679,920,5238,2,5,1,1,1500,4887.218718,6657.05
109680,4409,1311,2,1,1,5,1100,8745.5057095,6070.43
109681,5157,1129,1,5,1,2,980,16006.640453,13090.98
109682,7202,915,2,1,1,1,3400,1925.5993249,8018.42
109683,4248,1381,2,1,1,1,1830,7268.0150395,7297.6
109684,1172,3123,1,5,1,3,600,16037.365898,9442.08
109685,3639,1496,2,1,1,4,3300,2263.0162478,15409.82
109686,6786,760,5,1,1,2,700,7646.0616508,3710.15
109687,3353,1641,1,5,1,3,2020,4553.7029897,24996.49
109688,3456,1605,2,1,1,5,4720,7470.140267,11924.74
109689,3470,1581,2,5,1,2,2000,5773.3177508,25775.15
109690,8382,269,2,1,1,4,1650,7279.3058688,11421.44
109691,311,4729,2,5,1,2,820,12653.823876,14127.07
109692,1167,1484,2,5,1,2,2000,8513.4635232,13920.84
109693,2540,2557,2,1,1,3,3250,7375.3675341,15100.26
109694,5518,747,2,1,1,5,1620,2052.2101899,9936.8
109695,7419,879,2,1,1,2,2520,4432.5145559,13436.46
109696,1220,2471,2,5,1,5,1890,10138.405904,11154.64
109697,4952,888,5,5,1,2,1000,9135.0673169,6514.73
109698,3390,1249,1,5,0,2,2000,4044.4011089,25766.8
109699,8042,607,2,1,1,2,2850,797.09742428,7309.94
109700,143,4713,3,5,1,1,1700,8347.2223594,7575.64
109701,5247,918,5,1,1,1,1240,6520.640684,4240.86
109702,7466,817,2,1,1,4,2350,5731.7239464,8485.48
109703,3781,1178,2,5,1,2,4600,3799.5271655,14785.79
109704,4204,1372,5,5,1,1,1000,8187.1590273,2994.28
109705,5246,1098,2,3,1,1,2020,4182.9219299,4335.96
109706,4717,914,2,1,1,2,2900,2032.0372839,6915.5
109707,1137,3625,4,-2,1,3,1000,8647.7172993,7610.36
109708,2615,1753,2,1,1,2,2940,5802.9191934,16911.06
109709,1616,2668,3,5,1,1,2400,7382.3382244,8984.01
109710,559,3736,2,-2,0,3,2470,8174.3528294,44787.19
109711,7460,423,5,5,1,1,700,3739.9422689,3860.35
109712,7244,871,2,1,1,4,2400,6161.520789,14031.41
109713,4196,1363,5,1,1,1,670,9996.1337426,3812.74
109714,2014,2717,2,1,1,2,2400,15725.933725,15874.88
109715,6262,636,2,1,1,1,1800,3252.5470133,6271.06
109716,867,1374,5,-2,0,1,1100,17008.054143,1823.75
109717,10548,2,4,1,0,7,1200,1066.4004391,5669.01
109718,3461,1603,5,1,1,6,1210,11319.135957,9156.66
109719,3915,1567,2,5,1,3,2100,6349.2174088,26075.27
109720,3485,1635,5,1,0,4,580,2214.5708277,6067.09
109721,6968,233,2,1,0,4,2120,2267.3239022,7501.59
109722,10513,6,2,1,0,2,2230,660.42108167,3850.0
109723,4707,1121,2,5,1,1,1200,2744.7955161,15517.61
109724,8780,459,4,5,1,2,900,7308.6147976,6061.46
109725,4378,234,2,5,1,2,2250,7044.6919188,19592.2
109726,3161,1505,3,1,1,3,1000,2840.3488961,9275.14
109727,6243,810,3,7,0,3,4260,3544.245558,3139.24
109728,5237,815,1,3,0,1,800,2034.2301408,4559.18
109729,6031,791,2,1,1,4,3150,8295.0524771,7458.78
109730,5641,901,2,1,0,1,1530,7103.8165177,3649.97
109731,4992,1125,2,1,1,2,2450,15075.986103,6284.68
109732,5314,813,2,1,1,3,2290,7224.7320324,4339.53
109733,6183,819,1,1,1,1,1860,7161.4755679,5970.08
109734,2476,1778,2,1,1,3,1400,10548.655388,4293.6
109735,5211,946,2,1,1,4,2450,2533.850975,10298.14
109736,4201,1367,5,1,1,5,950,12724.182376,2833.22
109737,7474,413,2,2,0,2,1880,2149.1843023,4282.54
109738,4225,1364,5,1,1,3,1010,9653.9374417,8452.95
109739,2293,1139,2,1,1,1,1980,8968.1309286,8932.53
109740,8566,398,2,7,1,2,1680,5919.2853844,12715.49
109741,2112,2179,2,1,1,5,5430,7208.3646016,25030.62
109742,4775,976,2,3,1,2,2000,5881.8060801,7174.88
109743,3792,1553,2,5,1,7,1150,4552.6478806,18475.28
109744,3535,1627,2,5,1,1,1160,8089.7077873,9053.46
109745,5605,1050,2,1,1,3,1800,9210.5986369,12971.39
109746,5299,920,2,1,1,1,1850,8329.1703466,4043.56
109747,5900,791,2,3,1,4,4050,3740.4379643,21668.52
109748,7038,1041,3,1,1,2,3850,1164.2696733,16799.74
109749,6662,1026,2,1,1,2,3000,1499.0908319,6215.47
109750,4338,1318,2,1,1,3,3990,5402.8839769,16163.0
109751,2203,2468,2,1,1,4,3860,6601.2356772,14932.65
109752,7514,229,2,1,1,1,2400,2139.16761,7074.36
109753,5929,451,2,1,0,2,3400,5922.8559618,8159.9
109754,4010,1317,5,1,1,1,900,1436.0740675,4700.03
109755,1268,4473,2,5,1,3,1790,5232.4215284,14953.3
109756,4921,228,2,1,1,2,3900,4828.3428655,25638.25
109757,2616,1750,2,1,1,4,3300,6027.2551826,15771.11
109758,6907,295,1,2,0,4,1450,1990.1191971,19858.21
109759,2186,1836,2,1,1,3,1540,13288.139857,4043.12
109760,3140,2152,2,5,1,2,2500,6065.4408166,19099.02
109761,804,3767,2,1,1,4,6200,8643.9751261,50215.37
109762,4729,1109,5,1,0,1,1750,10966.309604,2784.58
109763,7188,889,2,1,1,4,3500,6300.1436741,11697.71
109764,3023,1492,2,5,0,2,1000,7942.0443119,15580.01
109765,2666,1777,2,1,1,3,2700,7999.9588387,16040.04
109766,10480,7,2,1,0,1,640,870.44467945,5223.76
109767,1138,3623,2,2,1,4,3000,7799.3155025,16276.12
109768,4949,984,2,1,1,2,1840,7919.6673177,4796.98
109769,2215,2980,2,1,1,3,2100,7852.5208441,12042.94
109770,6154,1045,2,1,1,3,2020,6858.0690513,17621.54
109771,0,4964,2,-2,1,3,1850,1327.1009032,9393.09
109772,154,4555,2,-2,1,1,1730,12964.177554,11644.59
109773,4197,1337,5,1,1,4,590,12931.891651,5404.04
109774,4466,1224,3,5,1,2,1050,4560.014115,15356.66
109775,2624,1766,5,5,1,1,900,8469.5410393,6566.41
109776,3950,1410,2,5,1,3,1800,4470.5718788,8002.7
109777,4960,1147,2,1,1,2,1200,14354.456809,6992.07
109778,1427,3931,2,1,1,2,2240,5542.7516144,15202.45
109779,4531,191,2,1,0,4,2410,5569.6130309,12852.5
109780,4409,1128,3,1,1,1,2800,1387.9494599,11180.54
109781,10955,4,3,3,0,1,2500,608.42330569,6553.22
109782,6030,595,2,3,1,1,4070,3529.2520937,11969.8
109783,4528,313,2,1,0,1,2100,4761.7369973,5317.74
109784,4399,1262,3,1,0,2,1650,10522.15015,3041.08
109785,10609,4,2,1,0,4,1470,840.50821135,11340.58
109786,5348,803,5,5,0,1,600,5159.9519379,3549.24
109787,2827,2087,2,7,1,1,1800,10403.094778,3853.88
109788,6158,748,2,1,1,1,2700,5884.7816856,5045.04
109789,3628,1842,2,5,1,2,1300,6843.1172611,19316.23
109790,2206,1960,2,5,1,4,1500,6767.2776889,17097.87
109791,2754,1903,2,1,1,2,3400,5716.5357587,12811.69
109792,1,3443,3,-2,1,2,1200,1088.4984492,5181.15
109793,6667,408,2,1,0,4,2890,5384.3726043,7723.27
109794,2860,1484,2,1,1,2,1960,7400.3555934,5402.48
109795,387,4270,5,5,1,2,600,19858.872294,6706.94
109796,1831,2855,2,5,1,1,2700,8769.8369591,19143.78
109797,6899,539,4,2,1,2,900,2998.3749,5546.54
109798,4104,1379,3,1,1,4,2400,5535.388315,9218.75
109799,5753,946,2,1,1,1,2400,8950.5240791,4239.55
109800,5807,1091,2,1,1,1,1950,2919.8779759,5079.78
109801,5860,853,2,1,1,6,2600,4588.1407497,17920.51
109802,1260,2655,2,1,1,2,2590,3720.5256581,10573.33
109803,7120,1007,2,1,1,3,5540,2332.9732412,16936.85
109804,2748,2190,2,1,1,2,800,3423.8125316,8816.05
109805,6675,826,2,3,1,4,2000,6412.7494278,5370.3
109806,6986,555,2,3,1,3,2500,1068.9902377,20418.02
109807,2776,1491,2,1,1,2,2000,7410.0432834,10604.86
109808,5112,876,4,1,1,4,820,7604.1418479,2528.56
109809,902,5290,2,5,1,2,1750,7571.8164114,14534.98
109810,4648,1104,4,1,1,7,1000,9059.7676297,5260.72
109811,5707,900,2,2,1,2,3890,6492.6553091,22284.49
109812,629,5095,2,-2,1,4,1390,13183.5616,8803.71
109813,544,4191,2,5,1,2,1650,9561.3450831,13640.79
109814,4689,1125,2,1,1,1,1500,14095.352787,9525.71
109815,4333,245,2,1,1,2,1660,6772.9645473,7439.33
109816,4595,1179,2,1,1,4,3700,7596.3333405,9921.15
109817,4785,126,2,1,0,4,3110,4699.9010911,4454.14
109818,370,4327,1,5,1,1,700,20820.131203,17836.1
109819,7143,870,2,1,1,3,2350,6329.3360735,11800.91
109820,0,4952,4,-2,1,2,700,2444.4866772,11835.27
109821,7484,411,2,1,1,5,1500,6952.8959197,8996.89
109822,5095,1046,2,5,1,3,1650,7506.2068662,13799.62
109823,1467,1939,2,5,1,3,2080,9281.0815789,17253.02
109824,1026,3444,2,5,1,4,1540,11078.690708,19651.74
109825,1248,4519,2,5,1,3,840,5186.6545295,14745.82
109826,1144,3022,2,1,1,1,1440,5295.8413934,7110.18
109827,3947,1513,2,1,1,4,1800,4232.4441617,9105.76
109828,2146,2234,1,2,1,3,980,5345.4744084,3788.23
109829,4982,1124,2,1,1,5,3150,10319.612601,16290.84
109830,3181,2045,2,5,1,3,3000,4452.2375197,28839.74
109831,6937,663,5,1,1,2,1140,9536.2119127,9723.68
109832,3370,1542,1,-2,1,5,700,5000.563015,8647.79
109833,1408,1978,1,1,1,1,1500,9408.1878706,4133.34
109834,2765,457,2,2,1,4,1000,8926.5870559,11763.21
109835,2475,1938,2,5,1,2,1400,5924.4175907,12171.23
109836,4206,1363,5,5,1,1,710,10057.40784,2096.5
109837,3072,1638,1,5,1,1,2000,9904.3160528,11989.52
109838,6958,530,2,3,1,2,2000,1182.7874718,10117.76
109839,5072,1027,3,1,1,3,3130,3077.5212912,17502.31
109840,4272,282,4,5,0,1,500,11659.990089,3578.76
109841,2935,1527,2,1,1,3,2800,9268.1237839,22537.56
109842,6267,760,2,1,1,2,2200,5854.6258954,8286.99
109843,4374,1261,2,2,1,4,3000,6950.1591909,13156.38
109844,4286,1186,2,5,1,5,3500,5621.9782162,15603.91
109845,5804,816,2,1,1,1,2520,2366.2279584,10974.89
109846,4384,352,2,1,1,3,980,4736.6569787,7343.45
109847,907,3231,2,5,1,2,1800,9471.3309754,7332.31
109848,6541,914,2,1,1,5,2100,3315.8416496,13250.3
109849,4166,335,2,1,1,1,2200,4769.5130457,6183.29
109850,5067,1289,4,5,1,2,870,4868.4557632,8075.39
109851,1935,2169,2,5,1,3,1060,10600.271856,17692.87
109852,1208,2804,2,7,1,1,1350,11224.201923,8786.4
109853,5303,945,5,1,1,1,800,4156.5242524,2673.0
109854,5828,920,2,1,1,1,2370,14202.69895,4501.83
109855,1543,2677,2,5,1,1,1600,7231.4507837,10816.54
109856,4,3082,4,-2,1,2,1600,1802.2631036,13250.68
109857,3145,1599,5,5,1,4,1500,6729.3562085,6776.24
109858,3984,1962,2,5,1,5,900,6465.6540789,21258.84
109859,270,4393,3,-2,1,2,1470,6002.9924797,7281.17
109860,3061,1892,2,5,1,3,2400,9917.2421404,29867.08
109861,6678,405,2,2,0,3,1400,8154.3615461,14503.68
109862,3077,1621,2,1,1,2,1150,3917.4160435,5021.32
109863,7029,680,2,1,1,2,5250,5370.8095544,13689.15
109864,6648,654,2,3,0,1,2370,3079.1975702,3111.06
109865,4205,307,2,5,0,2,2040,5675.4732796,15769.23
109866,4098,1322,2,1,1,3,11000,6091.3514412,11876.44
109867,9414,518,2,1,1,2,3850,954.63200233,10284.55
109868,4488,1221,3,1,1,3,1200,5616.8745511,4446.22
109869,312,4452,2,5,1,2,1350,10186.408539,9705.08
109870,4297,1311,3,1,1,1,1160,10648.809666,1959.39
109871,3190,1783,2,1,1,1,2040,6153.1087836,7019.4
109872,5075,924,2,1,1,2,2120,3116.3329896,5408.49
109873,4711,1281,2,1,1,3,2300,6469.3443091,6953.13
109874,6115,891,2,1,1,2,3250,6238.3000881,9939.13
109875,1851,2218,5,5,1,1,1150,8549.6483727,6137.75
109876,6108,923,5,5,1,3,1250,8525.3274023,5631.66
109877,4385,1187,2,1,1,3,2400,2526.4176104,7665.79
109878,2952,1636,4,1,1,4,900,11786.799206,4921.48
109879,5546,948,1,1,1,1,1240,8835.9664568,13730.74
109880,7297,516,2,2,1,7,1020,3254.2246544,12786.35
109881,4482,1396,3,1,1,1,970,6372.695126,3243.48
109882,3029,1600,2,5,1,2,6200,3189.5839556,18194.35
109883,5538,949,2,1,1,7,2400,5488.0225267,17049.47
109884,3215,1814,2,1,1,4,1700,3546.7456037,13600.15
109885,3186,1477,2,5,0,5,1050,7997.7685561,11070.69
109886,4893,1114,4,1,1,1,530,15848.215748,2566.51
109887,4700,1187,2,7,1,3,2500,16992.755554,15688.72
109888,5659,862,2,1,1,2,3500,4206.7793291,4694.61
109889,5467,1015,3,1,1,1,1950,2209.3840524,4120.13
109890,7003,537,4,3,1,1,750,1501.572901,4520.72
109891,7483,815,2,1,1,4,2200,1625.8006442,10671.45
109892,3140,1574,2,1,1,2,2050,8735.9427276,12262.72
109893,4805,1137,3,3,1,4,1850,9228.3728262,9830.32
109894,6804,556,2,2,1,1,1200,10514.448514,7835.53
109895,1901,2637,2,1,1,5,840,10779.355421,12129.63
109896,4983,1181,2,3,1,2,1530,6391.1644968,4448.83
109897,7532,400,2,1,1,3,2850,1086.9914703,7420.23
109898,99,4884,5,5,1,2,1140,17385.283574,5779.3
109899,1206,4612,2,5,1,2,1650,5881.5801518,12620.03
109900,841,3342,2,5,1,1,3800,11707.552399,10531.25
109901,2930,2269,2,1,1,1,900,12689.702772,8426.39
109902,3331,1715,3,5,1,4,2200,1190.4002186,13102.2
109903,2977,1797,2,1,1,2,2490,4056.6533562,15541.56
109904,544,3859,2,5,1,2,1750,7603.7522987,11016.32
109905,3453,1277,2,5,1,2,2400,4276.1547709,2744.8
109906,4940,1064,2,1,1,4,1680,9760.7029331,9755.54
109907,6247,704,2,1,1,2,1600,8983.5957414,9810.65
109908,868,3620,2,1,0,3,2600,11386.072444,15184.86
109909,5155,1033,3,1,1,3,1400,6729.2958665,13045.3
109910,5964,607,3,1,1,1,1500,2157.4962988,7225.0
109911,4749,622,2,3,1,2,880,9004.2702855,6923.87
109912,3692,1468,2,1,1,5,2800,4384.7822221,9743.41
109913,7919,494,2,2,1,4,2680,927.31916052,15299.66
109914,6703,712,2,2,1,6,3600,2543.2208235,12104.82
109915,787,3427,2,5,1,3,2460,10462.240753,9819.37
109916,3286,1699,5,5,1,2,650,6780.5795488,3547.77
109917,4747,1110,2,3,1,2,2680,6289.0413226,9030.09
109918,6416,818,3,1,1,2,1500,3216.6224996,4320.64
109919,5860,1142,3,1,1,2,750,2225.9241579,8094.36
109920,2277,309,3,1,0,3,1550,7085.6314912,3161.05
109921,2534,1840,2,5,0,2,2300,6926.8631385,11131.81
109922,5339,943,2,1,1,4,860,1575.0235196,11802.05
109923,6343,586,3,2,1,2,1750,1198.1106723,4555.61
109924,3802,1536,3,5,1,1,2120,6623.3033616,12993.45
109925,3200,1459,2,5,1,2,1350,8629.7861315,12140.68
109926,8683,434,2,2,1,2,2900,953.76054555,17065.21
109927,3336,1377,2,5,1,4,2400,6872.2398232,17100.41
109928,5053,1180,2,1,1,2,1380,6292.9069517,3915.45
109929,5648,869,2,3,1,2,2400,1586.0104918,2184.31
109930,196,4508,2,-2,1,2,1440,12313.937142,15637.01
109931,5516,747,2,5,1,2,600,3470.762885,10049.8
109932,3125,2191,2,7,1,1,500,7694.4842453,5634.53
109933,7112,434,4,2,1,1,750,3563.7193653,5482.47
109934,1834,2768,2,1,1,1,1150,13351.019209,7632.56
109935,259,4449,2,5,1,2,2280,9567.9214376,18096.11
109936,8230,509,2,2,1,3,2080,7285.681401,12991.12
109937,6031,791,3,1,1,2,1000,8611.0441169,5521.22
109938,1433,2765,2,1,1,3,1450,7956.915084,10922.66
109939,2744,1955,2,5,1,2,2600,6465.6540789,20459.84
109940,6027,765,2,1,1,3,3800,3242.1645508,12532.38
109941,6844,732,2,1,1,1,3200,6496.8996521,10982.95
109942,4318,340,2,5,0,1,980,4834.0251139,8235.84
109943,265,4427,2,5,1,2,1570,11157.687916,11551.09
109944,5772,1362,5,5,1,1,670,5440.7943106,5112.52
109945,7133,2,2,7,0,3,2000,705.21081909,13282.94
109946,1124,3329,5,-2,1,1,810,17417.52419,11669.34
109947,3140,1574,2,1,1,2,1800,10424.70045,7577.3
109948,2448,1812,2,5,1,1,2350,8308.1361227,9837.89
109949,2927,2012,2,1,1,7,7450,3541.150184,16549.38
109950,107,4715,3,5,1,3,1350,10420.001182,18647.15
109951,358,4389,2,5,1,3,3310,14612.299486,17230.61
109952,2613,1876,2,1,1,3,1700,7506.1035206,9931.71
109953,3134,2166,2,1,1,1,850,5472.789603,5795.83
109954,2338,1938,2,5,1,7,2300,6237.0596302,15480.66
109955,6459,705,1,2,1,2,1350,3402.4328865,9269.83
109956,4263,1257,4,1,0,2,750,11625.760952,3998.76
109957,6912,616,2,5,1,3,2450,1023.8608406,26749.65
109958,4420,1465,5,5,1,1,500,13493.032575,3092.36
109959,5558,938,2,1,0,1,1490,9611.1595749,4459.89
109960,6475,557,2,3,1,1,3450,4382.5062706,5594.89
109961,5718,1165,2,1,1,1,2200,3815.2915907,3634.68
109962,5033,1057,2,1,1,2,1200,4048.0085253,4069.61
109963,6528,918,2,1,1,1,3530,3699.10399,10129.88
109964,8169,496,2,1,1,5,3000,1052.5836742,15485.27
109965,5092,1164,5,1,0,2,600,7518.8510855,1743.27
109966,1009,3313,1,5,1,4,2050,6257.2630675,26498.43
109967,2857,1879,2,2,1,3,2100,10421.709469,6371.98
109968,7259,863,4,1,1,4,970,7985.5219985,7552.49
109969,1560,2858,2,5,1,2,3850,7633.4210737,59049.07
109970,3801,1329,1,7,1,2,970,5069.3052301,14045.13
109971,5681,884,5,5,1,2,1000,10087.660887,7231.16
109972,4362,1158,2,1,1,4,2100,6211.9833405,12804.59
109973,4914,1064,5,1,1,2,790,24570.625938,6208.18
109974,4456,1224,2,1,1,1,2200,6087.1104685,2979.47
109975,5838,913,2,1,1,4,1500,3846.2706201,10570.27
109976,4104,1237,5,5,1,1,900,1709.5388012,6687.09
109977,4375,1477,2,1,1,3,2270,6803.5686998,12322.07
109978,6944,295,2,2,1,2,2930,2546.4285612,7362.78
109979,2620,1727,3,5,1,1,520,9251.9915917,4667.41
109980,6098,1099,2,1,1,2,1500,3790.1269633,17003.27
109981,4204,1357,5,1,1,1,500,10201.152997,2396.25
109982,4814,1170,2,2,1,2,2100,5461.6498262,15095.44
109983,4683,1129,4,1,1,2,500,4173.320582,3639.84
109984,5675,971,2,1,1,1,600,8625.3339681,3225.93
109985,2738,1636,2,5,1,2,1550,5553.3305521,16495.01
109986,153,4673,2,-2,1,4,2800,9808.8960615,34806.57
109987,5134,827,2,3,1,1,2250,1473.9139094,8363.47
109988,3628,1548,3,1,1,3,2330,1034.9713971,7125.64
109989,4000,1403,3,1,1,3,1350,1716.8816532,11141.56
109990,2571,1757,2,1,1,2,2600,7884.1098104,8883.29
109991,1127,1484,2,1,1,1,1020,10779.198983,4502.8
109992,2216,2117,2,5,1,1,1050,10859.614626,15024.28
109993,1878,1228,2,1,0,2,6210,8679.1019808,6838.22
109994,6923,433,2,3,1,3,3150,2435.9002351,10588.82
109995,4182,1272,2,5,1,4,870,6494.7356461,22348.1
109996,5171,1474,2,1,1,5,2500,4924.1799699,11847.06
109997,3225,1830,2,1,1,3,780,5208.3406403,21740.64
109998,6622,589,2,7,0,3,2500,920.08009629,4053.97
109999,4544,192,1,5,1,2,720,7746.4566336,11684.16
110000,5666,892,2,1,1,7,4200,5011.5049698,17489.73
110001,4191,1346,5,1,0,1,750,11376.961257,3324.79
110002,4344,1562,2,1,1,6,2200,4124.3424376,21393.12
110003,8687,655,5,5,1,3,2000,1594.0856005,13218.48
110004,4837,1219,1,5,1,3,710,7230.2840216,20736.53
110005,4545,1367,2,5,1,1,2700,6924.1878675,26718.37
110006,912,3547,3,-2,0,2,690,4630.0088718,5680.67
110007,354,4380,2,1,1,3,2100,9051.3352439,17374.22
110008,1795,4192,2,1,1,1,790,4876.1689433,8679.11
110009,5492,846,2,1,1,3,880,12091.586147,13471.74
110010,3361,1525,2,1,0,3,1450,5798.2442997,18781.79
110011,2593,1694,1,1,1,1,1000,7422.016936,6494.84
110012,371,4323,2,5,1,1,2300,10851.329525,10538.12
110013,5222,1087,2,1,1,3,2050,9936.0823452,27124.33
110014,4039,1514,2,2,1,7,3940,4567.9096567,37709.17
110015,2456,1821,2,1,1,2,3730,6404.1598027,14451.23
110016,3743,1442,2,1,1,2,2000,3335.0325098,14890.18
110017,5149,900,1,3,1,1,800,6875.1846249,4612.57
110018,5101,805,2,3,1,3,2210,3792.9886994,5822.38
110019,4809,1097,2,1,1,2,3510,11301.161735,13491.7
110020,3346,1507,1,5,1,1,1210,4846.4303776,18708.39
110021,3618,1449,2,5,1,1,1100,3688.0370252,10309.09
110022,14088,1,2,3,0,2,2450,819.08740022,6651.4
110023,5344,722,2,3,1,3,3700,1888.1686327,15175.39
110024,2758,1683,2,5,1,3,2000,5027.8939131,15631.85
110025,1427,3931,2,1,1,2,2350,5174.8977131,9616.83
110026,4587,286,2,1,1,3,6750,4645.535537,13580.11
110027,3736,1602,2,1,1,4,1960,6695.3631949,12796.2
110028,5582,983,2,1,1,2,1150,9610.2164891,5085.16
110029,4836,116,3,5,1,5,1600,3123.0228125,9097.41
110030,5023,1620,3,1,1,1,1400,5151.2128925,7561.11
110031,4340,1192,2,5,1,4,2210,2867.7247343,22967.03
110032,3184,1594,3,1,1,2,3420,1898.5409114,6581.17
110033,1126,1484,2,5,0,3,1300,15817.109513,3266.38
110034,4489,1391,2,1,1,2,2890,7037.865175,12723.09
110035,2440,1934,2,1,1,1,1500,12521.116418,3880.66
110036,3948,1479,1,1,0,2,1000,3979.7037828,3313.69
110037,6348,976,2,1,1,2,3800,3775.5213128,18568.92
110038,6738,783,5,1,1,1,750,1411.0998266,2844.97
110039,3802,1536,2,1,1,2,3000,6669.6027502,7082.15
110040,5974,943,2,1,1,2,2800,6988.0166977,6143.35
110041,1203,4617,2,1,1,2,1400,4986.4351718,10604.89
110042,5901,885,2,1,1,1,630,13862.671517,6302.29
110043,3807,1538,3,1,1,2,1260,6357.7239891,8495.22
110044,7714,494,2,3,0,1,2560,985.86054091,7743.12
110045,880,1361,2,1,0,5,2700,8134.8439041,4867.14
110046,5292,1334,2,1,1,7,4100,4613.8018773,11469.25
110047,5967,776,2,3,1,2,1500,1719.8988243,6720.04
110048,6060,852,2,2,1,2,2200,6340.30925,8506.37
110049,7319,830,2,1,1,3,2150,6244.1976795,17846.63
110050,3822,1691,2,1,1,1,2110,3888.8807851,8611.54
110051,4881,1086,2,1,1,2,1130,11114.631145,3850.94
110052,5268,980,2,1,1,3,1060,11977.794855,9657.94
110053,10630,1,5,5,0,1,260,1251.4491802,5663.76
110054,1995,2203,2,5,1,2,4200,5789.036543,22361.56
110055,1789,4207,2,1,1,4,2650,5477.1726813,7627.27
110056,1268,1778,2,1,1,2,1850,8475.4685997,7920.74
110057,5359,868,2,1,0,3,1700,9760.7029331,12702.89
110058,1156,3312,2,1,1,2,2800,7771.2953124,7548.71
110059,3461,1460,2,5,1,2,2700,7424.8967408,27616.23
110060,7993,633,1,1,1,3,1200,854.3709451,7729.57
110061,2948,1958,2,1,1,1,1780,5294.7314174,13170.07
110062,4796,969,5,1,1,1,700,9333.8439184,2283.04
110063,5497,1232,5,5,1,2,1130,10270.109106,5270.74
110064,6908,444,4,3,1,4,1300,3995.917487,8032.75
110065,4283,1230,2,1,1,2,4010,2814.7017922,10098.85
110066,1236,2642,5,1,1,2,1200,6846.2468784,5690.65
110067,5437,1109,5,5,1,7,3200,12108.041214,6358.44
110068,7073,507,2,5,1,2,2950,2624.1341034,11534.65
110069,2769,2008,2,1,1,7,890,6701.4073956,17126.72
110070,7181,830,2,1,1,3,1800,6131.589661,8072.29
110071,4876,1033,2,1,1,1,3260,3262.3687303,6069.55
110072,1764,4254,2,1,1,1,1870,3690.6378685,22048.04
110073,3661,1443,4,5,1,1,600,5961.8578698,3832.08
110074,4202,1321,2,1,1,2,1050,10037.561513,3815.29
110075,4496,381,3,1,1,3,1600,2742.0427861,3613.35
110076,2634,1728,3,1,1,3,1340,4643.4746657,6382.77
110077,4214,1349,5,1,1,2,620,9663.6047239,2185.2
110078,2121,2139,2,1,0,1,1500,7151.0493592,15670.91
110079,2628,1729,2,1,1,3,2490,4936.0178287,12817.3
110080,4465,1225,2,1,1,3,2200,8293.0456138,10482.45
110081,3187,1478,2,5,1,3,2750,7761.6667416,21697.66
110082,3337,1665,2,1,1,1,2600,5886.8300703,13997.1
110083,1051,1211,5,-2,1,1,1020,19256.218244,2156.53
110084,4430,1227,2,1,1,4,2000,5988.3331735,8369.25
110085,5294,918,3,5,0,3,1480,2326.4033928,13813.91
110086,1163,1419,2,1,1,2,1400,10551.49833,6305.67
110087,4474,1163,2,3,1,2,1100,6171.716426,7577.29
110088,3628,1327,3,5,1,2,2500,1495.7027677,11540.53
110089,886,5330,2,1,1,1,1300,5631.9560705,9747.91
110090,5626,906,2,1,1,2,1980,7443.6061929,10202.67
110091,6956,572,2,1,0,4,1600,4831.4148476,5622.72
110092,5488,1222,2,1,1,6,3800,4682.8042897,11208.85
110093,5193,921,2,1,1,3,2680,1587.7198354,11053.03
110094,4293,1343,5,1,1,1,850,8139.8828165,2451.49
110095,2464,1866,2,5,1,2,1200,6759.0486656,11183.66
110096,7145,573,2,1,1,2,3750,6958.4897438,12828.58
110097,6536,706,5,1,0,1,1000,8830.7832017,16181.3
110098,2655,1727,2,1,1,2,1030,5556.5130022,10367.94
110099,4182,1191,2,1,1,1,2450,4159.9430746,2608.08
110100,2502,1712,4,5,1,1,580,8835.4233936,7744.67
110101,4589,1099,4,5,1,4,760,3244.2350024,12669.72
110102,1140,3111,1,5,1,2,2500,11332.355258,29906.95
110103,3304,1560,2,1,1,2,3530,5849.9507552,6854.28
110104,1750,2296,2,5,1,2,1480,5799.1303537,9426.83
110105,2146,3634,2,5,1,2,3400,3449.7237544,11990.92
110106,1025,977,1,1,0,2,800,9553.0328606,1875.29
110107,4488,1121,4,-2,1,4,760,2709.9228596,4872.18
110108,4219,1326,3,1,1,3,2250,6868.1652414,3479.2
110109,2036,3255,2,1,1,2,540,9744.861972,4336.57
110110,1110,1761,3,1,0,2,840,8064.7709115,2712.22
110111,3801,1537,5,5,1,1,1700,9142.7439782,6581.76
110112,4271,253,5,5,1,1,680,8616.2653688,1418.15
110113,5702,528,5,5,0,1,700,8365.7988655,4792.88
110114,1565,3062,2,2,1,1,3120,7092.1817,30167.1
110115,4152,1297,2,5,1,5,4240,3840.2520135,29989.87
110116,5219,942,5,1,1,2,1200,6993.0287085,4108.16
110117,5961,856,3,1,1,1,2300,2951.1024552,5169.06
110118,1790,2295,2,5,1,2,1500,9072.1661651,19091.92
110119,2070,2426,4,5,1,1,1100,10692.620099,4406.83
110120,5010,1182,2,5,1,4,2250,4265.9545589,4397.1
110121,6658,451,3,1,1,1,1100,5486.6342801,2842.05
110122,6829,555,2,1,1,2,2800,911.27563143,7924.99
110123,0,4864,2,-2,1,6,3950,1273.5005535,5998.32
110124,6324,744,2,1,1,1,3200,5807.7200399,12624.69
110125,3250,1863,2,1,1,1,940,6695.0263494,7391.43
110126,6967,521,2,3,1,4,3500,2432.3231387,11081.15
110127,1334,1987,5,1,1,4,950,11298.782687,3771.18
110128,978,1273,3,1,0,1,2200,5392.6435655,2832.79
110129,10564,1,5,5,0,2,1250,818.27299067,11894.71
110130,5828,881,2,1,1,2,1410,5586.199523,4730.53
110131,4348,1281,2,1,1,2,5500,5446.5542821,14196.33
110132,2152,2061,2,5,1,2,1850,9406.815836,14412.93
110133,3555,1498,2,1,1,5,2530,6329.8634334,12626.49
110134,4930,1269,2,1,1,2,2000,4089.0230779,10561.9
110135,5490,1074,2,2,1,1,1860,7698.9829421,13416.11
110136,6769,739,2,1,0,2,1750,6879.7422936,3602.38
110137,4200,1361,5,3,1,2,690,12222.897111,2464.81
110138,4515,1104,2,1,1,2,3430,3913.8666778,17815.76
110139,5252,930,2,1,1,3,1500,5836.7083093,11040.97
110140,1988,1529,2,1,1,2,1200,16040.646295,6290.54
110141,5892,1028,2,1,1,3,2450,6014.0168583,21420.78
110142,1195,3519,5,5,1,2,1100,16206.575339,6368.26
110143,1233,1739,5,5,1,2,970,12717.974769,5856.4
110144,4450,1242,5,1,1,2,750,7833.1242103,4184.91
110145,5460,892,2,3,1,1,4400,2610.1033444,9174.1
110146,5877,855,2,1,1,1,3150,14302.669906,12337.48
110147,4249,1359,2,1,1,3,3560,5236.1065707,15950.16
110148,3839,1513,2,1,1,2,1800,3910.7525084,8091.65
110149,6120,769,2,1,1,1,2800,3819.7651654,9973.05
110150,5288,905,3,1,1,2,1880,2547.7717933,8114.74
110151,5498,1232,5,1,1,1,1420,12608.287697,4608.22
110152,3236,1465,1,5,1,1,1700,10245.845804,8928.38
110153,6182,1059,3,1,1,1,2020,2647.2935514,6639.97
110154,4588,1151,5,5,0,2,650,6096.6539778,8976.15
110155,2441,1812,5,5,1,2,1100,11150.892512,6458.2
110156,4935,1366,2,1,1,2,1520,5201.5301628,10528.3
110157,174,4675,1,5,1,2,1200,18060.092756,17195.28
110158,2582,2009,5,5,1,2,850,6973.3338096,7898.42
110159,1857,2644,2,1,1,1,2300,7288.118265,9801.51
110160,4138,1312,2,1,1,1,3360,5755.3812469,16543.45
110161,6166,840,2,2,1,4,3600,2744.9180256,12216.82
110162,5991,983,2,1,1,5,3250,3519.7577645,15032.57
110163,1596,2465,2,1,1,1,1560,4611.4337523,6055.93
110164,4274,1349,2,1,1,4,4250,5492.3992304,7251.24
110165,114,4845,2,-2,1,1,1120,13443.06803,12573.5
110166,5284,924,2,1,1,4,2900,5583.2244041,12171.86
110167,6682,808,2,1,1,2,3750,871.79792209,7709.39
110168,1232,2976,2,5,1,5,1470,9308.5245071,7844.41
110169,7536,400,2,1,1,2,1960,1023.8608406,10192.43
110170,4277,1343,5,-2,1,1,840,7341.9450505,3892.21
110171,4657,279,2,1,1,1,4400,5114.2917202,8324.24
110172,6697,724,5,1,1,1,1130,7131.3846459,4300.9
110173,8201,476,2,2,1,5,1650,6958.4897438,11504.97
110174,0,5032,5,-2,0,1,430,2530.87763,1183.32
110175,1162,1457,4,-2,1,1,870,14743.304042,1031.76
110176,5170,1277,5,5,1,3,800,9958.0020939,8245.92
110177,392,4254,3,5,1,5,2030,7388.8719724,16980.81
110178,7339,803,2,1,1,1,1200,1081.4838549,4960.2
110179,5173,969,3,1,1,2,3900,2892.1760635,13540.18
110180,764,1911,2,1,0,1,1410,14555.910655,1623.89
110181,3878,1602,2,1,1,1,1500,7711.7666949,9394.73
110182,7716,747,2,1,1,1,2690,6055.206969,3764.67
110183,9270,0,2,3,0,4,2000,1011.4214879,6653.95
110184,2032,2626,2,5,1,3,2550,8181.5857735,18799.02
110185,3884,721,4,5,1,1,760,7957.3026539,5092.23
110186,5225,929,2,2,1,3,4800,3672.4687492,18260.26
110187,1376,2621,2,5,0,6,2000,5665.01443,25864.92
110188,3556,1427,2,5,1,2,1800,6774.3585808,11603.48
110189,2182,427,3,1,0,2,1400,6829.5657216,3583.76
110190,1991,537,4,1,0,1,850,13895.586075,1193.64
110191,1767,4246,2,1,1,4,1850,3533.7728599,20479.0
110192,6213,735,4,1,0,1,950,8335.3322019,872.75
110193,4491,325,2,1,1,2,3230,4910.3342736,10316.57
110194,5190,850,2,1,1,3,1250,3438.4767447,21992.47
110195,6906,427,2,99,0,2,3780,7902.0367142,9302.2
110196,0,4029,2,-2,0,2,1800,1444.115961,5252.18
110197,4751,1089,2,1,1,4,1770,7120.4831896,7511.55
110198,1972,1627,2,1,0,3,1690,13681.31638,6748.92
110199,10768,1,2,1,0,2,2350,985.18223433,8967.92
110200,14070,1,2,3,0,2,1200,872.25204785,15070.05
110201,1132,3100,5,5,1,1,500,15975.140629,2271.35
110202,5181,1030,2,1,1,2,3740,13855.027803,9470.63
110203,2624,2009,2,7,1,1,800,8457.8322709,2568.24
110204,3108,1550,4,1,1,1,600,3845.6515286,5745.99
110205,2603,1706,2,5,1,4,630,5761.4142237,23223.92
110206,1835,2884,4,5,1,1,600,12085.21223,9488.37
110207,4764,1327,2,1,1,3,3980,5521.8833243,28537.7
110208,6781,742,2,1,1,2,3480,5839.5739979,6773.97
110209,753,2088,2,-2,1,2,4200,8043.8662151,11009.53
110210,3782,1447,5,5,1,2,1250,1722.9822735,9063.74
110211,6528,570,1,2,1,3,1600,4640.155284,9894.91
110212,4036,1297,5,5,1,1,1000,1616.3097113,2738.02
110213,4354,1302,2,1,0,5,1520,7011.2515844,6049.17
110214,853,3306,4,5,1,2,900,10527.820866,8156.96
110215,4289,268,2,1,1,1,2450,6115.9807751,14185.25
110216,1885,2863,2,5,1,2,1800,7358.3735935,3591.41
110217,4493,1124,2,1,1,1,1700,4323.6755316,8463.25
110218,754,3612,2,5,1,2,2200,4848.3804538,14839.78
110219,2666,1695,4,-2,1,2,650,6748.4774602,5283.58
110220,1718,2411,2,1,1,2,1650,6416.7780308,7434.6
110221,6031,813,2,2,1,2,1880,7069.6332664,11436.88
110222,2173,922,5,5,1,1,1200,11147.287854,5814.89
110223,3571,1549,2,2,1,4,2200,2393.8077988,11555.91
110224,3266,1591,2,5,1,4,2670,6180.7668084,15884.52
110225,7118,977,2,7,1,2,5000,1657.7483656,12015.3
110226,4729,1106,2,3,1,2,4820,5404.7481994,2292.09
110227,2149,2331,2,1,1,1,3400,5249.8984352,16345.85
110228,1133,3255,2,1,1,3,3200,8036.2172527,28968.77
110229,4232,1160,4,5,1,4,1280,1087.0051147,6568.35
110230,4571,1123,3,1,1,1,1400,1509.5176252,5051.57
110231,6068,814,2,1,0,1,2750,4289.4834518,4214.72
110232,4306,1246,2,5,1,2,2300,5856.7984168,15102.33
110233,6203,883,3,1,1,4,1650,4333.5123815,9567.92
110234,2433,1785,2,5,1,4,1490,9224.4107401,12291.78
110235,2625,1758,3,1,1,1,1660,4227.411971,7444.3
110236,2104,2564,2,5,1,4,2350,8511.5063346,28971.91
110237,4573,182,5,5,1,1,600,9928.3054947,1231.14
110238,1513,2651,2,5,1,6,1010,7050.355212,13661.76
110239,5804,722,2,1,1,2,850,11483.224381,7020.28
110240,4940,997,2,1,1,2,2300,9205.7088831,8475.98
110241,5302,862,2,1,1,4,2180,9823.0044606,9532.56
110242,5325,894,5,5,0,2,850,7093.6920174,6378.99
110243,4746,1320,2,2,1,2,3000,4092.4718689,11053.03
110244,6040,779,2,3,1,2,1990,7946.0416838,8351.37
110245,6825,729,2,1,1,2,3000,3694.8438643,4601.37
110246,5961,764,4,1,0,6,820,8363.6043928,4579.97
110247,1235,2649,2,1,1,2,3300,4717.8140054,14585.92
110248,4462,1202,2,1,1,2,1200,8111.854997,4181.28
110249,6108,758,4,1,1,2,750,7970.8677781,7729.96
110250,4284,1230,2,1,1,2,3580,2381.8795659,6994.1
110251,5332,910,5,1,1,1,600,9072.4298616,1365.58
110252,7048,590,3,1,1,4,1030,776.71278737,6796.58
110253,6109,755,3,1,1,1,3600,3818.154931,6311.99
110254,2782,1595,5,5,1,1,680,7130.6598624,8574.62
110255,451,4039,5,5,1,2,1050,16531.131523,8567.12
110256,4581,1041,3,1,1,2,1250,4372.4769309,8402.46
110257,6040,841,5,1,1,2,850,12929.504564,3578.45
110258,4755,283,2,1,1,4,2700,4310.2052615,14922.34
110259,4252,1273,2,1,1,4,2550,5036.5159202,10715.94
110260,5277,944,2,1,1,4,3750,1763.2174318,20160.47
110261,2643,1676,2,5,1,3,2100,5726.0795568,17044.83
110262,4531,1149,1,5,1,2,450,7514.3375802,10129.17
110263,1831,2855,2,5,1,4,1760,6805.7465079,19776.86
110264,3373,1501,2,2,1,2,3000,3589.0260186,16225.35
110265,5096,803,2,3,1,2,2550,3979.187432,9945.56
110266,5360,968,2,2,1,5,2030,16531.388855,16397.28
110267,3971,747,5,5,1,1,890,9268.6068909,2300.91
110268,3357,1075,2,7,1,2,1600,7910.5448306,15820.83
110269,5209,1272,2,1,1,4,2030,4635.6740595,8837.47
110270,7060,675,5,1,1,2,1100,12483.959729,4296.82
110271,6618,708,2,1,0,4,5400,10987.04949,6744.52
110272,5939,836,2,1,1,5,4200,7874.1740489,14819.76
110273,3930,1370,2,1,1,1,3000,1259.9219178,11929.43
110274,3892,1236,2,1,1,5,1920,4609.9609323,13008.34
110275,1333,4085,5,5,1,2,630,6904.0172045,4865.13
110276,2851,1663,2,1,1,2,2000,7496.9699468,14293.72
110277,1097,1685,2,1,1,4,2000,8529.1837502,7352.95
110278,6994,928,2,1,1,2,1400,1633.0010871,10803.26
110279,4310,1317,2,1,1,4,1000,8240.3191383,2107.38
110280,5571,619,2,1,1,2,5000,4179.9826817,14682.47
110281,4201,1358,5,5,1,3,1000,10129.343978,7278.98
110282,5529,1045,5,1,0,1,500,6885.4952969,1558.43
110283,4553,1049,2,3,1,2,3240,7770.26056,9346.0
110284,4553,296,2,1,1,2,1840,4668.6783938,8939.0
110285,5850,836,3,1,1,4,1200,2651.7931389,7051.54
110286,5921,879,2,1,1,2,1950,3846.956263,5529.98
110287,647,5048,3,1,1,1,850,3391.437727,1427.89
110288,5175,928,2,3,1,1,1800,2411.9203308,2319.11
110289,6833,638,2,1,1,2,2250,6894.6424556,6840.11
110290,2017,472,2,1,0,3,1880,11159.035209,5650.52
110291,8330,339,1,3,1,2,1010,1128.0275242,9894.81
110292,803,3765,2,1,1,2,2100,8661.7253955,8143.72
110293,1199,3031,1,5,1,5,2100,10607.749903,17730.97
110294,1283,920,5,-2,1,3,980,13342.614888,2354.02
110295,5575,971,5,1,1,7,500,7356.1786301,2593.97
110296,6067,810,2,1,1,2,2750,4828.1006832,6128.57
110297,8687,654,4,1,1,1,1100,1173.8333325,2170.25
110298,5214,951,3,1,1,1,1990,5356.8943908,6682.28
110299,5313,917,2,3,1,2,5250,7797.3071537,22249.04
110300,3572,1569,2,1,1,1,1750,3733.7465252,8203.47
110301,792,3790,2,5,1,5,1680,12044.381693,11853.85
110302,4537,1134,2,1,1,1,3050,7931.7520858,7094.28
110303,2814,1413,2,1,1,1,3400,9562.4691565,7685.13
110304,5717,920,2,3,1,3,1700,4450.4097836,9340.07
110305,2135,2229,2,5,1,1,2600,7324.3183326,22384.87
110306,4555,1144,2,1,1,2,1050,3717.2489163,5224.41
110307,976,2953,2,5,1,4,2180,9051.3352439,16008.12
110308,2330,2174,2,5,1,3,3800,9785.3795891,19513.48
110309,4246,977,2,5,1,1,2690,7620.0794764,26561.29
110310,3717,1519,2,5,1,5,3900,5501.1827417,24460.2
110311,5926,674,5,1,1,1,1370,19264.253253,2982.45
110312,1368,4024,2,5,1,3,1250,7475.2090396,7207.37
110313,2293,1902,2,1,1,1,850,12075.444206,2966.67
110314,3254,1902,2,1,1,2,1310,6415.5391749,15877.72
110315,1048,2077,5,1,1,2,1300,12680.146037,5816.43
110316,5488,1233,5,5,0,3,780,14535.019549,4062.44
110317,3203,1762,2,5,1,5,1010,7016.9193369,21197.67
110318,6176,741,5,1,1,2,1240,9984.4590739,3625.08
110319,1392,3275,2,1,1,3,1940,8470.4836701,13122.04
110320,4645,319,2,7,0,4,1100,4934.8722715,13864.13
110321,6044,800,2,1,0,2,2180,6654.1896134,7167.66
110322,5211,1113,2,1,1,2,1050,5532.988102,12452.72
110323,5023,1620,2,1,1,2,2500,5517.5005113,8162.14
110324,4418,12,5,5,0,1,780,11247.988172,3320.34
110325,1791,4203,5,-2,1,2,680,8097.6890677,5277.58
110326,5204,950,3,3,1,1,4750,2849.6710332,22226.4
110327,4604,1355,2,5,1,4,2800,8096.7071012,20584.38
110328,2639,1903,2,1,1,2,1300,9717.4184005,13907.97
110329,4682,1133,2,5,1,4,2390,7285.7590366,36456.29
110330,6147,823,3,2,1,2,2250,1375.6716768,2764.8
110331,3673,1657,5,1,1,3,560,6254.8970941,13002.71
110332,5192,958,3,1,1,1,2480,6532.6034161,5099.12
110333,622,3741,2,5,1,5,1150,11157.687916,18735.56
110334,2828,1872,2,1,1,2,1780,8427.5931643,10998.67
110335,6275,1006,2,1,1,5,1380,4425.5812456,7405.09
110336,5206,990,2,1,1,1,1500,16531.388855,6357.07
110337,2846,1705,1,5,1,2,700,5375.4925133,17466.89
110338,4443,1232,2,1,1,3,1150,7058.4434146,6701.94
110339,3189,2027,5,5,1,2,670,10101.441909,13525.11
110340,4696,1145,2,5,1,5,3000,6287.8099519,17992.51
110341,3696,1479,2,2,1,2,4200,4532.2085047,13616.11
110342,4942,1178,2,1,1,4,720,8743.4473029,4576.09
110343,8316,656,3,5,1,2,1340,524.49323521,12387.27
110344,4716,1107,2,3,1,2,2800,3878.9236871,4783.06
110345,3977,1105,2,1,1,3,2650,5446.5087689,8847.1
110346,6885,545,2,3,1,3,1880,2918.3183758,13499.76
110347,3760,1521,2,1,1,2,950,6912.9826544,7197.45
110348,4362,1214,2,1,1,4,1070,6297.8784361,6709.55
110349,4662,1142,5,-2,1,2,850,8978.1492402,4918.33
110350,555,3769,2,5,1,2,1990,8967.3215712,13378.3
110351,4672,1129,3,5,1,3,2700,2019.6086866,16097.28
110352,3326,1871,2,5,1,2,770,4730.5555155,6697.29
110353,6147,278,2,7,0,2,1500,2347.3902837,11949.35
110354,1263,3021,2,5,1,2,3600,5442.8928092,27789.52
110355,1142,3025,2,7,0,3,2000,7149.0842949,9888.85
110356,4947,222,2,1,1,2,1930,4690.356039,4193.02
110357,4920,1286,2,1,1,5,890,4810.8748396,13103.77
110358,2273,1855,2,1,1,1,2000,7285.6012947,14839.82
110359,4201,1352,5,1,1,2,1900,11132.351657,3528.56
110360,3890,1647,2,1,1,1,2150,3531.3026204,6900.21
110361,4339,1143,2,5,1,1,950,4221.4860923,22550.33
110362,5642,900,3,1,1,2,1800,4324.3043233,7071.0
110363,4532,1148,5,1,0,3,1100,7588.6085949,2821.75
110364,5373,917,5,5,1,2,1230,4884.1394932,5710.33
110365,2229,2435,2,1,1,2,1750,6678.3815396,11541.27
110366,4722,1407,2,1,1,2,3820,4046.9833382,15156.18
110367,4187,1017,2,7,1,5,1980,4539.5844398,22287.68
110368,6903,446,2,3,1,1,2250,2782.7902485,7630.45
110369,3562,1632,3,5,1,4,2360,2850.6572958,13672.05
110370,2141,2149,2,5,1,1,1300,10060.675894,9718.66
110371,3900,1275,2,1,1,1,630,6899.3695626,6065.09
110372,1941,2303,2,5,0,1,1710,6648.4112461,10601.18
110373,6031,791,2,1,1,2,1550,6390.1646483,3103.95
110374,1776,4230,2,1,1,2,1880,5983.3631625,9277.69
110375,6262,616,2,2,1,1,1560,2119.1262878,7392.52
110376,7141,891,3,1,1,2,1900,3590.1164283,11505.89
110377,1110,2946,2,1,1,3,1600,10487.684011,18520.49
110378,4338,1226,2,3,1,3,2500,5516.4160419,12249.0
110379,7320,518,2,1,1,2,1700,10115.866052,9869.38
110380,4333,1194,2,5,1,5,6500,3908.0921253,63054.35
110381,5354,997,2,1,1,6,4250,10961.731975,19479.36
110382,2638,2281,2,1,1,1,1450,12435.491208,7477.54
110383,4132,1259,2,1,1,3,9000,5361.0793459,35771.87
110384,5954,613,2,2,1,2,2000,3883.0574009,9767.46
110385,2042,3245,2,1,1,2,3100,9307.9737252,13464.43
110386,5653,902,2,1,1,3,2200,5940.269338,15354.87
110387,7156,641,2,2,1,2,2360,2513.5338098,9897.56
110388,4198,1364,5,1,1,2,1200,10617.955826,7050.82
110389,5311,1327,2,1,1,2,1500,5346.7005382,14778.57
110390,1156,3313,2,1,1,3,2500,6080.3043094,15464.95
110391,5947,1006,5,5,1,1,430,9449.6029411,7527.79
110392,3639,1453,2,1,1,4,3880,3594.1659215,16740.82
110393,4546,1139,2,5,1,2,1800,2812.2965979,22801.24
110394,5307,902,4,3,1,3,1390,7769.1495045,7002.61
110395,5360,993,2,5,0,2,2060,9975.5398286,17851.5
110396,4324,1298,5,5,1,2,1000,12451.94921,7424.33
110397,5298,783,5,1,1,1,1200,5516.816541,3937.63
110398,6978,229,2,1,1,2,3110,2091.5043775,20681.9
110399,7345,589,5,1,1,2,990,2196.4225498,5063.78
110400,4838,730,1,5,1,1,1000,4256.7036333,6060.44
110401,7221,555,2,1,1,1,3200,1105.3293709,4592.18
110402,4422,1221,3,1,1,4,2900,7994.404649,11512.14
110403,4188,1363,5,1,1,2,1100,11356.837134,1650.29
110404,6258,1014,2,2,1,3,1150,3516.4964005,9101.78
110405,92,5039,2,5,1,3,1500,11594.476223,22684.15
110406,5995,777,2,1,1,2,3000,7368.2177979,5188.16
110407,2031,529,2,1,0,3,1730,12744.915742,3928.79
110408,4219,1293,2,1,1,1,1400,3297.5505697,11436.39
110409,3701,1055,2,2,0,2,1480,7428.1902308,8944.79
110410,9236,372,2,2,0,5,6000,7676.5419062,15544.87
110411,10691,1,2,1,0,3,3150,628.58462981,4473.21
110412,2765,1977,2,5,1,2,1250,8050.8390911,10548.4
110413,2754,1708,2,2,1,2,6200,5413.3751649,25042.71
110414,3570,1629,3,1,1,2,630,2905.4068434,7439.03
110415,2072,2511,2,1,1,3,5130,7035.7947514,17250.09
110416,5265,1002,2,5,1,5,2630,10014.861703,23877.23
110417,3187,2007,2,1,1,3,1000,6843.1172611,12260.57
110418,6755,537,2,3,0,2,3130,3570.2645675,11642.04
110419,4741,1083,2,3,1,2,3900,3200.6028782,10602.73
110420,8148,570,1,5,1,1,1340,925.10965051,17150.59
110421,4374,1624,2,2,1,3,4060,4086.8533255,20387.53
110422,5892,881,2,3,1,4,3450,3542.6081308,13974.4
110423,6912,592,2,1,1,2,3050,5848.2159176,6609.46
110424,874,5362,2,5,1,1,2070,6120.6450357,7952.43
110425,4555,1178,5,5,1,3,980,5765.9867891,14633.06
110426,7664,129,2,2,0,1,3400,2582.0252395,20168.21
110427,6443,349,2,1,1,3,3800,5814.1049965,11682.24
110428,3427,1664,5,1,0,1,600,1705.0380395,1683.1
110429,6026,542,2,1,1,2,2300,2054.8784445,6070.16
110430,1040,3434,5,5,1,2,650,18199.149826,8393.99
110431,1180,1432,5,5,0,3,1000,12194.183091,3237.03
110432,2653,1708,2,1,1,2,1650,5497.4459564,6581.88
110433,6123,923,3,1,1,1,1250,4348.6705321,3991.03
110434,5023,1620,2,1,1,2,1900,7189.1213528,8862.14
110435,3068,1764,4,-2,0,3,1110,6060.7121873,9413.24
110436,7069,722,4,1,1,4,750,9870.2609447,2518.34
110437,1138,3621,5,5,1,1,720,11554.492222,3832.31
110438,6379,983,2,2,1,4,1430,4337.7981638,16595.18
110439,2859,2032,2,1,1,2,2510,3450.2843719,13396.2
110440,8671,448,2,7,1,2,1040,2035.4236308,5769.45
110441,1989,2265,2,5,1,1,900,6535.2401102,9548.74
110442,4901,612,1,5,1,1,700,3807.1194368,20712.09
110443,1140,1496,4,-2,1,7,1010,14714.526588,4794.76
110444,1732,2609,2,5,1,2,2400,5020.5734342,20696.22
110445,0,4845,2,-2,1,4,1400,1532.7889083,2710.22
110446,3366,1502,2,5,1,4,1500,5621.1384495,17487.03
110447,4605,1159,2,5,1,1,2670,4305.3201558,12099.68
110448,4621,1194,2,1,1,4,3850,7313.2482958,15707.2
110449,6610,845,5,1,1,1,400,1142.4870217,2036.67
110450,2934,1862,2,5,1,4,3150,3505.7881827,18380.49
110451,4182,1213,5,1,1,3,1300,7470.0258911,13192.12
110452,8275,400,2,5,1,2,2820,826.36154036,31242.58
110453,5022,1307,2,1,1,3,5200,4704.7937119,13224.86
110454,5614,968,2,1,0,1,4000,4274.5709998,5136.5
110455,7094,877,1,1,1,1,1020,6423.3778229,5782.34
110456,4607,272,2,1,0,4,1800,4060.352989,5403.96
110457,3968,1240,5,5,1,1,970,8488.933633,3686.51
110458,3352,1700,2,1,1,3,2500,6777.7970254,11953.52
110459,5537,983,3,1,1,1,2660,2039.0197413,6004.04
110460,3670,1659,4,5,0,1,750,5764.0961262,8085.73
110461,5556,1057,2,1,1,3,2090,6010.0032893,8804.61
110462,2224,2430,2,1,1,4,3420,6885.3700783,4154.44
110463,3355,1613,2,1,1,3,8000,3258.7124556,184101.84
110464,6832,408,1,2,0,2,960,10926.532033,4997.94
110465,6678,405,2,5,1,2,2400,10663.23682,10869.69
110466,1795,4193,3,-2,0,1,800,3690.3237896,2799.87
110467,8300,507,2,2,1,3,4050,7938.9187901,25262.74
110468,5607,952,4,1,0,1,970,8950.8073418,12994.88
110469,6901,432,3,3,1,1,1400,1204.248239,4063.49
110470,6892,624,2,1,1,2,1600,1620.2724808,3758.09
110471,3732,1604,1,5,1,2,1280,4869.4508599,4942.9
110472,6995,399,2,5,1,1,2300,1664.3245525,10996.81
110473,2206,2113,5,5,0,1,640,12862.352009,3082.35
110474,3193,1472,5,5,1,1,1200,11386.034991,6138.21
110475,3252,1333,2,1,1,2,1900,9816.8261944,20751.97
110476,4685,1127,3,1,1,3,1450,3679.0400291,6690.91
110477,7692,587,2,1,1,1,2550,5875.6863912,3599.62
110478,0,4548,2,-2,1,5,1000,1675.962501,15573.54
110479,3235,1721,2,5,1,4,4800,4545.7252971,107271.52
110480,3955,1470,1,1,1,1,1300,6016.8604579,2636.09
110481,4449,1228,5,5,1,1,830,11825.115116,4827.82
110482,3235,1622,2,5,1,3,1050,7278.6689248,16906.5
110483,2656,1702,3,5,1,3,1000,4933.6552066,13937.67
110484,6823,438,2,5,1,5,1020,3141.5911467,17277.0
110485,2755,1695,2,1,1,2,2250,7791.3672921,7736.23
110486,5367,934,4,3,1,2,1500,4558.6145941,8043.3
110487,6596,437,2,3,1,4,2170,8408.8031733,17963.29
110488,1248,4540,2,1,1,1,1920,4693.9413549,16169.18
110489,1357,2723,2,1,1,1,1800,9014.7530675,8208.02
110490,4407,1258,3,5,1,7,2000,8397.2775791,18637.05
110491,14073,1,3,3,0,2,1250,747.86744888,3999.36
110492,5233,940,2,1,1,2,3600,1795.6055618,9635.58
110493,1998,2689,2,1,1,2,1400,7971.8731798,6388.18
110494,2661,1822,2,1,1,2,1600,7958.436998,11897.64
110495,2095,2587,2,1,1,2,2120,7597.6748853,13215.06
110496,5908,755,2,3,1,5,3900,4370.4971523,17436.56
110497,4373,1226,2,1,1,2,2710,5143.145169,20891.47
110498,1014,3286,2,1,1,2,3200,4842.9923108,17271.69
110499,3809,1541,4,1,1,1,1450,4166.273268,3545.34
110500,4574,1531,2,1,1,1,1300,5590.7015569,9847.7
110501,5577,802,2,1,1,3,730,15440.294143,9714.8
110502,790,3747,2,1,1,3,2600,7591.7770822,13410.42
110503,3579,1477,2,2,1,1,3000,3423.5336522,5900.04
110504,3334,1714,5,1,1,3,1650,1766.5786307,9440.79
110505,2926,2257,2,1,1,2,1800,7096.5264704,9752.31
110506,5831,1006,3,1,1,2,790,4424.0567697,5011.25
110507,5371,884,2,1,1,4,1060,7720.541866,11464.31
110508,4446,1391,2,2,1,1,780,8625.4763608,5428.45
110509,5253,922,2,1,1,1,2200,3665.5079051,7390.05
110510,4240,1154,5,5,1,5,750,1722.9822735,6035.52
110511,6355,670,3,1,1,1,1800,1635.7882853,4906.06
110512,33,5414,2,-2,1,1,1760,12330.047148,19800.54
110513,5980,965,2,1,1,4,4180,5914.9594503,24111.88
110514,5465,831,2,1,1,4,1700,14498.511817,9631.1
110515,2658,1185,2,1,1,2,2420,8755.7992157,3951.25
110516,5423,1145,2,1,1,1,1500,4528.103451,6005.61
110517,4964,980,2,2,1,2,2500,6017.5013205,11891.99
110518,4538,1149,2,5,0,4,2630,3648.4725034,25373.41
110519,3253,1846,1,1,1,5,1200,10600.175661,19636.6
110520,100,4892,2,5,1,7,2530,11545.120504,23417.85
110521,3117,1519,2,5,1,1,800,11253.190824,14537.61
110522,3941,1418,2,1,1,3,3400,2952.1939115,10335.58
110523,2938,2014,2,1,1,2,2090,4795.603846,9279.54
110524,4610,1156,2,1,1,1,1200,7409.636561,11695.69
110525,8688,655,2,1,1,2,880,1057.9229564,5853.62
110526,5766,908,2,1,1,2,2490,5004.2206203,4829.47
110527,5689,890,5,5,1,1,1420,11186.003938,7583.01
110528,3744,1447,2,1,1,4,1660,3697.2540729,11792.97
110529,6711,811,2,7,1,2,1200,1023.3615742,6900.81
110530,659,3652,2,5,1,1,1350,9746.3812303,16646.14
110531,1076,4869,2,1,1,2,1670,4166.486721,6863.16
110532,1513,3833,1,1,1,2,1180,7089.6506509,6941.01
110533,1249,4536,2,-2,1,1,1490,6427.2383242,9049.09
110534,6079,1101,2,1,1,2,1700,5914.6788354,9614.7
110535,2178,743,5,1,1,2,1000,11093.841467,2390.99
110536,7974,496,2,7,1,2,2550,7680.7681346,9435.35
110537,5348,917,3,1,1,6,1550,2274.5534136,8929.29
110538,1206,2062,5,-2,1,3,820,18799.330037,4070.0
110539,5266,807,2,5,1,4,2300,1672.169942,20064.46
110540,10903,0,1,1,0,2,850,802.90223055,5132.19
110541,7179,385,2,3,1,7,2100,3217.7255591,14419.66
110542,1245,4521,3,-2,1,4,980,3396.6063929,12484.78
110543,0,5055,2,-2,0,4,1430,1353.0311282,8535.36
110544,5296,1340,2,1,1,1,3420,4806.7147638,6553.77
110545,7050,321,5,3,1,1,400,4652.0298784,2616.67
110546,2487,1768,2,1,1,5,3400,8360.213982,27580.68
110547,1191,3408,2,5,1,2,2860,7984.4160793,18846.91
110548,1111,3504,2,1,1,2,1050,11757.103081,9811.15
110549,4804,1070,4,5,1,3,1080,7813.0377517,3659.3
110550,3588,1467,2,2,1,1,2880,6240.0598223,4970.88
110551,3970,810,5,5,1,2,970,10222.103191,8780.85
110552,5146,970,3,1,1,4,1400,4919.6732646,21086.36
110553,4592,182,2,5,1,2,990,4759.7151813,8767.49
110554,3244,1451,2,7,1,4,2500,10251.206714,23331.19
110555,3147,1599,1,5,1,3,970,5699.1066999,17645.44
110556,3414,1679,3,1,1,3,1760,849.6373516,10586.7
110557,2157,2058,1,5,1,2,920,11404.158779,9458.59
110558,6128,764,4,1,1,3,1330,8898.4048501,10153.64
110559,5253,782,4,1,1,2,750,3648.925239,5442.16
110560,3819,1696,2,1,1,3,2450,4717.3458264,9237.93
110561,2464,2247,2,2,1,2,3000,9763.5226385,15202.53
110562,6595,678,2,1,1,6,8400,1915.0689155,14402.53
110563,4709,642,2,2,1,4,1470,5752.3284788,21497.84
110564,2192,634,2,1,1,2,900,13689.711726,12787.29
110565,1883,2181,2,5,1,4,2600,7311.3186506,17312.32
110566,3176,1630,2,5,1,4,1500,7380.3075758,24675.67
110567,4236,1213,2,1,1,2,2600,3438.4767447,20588.56
110568,6929,615,2,1,1,1,1830,8402.0014117,3073.23
110569,3098,1755,2,1,1,4,1600,7621.692935,16444.31
110570,3011,1774,2,7,1,1,3000,10459.38936,8078.4
110571,5298,919,2,1,1,3,1850,3873.2776579,7914.82
110572,6518,644,2,1,1,2,4300,7971.6269414,6223.77
110573,2526,1783,2,1,1,1,950,9559.1771814,3328.54
110574,6044,656,2,1,1,4,2400,4704.3650621,7985.85
110575,4136,1246,3,5,1,4,1550,5192.5944402,15566.47
110576,5066,1576,2,1,1,1,1800,5138.9101565,7940.73
110577,1280,4227,2,5,1,2,2270,3903.1064347,15135.28
110578,5025,1088,5,1,1,2,800,10001.836632,3067.87
110579,6690,632,2,3,1,2,2500,2859.8236097,11323.63
110580,1157,3585,4,5,1,3,750,10499.091897,1499.4
110581,4954,1038,2,1,1,4,4140,6239.9781565,11817.12
110582,7054,320,3,5,1,2,1190,1812.8431295,8003.69
110583,4632,1069,2,1,1,2,3750,5564.3492054,12439.1
110584,5227,940,2,1,0,2,2000,7537.4262873,4061.57
110585,1832,2855,2,5,1,2,2400,7703.8313844,20007.09
110586,2902,1499,2,1,1,4,3620,7614.3826135,15607.43
110587,8158,536,2,1,1,2,1360,7755.5416547,4721.51
110588,5085,1166,5,5,1,1,700,7746.3958269,791.19
110589,6079,733,2,1,1,2,3200,5251.6650477,9861.05
110590,4418,1438,2,1,1,2,2060,6025.1348356,7843.77
110591,6007,760,2,3,1,2,3320,3617.5766226,3921.56
110592,5825,1126,5,1,1,1,1100,5725.3911558,3385.45
110593,2652,1805,2,5,1,2,2440,7707.6980777,32050.61
110594,7336,379,2,2,0,2,2400,1496.8242419,6367.84
110595,6816,866,2,1,1,1,2140,6010.1820594,6503.76
110596,8258,521,2,1,1,2,1050,6334.3990066,5849.29
110597,2812,2001,4,5,1,2,700,5474.6521986,14316.0
110598,1764,4252,2,1,1,1,1590,4739.7672873,7414.55
110599,375,4307,2,5,1,5,2100,8695.308892,35434.81
110600,5116,203,2,1,1,4,3200,4844.9718276,8181.75
110601,1761,2389,3,5,1,2,1700,2393.7501765,12785.32
110602,3510,1566,2,5,1,4,1800,5294.3837469,28793.75
110603,2574,1755,5,1,1,2,1080,13618.103134,11543.06
110604,5340,876,2,1,1,2,2600,3826.120258,6822.62
110605,5177,1014,2,1,1,5,1380,7813.7416236,10052.84
110606,6998,527,4,3,0,2,1200,1728.2717931,2657.65
110607,5637,875,2,1,0,3,920,5319.4697897,7046.4
110608,4751,250,1,7,1,1,480,5555.4275051,4969.63
110609,2223,2115,2,5,1,2,1200,9820.4932621,10625.49
110610,1219,2119,2,1,1,3,2900,11179.353384,11681.84
110611,2014,3350,3,5,1,1,1100,2842.9718948,5716.56
110612,1215,1684,5,5,1,1,680,13265.613101,4384.11
110613,1650,2719,2,5,1,2,2100,7889.6384499,14861.01
110614,5531,811,2,3,1,2,2690,4375.5558544,12841.38
110615,5303,921,2,1,1,2,3600,3802.730926,12258.89
110616,2606,1813,2,1,1,2,3250,6849.0136938,9069.58
110617,4296,1342,2,1,1,2,2400,7262.624178,9499.47
110618,5204,932,5,5,1,2,1200,2303.9404363,8275.25
110619,5000,1171,3,5,0,2,1200,3151.8953054,1583.89
110620,5031,1611,4,1,1,1,1200,7774.5045413,4767.99
110621,3967,1365,2,1,1,1,1650,3345.9501388,12452.95
110622,2270,1047,2,5,1,2,600,14309.007159,12620.26
110623,423,4590,2,5,1,4,2700,12566.819126,22150.62
110624,3723,1411,2,5,1,2,4550,3076.5928542,10773.49
110625,6734,552,2,7,1,4,2100,2895.5509311,9548.67
110626,7099,414,2,2,1,1,2400,2247.1248317,12958.33
110627,290,4030,2,5,1,2,3000,10813.141117,35000.43
110628,1788,4209,2,1,1,1,1950,6406.0182334,12567.86
110629,1069,4532,3,5,1,1,990,9414.7329092,4841.51
110630,5538,972,2,1,1,4,2000,1641.7732446,12470.86
110631,6126,558,2,3,1,3,2600,7770.26056,6354.47
110632,7050,321,2,5,0,1,840,2091.5200873,3944.38
110633,5090,1060,2,7,1,2,3450,7647.0577403,9244.84
110634,4874,1141,2,5,1,2,2450,6234.7733543,12931.88
110635,5354,815,2,7,1,4,1780,6113.4555199,11898.53
110636,3870,1082,1,5,1,5,1800,4044.4011089,20285.3
110637,2949,2151,5,5,1,1,1100,10108.044655,1352.72
110638,5868,911,5,1,1,2,1100,9026.297293,6364.39
110639,3424,1631,2,5,1,2,2400,5876.3548446,15069.41
110640,5315,956,2,2,1,2,4000,12419.443515,16422.7
110641,3557,1557,2,5,1,2,1950,3693.5935748,22140.94
110642,7144,653,2,5,1,1,3600,5735.9297836,23169.44
110643,4230,1370,2,1,1,3,2000,9078.6312667,11300.96
110644,5069,199,2,1,1,3,3400,4743.3837471,9268.81
110645,429,4133,2,5,1,3,1360,15062.161641,17373.07
110646,2856,1603,2,1,1,1,1560,7260.6943794,17112.01
110647,5240,888,2,1,1,3,1340,2153.2032189,8367.55
110648,4212,304,2,1,1,4,4130,4732.4850443,11463.4
110649,4443,1075,2,5,1,4,1600,3388.9727525,19408.38
110650,6246,761,3,1,1,2,1300,5221.6277903,4651.7
110651,6111,755,2,5,1,2,2180,4650.8522317,11503.2
110652,6174,741,3,1,1,1,920,4907.9726971,3979.07
110653,5218,1084,4,1,1,4,1200,11765.153705,4404.21
110654,5067,1093,2,1,1,2,2210,7845.1937305,9586.25
110655,889,1292,5,5,1,3,1100,18116.226335,2400.97
110656,2471,1777,2,1,1,3,2500,7243.7479465,14093.48
110657,2467,1777,2,1,1,4,1050,9911.3807154,7359.25
110658,5644,828,2,1,1,3,2190,5025.8294328,12088.3
110659,4559,1335,2,1,1,4,2400,6572.3257235,9628.61
110660,5903,853,5,5,1,1,680,3522.0072141,4144.9
110661,5223,1521,2,1,1,5,1870,5413.074996,13440.17
110662,3036,1582,2,5,0,1,900,11449.407877,17444.1
110663,1878,2814,5,5,1,1,1100,12062.493371,7808.17
110664,4682,1136,2,3,1,1,2000,6826.4523938,6921.13
110665,4768,687,2,1,1,4,1220,4384.0747903,10358.36
110666,982,3128,2,5,1,1,850,5968.3620126,12101.96
110667,1762,2548,2,5,1,3,1800,11714.622413,13885.55
110668,7292,796,2,1,1,7,2400,5586.6761482,11367.4
110669,4178,1282,2,1,1,2,1380,3120.7257338,7311.24
110670,5178,1033,2,1,1,2,2530,12503.128643,10300.57
110671,6493,644,2,1,1,1,1880,4594.2502464,7037.0
110672,5368,882,3,1,1,3,1600,2409.2566309,5075.64
110673,5774,553,5,1,1,4,1100,5287.3285507,6984.29
110674,5308,919,4,3,1,3,1310,9965.3168089,4055.54
110675,5026,734,2,5,0,3,2200,2947.4395741,27986.76
110676,6174,792,2,1,1,3,3550,4952.2227907,8190.37
110677,4233,1159,3,1,1,4,2500,906.54167163,7217.82
110678,5305,929,4,3,1,5,1050,7462.7520005,11666.09
110679,12656,0,2,7,0,2,1540,787.48440695,918.35
110680,4514,1085,2,5,1,4,2400,7452.7723319,21889.78
110681,1777,2544,2,1,0,2,1500,5353.987715,8410.47
110682,5905,1240,4,5,1,1,760,3643.7437244,8645.03
110683,907,1321,5,-2,1,2,900,16999.008169,3895.71
110684,1212,1211,5,5,1,1,680,12178.085138,3989.34
110685,5904,830,2,2,1,2,1560,5635.822133,8686.33
110686,4352,1476,2,1,1,1,800,5596.2779795,3674.48
110687,2242,2078,2,5,1,2,2500,7453.7498433,18115.95
110688,2785,1637,3,1,1,2,5280,5250.8263843,14971.92
110689,3361,1866,2,1,1,3,3540,4284.8111145,24365.45
110690,1273,2762,2,1,1,3,1700,4178.2189208,12548.46
110691,3027,1789,2,1,1,2,1900,4858.3566174,5799.45
110692,2607,1805,2,1,1,4,1510,7684.4794192,6800.08
110693,2230,2114,5,5,1,1,830,11707.403437,4420.26
110694,5502,1025,2,1,0,3,2510,11884.966274,7167.31
110695,2621,1729,3,1,1,1,2400,4856.5286692,5585.32
110696,6687,976,2,1,1,2,5080,3943.0353046,22563.67
110697,6744,447,2,1,0,1,1650,8971.3202548,3459.27
110698,5490,963,2,1,1,2,5150,10279.573167,14876.15
110699,4191,1336,5,1,1,4,1200,13004.266259,1884.42
110700,1944,3947,5,1,1,5,1000,6959.6580986,10507.58
110701,2248,2470,4,5,1,2,900,10879.632431,9874.58
110702,5547,808,4,1,1,2,1600,8072.0765138,2663.89
110703,2712,1633,2,5,1,1,2980,5925.899038,16635.99
110704,5023,1620,2,1,1,1,2540,6548.5602779,5092.34
110705,5534,753,2,1,0,1,790,12419.443515,2523.11
110706,10568,1,2,1,0,1,1200,838.34828144,7391.37
110707,5348,901,5,5,1,2,1250,6694.2184146,6965.4
110708,5722,910,2,1,0,4,1680,6248.3021917,1905.63
110709,1808,2728,5,5,1,2,500,16816.761939,6148.21
110710,1871,2754,2,5,1,5,3800,12030.781239,14859.59
110711,3424,1672,2,1,1,1,1280,8740.632804,8283.45
110712,2109,2182,3,1,1,2,1080,2619.5509831,14768.7
110713,1156,3313,2,5,1,3,1050,8302.4794891,12213.94
110714,3211,1525,2,1,1,2,1750,5691.4431166,9432.3
110715,419,4063,1,5,1,2,1280,15449.550717,8070.34
110716,9347,361,2,5,1,3,2200,7121.1703135,40162.89
110717,7142,871,2,2,1,2,2670,4449.7194783,9688.79
110718,4241,1115,2,7,1,2,770,4527.1254391,5346.26
110719,4184,1351,5,5,1,1,600,10297.817535,4706.67
110720,2565,1782,3,1,1,2,630,8249.7851454,9616.07
110721,0,5050,2,-2,1,4,2700,1438.3873122,9708.66
110722,2158,2517,2,1,1,3,4400,7109.0030698,46683.65
110723,2834,1760,2,5,1,7,1430,5467.2344272,20617.88
110724,2196,1876,5,-2,1,1,1000,17707.548318,7324.72
110725,4863,1024,2,1,1,5,3000,6185.2477495,10617.04
110726,3542,1429,1,5,1,1,1000,6788.8616178,12341.07
110727,7142,879,2,2,1,1,2200,3480.6094962,2619.01
110728,4426,1289,4,1,1,1,1900,6878.0306623,6831.01
110729,3201,1603,2,1,1,2,3100,5938.5271473,15969.84
110730,7395,812,2,1,1,6,1070,5671.6782462,7637.75
110731,7032,1044,2,1,1,1,2400,1745.6885325,4677.13
110732,4350,1193,1,5,1,3,450,10990.960549,12236.66
110733,5023,896,1,1,1,2,1860,1903.2850059,9487.34
110734,5222,799,2,3,1,4,3200,1561.7833482,10599.04
110735,868,3613,2,5,1,4,3100,12972.090129,20319.91
110736,7791,782,5,5,1,3,1250,2914.8957876,7711.77
110737,2175,1899,5,5,1,2,590,12218.150913,2281.52
110738,1254,2662,2,1,1,2,3000,3878.2589314,11171.8
110739,1256,2037,2,1,1,3,2000,8052.234998,18153.0
110740,7407,254,4,5,0,3,800,4129.089009,9047.93
110741,5232,755,2,7,1,2,1100,1685.2849166,16265.9
110742,6501,662,2,3,0,3,4000,4310.9155702,5180.37
110743,1502,3811,2,1,1,2,1900,3928.2433007,11533.06
110744,6471,778,2,1,1,1,1000,8076.3511527,2055.06
110745,2073,2597,5,1,1,1,670,13004.859034,7545.31
110746,5590,1174,2,1,1,2,2800,4200.3064014,8781.49
110747,6055,774,5,1,1,3,650,8122.3884542,12607.46
110748,8102,290,2,2,1,2,1950,988.83415687,4525.92
110749,4239,1317,2,3,1,5,1520,6438.1990949,9895.7
110750,744,3638,2,-2,1,5,3500,6052.3015221,42322.66
110751,1786,2531,2,1,1,7,2400,4041.3846773,17460.66
110752,3986,1139,2,5,1,3,5000,5767.3376658,11405.92
110753,4186,1346,4,1,1,3,1500,8773.2334724,2747.2
110754,2910,1601,3,1,1,2,1900,4279.2906684,10939.12
110755,0,4951,2,-2,1,7,740,2018.952157,10053.16
110756,2678,1903,5,5,1,1,750,9518.2290643,4005.52
110757,1242,1905,2,1,1,4,2000,10114.499895,17802.09
110758,4595,1275,3,2,1,2,1400,4091.6105467,3828.29
110759,4211,1179,5,5,1,1,980,9270.3044301,29504.28
110760,4236,1386,2,1,1,2,3900,5452.7923346,14001.17
110761,1909,2337,2,1,1,2,5180,4197.4480236,34934.96
110762,2042,2272,2,2,1,2,2350,4887.9606252,12148.05
110763,1570,3055,2,1,1,4,2850,12707.985751,11799.81
110764,5494,1233,5,5,1,2,1400,11646.555879,7441.04
110765,7066,1023,2,1,1,1,1800,1660.9949759,7512.0
110766,4325,1616,2,1,1,1,1690,4765.5474392,11637.73
110767,4544,350,3,1,1,5,5320,3087.1674318,8616.87
110768,969,3062,2,1,1,1,340,9763.6885166,8001.3
110769,4739,1328,4,1,0,2,1000,7936.8505544,4407.84
110770,1935,2324,2,1,1,3,2500,7086.3852138,22424.09
110771,5468,1033,2,1,1,3,3250,12993.734885,14158.95
110772,1135,1610,2,1,1,3,3710,9267.5762175,15464.24
110773,907,3555,3,5,1,1,1430,4172.0084733,8188.7
110774,3165,1740,3,1,1,5,3100,1338.3637496,22090.73
110775,8453,0,4,5,0,2,2230,1030.2459193,14627.72
110776,5487,960,2,3,1,3,2300,1796.5337742,4461.39
110777,1545,2737,2,5,1,5,2600,8490.9204184,33780.21
110778,4434,1269,5,1,1,1,800,7670.1213551,2898.06
110779,7077,663,2,1,1,7,2780,6469.9229874,18902.73
110780,4146,1260,2,1,1,2,3500,6237.2752558,6679.14
110781,5927,827,2,1,1,2,2400,6363.2800106,15229.2
110782,7290,295,2,2,1,2,1550,1169.5648705,10152.55
110783,5847,1054,2,1,1,1,3230,6625.8104123,9035.18
110784,3344,1879,2,1,1,2,1700,4879.7006795,19072.6
110785,7285,642,2,1,1,2,3500,6974.2196074,15757.6
110786,5889,848,2,1,1,2,3170,4657.9364151,6411.96
110787,8696,652,2,1,1,4,3050,728.84433411,28524.6
110788,4403,1127,5,-2,0,2,600,5981.3989251,3713.05
110789,4003,1192,2,2,1,2,1650,3388.9727525,1520.6
110790,7548,401,3,5,1,1,1200,715.5827568,12976.28
110791,2999,1445,4,1,1,2,710,11418.136935,7102.81
110792,288,4029,1,-2,1,1,900,12289.064056,7773.61
110793,4080,1333,2,1,1,5,2750,6856.9750717,10089.75
110794,3332,1715,2,1,1,3,1600,1408.4114139,11016.09
110795,1213,2963,1,-2,1,1,600,11253.420002,15249.82
110796,419,3830,3,5,1,2,1500,9420.6655015,21178.16
110797,6091,825,5,1,1,1,980,11359.327895,2102.5
110798,4935,1170,2,1,1,4,2800,8673.4816007,14270.39
110799,4237,1311,2,3,1,3,3050,9746.1325083,12702.31
110800,94,4917,2,-2,1,2,1350,11417.221063,13682.7
110801,4938,1265,2,7,1,3,2100,5506.1358052,10762.12
110802,1928,2856,3,1,1,5,1400,5146.0183976,11108.42
110803,5572,1129,2,1,1,4,2500,4570.5099807,9385.6
110804,5858,1276,2,1,1,3,1450,3506.1502939,11000.24
110805,875,5360,2,1,1,4,3200,3733.5867287,19077.36
110806,6291,902,4,1,0,2,830,1538.0519817,3252.64
110807,4690,1366,2,1,1,2,4150,7516.1692622,22043.63
110808,3396,1683,3,1,1,2,1200,1198.2249051,7732.07
110809,5682,806,2,3,1,3,1600,4109.6124998,7267.24
110810,5787,887,2,1,1,2,4200,7842.3488643,24677.69
110811,2634,1706,2,5,1,1,1440,5281.4339643,15589.79
110812,1447,2556,2,2,1,2,640,5449.1793039,17048.09
110813,5999,757,3,1,1,2,2260,4539.901651,6072.57
110814,5240,913,5,3,1,1,900,6666.3129989,4181.6
110815,4577,1546,2,1,1,4,1400,4749.0704896,11296.67
110816,5249,82,2,1,1,4,1490,5430.2344096,10032.85
110817,14111,0,3,5,1,2,1400,599.62720867,15679.6
110818,1428,3141,2,2,1,2,1500,8656.7318102,8735.15
110819,5889,768,2,1,1,4,2850,5691.0040501,8254.75
110820,3733,1431,2,1,1,4,1400,3689.4901379,12848.78
110821,7725,365,2,3,1,1,2600,2305.2338606,4497.2
110822,10775,1,5,5,0,4,800,1098.2247018,3196.58
110823,7233,873,5,1,1,1,720,9693.9352504,3811.61
110824,5405,1038,2,2,1,2,4200,3491.2515896,8763.65
110825,4300,279,1,5,0,1,1570,11341.17144,10630.87
110826,1708,723,5,5,1,2,1090,13557.468206,6086.8
110827,5291,948,2,1,1,4,3600,7045.5905261,20329.57
110828,5982,862,2,1,1,2,1340,13209.609334,5903.75
110829,4174,1286,4,1,1,3,800,3208.578511,8192.92
110830,6136,901,3,1,1,3,1650,6651.3884574,19940.59
110831,2870,1841,2,5,1,1,1500,6161.4712957,12015.37
110832,1243,4549,2,1,1,2,1630,4361.9828371,16573.17
110833,3184,1622,2,1,1,1,1100,4414.3252374,15781.28
110834,7101,459,2,3,1,2,1650,1034.2294246,4590.37
110835,5518,747,2,1,1,1,1250,2411.1957803,5931.62
110836,4377,1292,2,1,1,2,2210,6973.0873321,13007.3
110837,1053,982,5,1,1,1,740,21237.612035,2735.15
110838,4878,492,2,5,1,2,3390,3888.3024246,17128.6
110839,5340,939,5,1,1,2,1000,3660.6835789,7479.64
110840,5844,1044,3,5,1,1,1700,3341.4142625,11423.21
110841,2101,949,2,1,0,2,6000,8134.8439041,9302.26
110842,6043,765,2,1,1,2,1950,8154.1227216,6480.38
110843,3899,1264,2,1,1,2,1400,6008.9938078,5789.4
110844,5848,338,2,5,1,2,3400,4125.6197497,25750.23
110845,3110,1548,4,1,1,4,1200,7302.0165019,13408.21
110846,6443,732,2,2,1,2,2700,12598.152552,5925.77
110847,4408,1449,2,1,1,1,2400,8646.59869,8980.74
110848,6988,661,2,5,1,2,2200,1655.4449647,24106.81
110849,6088,751,2,1,1,2,3860,12451.94578,8443.54
110850,3233,1719,2,1,1,3,4800,3900.6430517,17123.56
110851,3839,1257,4,1,1,2,580,12037.691227,3117.44
110852,3336,1713,5,5,1,1,660,1589.2173891,2186.23
110853,5273,768,2,1,1,2,2200,3133.6360998,10640.66
110854,7206,663,5,2,1,2,580,8115.2378094,4978.1
110855,0,4947,5,-2,0,2,1030,2550.8558687,3980.36
110856,6129,778,4,1,1,1,1020,16354.683832,3289.76
110857,6069,803,2,3,1,4,1720,6967.3198627,16346.84
110858,4686,1185,1,5,1,3,1200,11537.11327,17499.3
110859,5221,929,2,3,1,2,1600,3701.8327887,6920.01
110860,4201,1187,2,1,1,1,2850,6157.4859712,32087.17
110861,6250,777,2,1,1,7,1100,13060.489345,9264.3
110862,1256,2451,2,1,1,3,2160,14188.18987,4328.71
110863,5698,1012,2,1,1,2,3400,9865.1280932,7775.44
110864,4163,1296,4,1,1,1,580,3663.9960151,4464.62
110865,3605,1466,2,5,1,2,380,5576.8820588,7894.64
110866,3049,1442,2,5,1,2,3500,7842.1852816,15074.42
110867,1776,2545,2,5,1,3,2000,5449.1793039,19318.01
110868,874,5362,2,-2,1,2,560,5668.0300199,15551.7
110869,6867,543,2,3,1,3,3200,2048.3139873,9370.95
110870,1570,2696,2,5,0,4,4000,11884.036723,20126.95
110871,2947,2225,1,5,1,2,1080,10130.119296,15666.72
110872,5065,1060,2,1,1,5,3200,2063.230688,12222.73
110873,1651,3590,2,1,1,6,2420,3966.1388584,11092.58
110874,2244,1868,2,1,1,3,380,9196.8851019,7388.9
110875,7051,319,2,1,1,3,2200,2354.0382331,1904.02
110876,761,3592,2,1,1,3,1900,5015.3619827,18103.32
110877,7053,320,4,5,0,3,900,4228.249672,8492.53
110878,3,3130,2,-2,1,2,1550,1456.7248577,11153.85
110879,5068,133,2,1,0,2,1800,6023.3291112,5351.87
110880,3754,1707,2,1,1,6,3200,3866.0614336,14690.81
110881,4929,888,2,1,1,1,1320,3764.9028653,8036.67
110882,5697,513,5,5,1,2,1200,7080.0433971,4035.9
110883,10806,1,5,5,0,2,1050,848.57038959,4455.87
110884,2160,1927,5,1,1,1,450,19099.473216,2578.46
110885,3696,1470,2,1,1,3,2800,3567.4525394,18670.42
110886,378,4207,2,5,1,4,2220,10441.998376,23432.9
110887,4206,1361,5,3,1,2,1000,12222.897111,3034.64
110888,1193,2865,2,5,1,2,1500,4640.3545005,15062.11
110889,8170,66,2,2,1,4,4240,968.33285756,14441.39
110890,4194,1336,5,1,1,1,700,12792.435116,1961.24
110891,3301,1546,2,5,1,4,1130,6925.9527471,13216.69
110892,5814,874,4,1,1,5,1200,6467.8628012,13033.37
110893,5121,1029,2,1,1,1,1680,10508.731722,10588.63
110894,4780,979,3,3,1,4,1050,5524.1202846,5773.76
110895,828,1540,5,1,1,3,680,9078.8216543,3283.96
110896,5576,797,2,1,1,4,3900,2440.7413344,9474.29
110897,2894,1577,2,5,1,1,1310,6474.023359,6923.22
110898,4494,1110,4,5,0,2,800,3423.6565215,4330.39
110899,4667,1138,1,1,1,4,1200,11713.643604,12729.04
110900,2040,2662,2,1,1,2,3600,8669.9705791,15473.51
110901,4311,1609,4,5,0,1,980,7758.4052866,11568.34
110902,5136,783,3,1,1,2,2180,1115.4483165,6124.35
110903,2707,1894,2,1,1,2,1460,7541.4990461,19585.96
110904,8277,505,4,5,1,2,680,7965.8639453,11061.54
110905,6081,199,1,7,0,3,1800,5451.0496574,5616.52
110906,816,3386,2,5,0,3,1100,14613.302038,10126.44
110907,646,5055,1,1,1,1,1260,6471.8624934,7437.38
110908,650,5033,2,-2,1,1,2220,9980.4508959,11797.87
110909,14075,1,2,3,0,3,2100,923.36431953,8907.61
110910,3116,1659,2,1,1,6,2000,4430.7599963,22661.42
110911,4280,256,5,5,0,2,900,7609.3979016,15163.84
110912,8679,660,2,1,1,4,1450,847.51933932,7130.97
110913,1973,2651,2,5,1,5,3200,6873.5729785,29558.93
110914,8407,603,2,5,1,2,3260,847.99347215,27644.14
110915,5488,1001,2,1,1,2,3150,5056.9838799,9680.93
110916,2006,1153,2,1,1,2,1040,12921.347319,6880.82
110917,2687,1634,2,1,1,4,2800,9953.4573639,14724.35
110918,5647,788,3,1,1,4,1410,3214.6691161,5383.76
110919,4276,1351,2,1,1,4,2380,7298.5566731,3767.09
110920,2405,1943,2,1,1,4,2030,8882.3367368,10366.22
110921,4575,1009,2,1,1,2,3400,2692.2638519,17165.68
110922,4090,1307,2,5,1,2,4320,6610.3240114,6942.34
110923,5539,1215,2,1,1,3,3130,7614.578784,17757.75
110924,6612,773,2,1,1,2,2400,1736.6662861,8804.19
110925,8768,310,5,5,1,2,1800,12458.069483,7863.57
110926,1779,2997,3,1,1,4,1380,4901.6510764,5998.59
110927,4202,1359,5,5,1,1,850,12526.261694,7245.4
110928,4207,1365,5,1,0,1,450,12699.965716,857.86
110929,4076,1140,2,5,1,2,1680,4359.4393961,16214.03
110930,3115,2221,2,1,1,3,1850,5425.7562969,15048.53
110931,803,3767,5,5,1,2,1080,12429.429617,7212.61
110932,4541,1328,2,1,1,1,4200,6129.2246264,6402.01
110933,4734,1095,5,1,1,2,1080,7391.5422689,5844.53
110934,4109,1162,4,5,1,1,1150,4238.9484247,11520.33
110935,7838,611,2,1,1,2,800,2799.035112,3479.42
110936,1789,4207,2,1,1,4,1040,6448.9385084,14330.16
110937,4476,1221,4,1,1,2,860,13134.740342,2729.67
110938,5110,962,3,1,1,3,1380,1577.2757189,8707.86
110939,5653,1071,2,5,0,5,1520,4403.744901,14308.6
110940,2018,2564,2,5,1,5,2650,8764.5212795,29162.46
110941,5558,938,5,5,1,1,300,11442.212442,3199.61
110942,1317,700,5,5,1,2,780,11059.68162,4040.53
110943,1349,3052,1,5,1,2,1570,11410.0315,5677.07
110944,10436,0,2,1,0,4,3600,678.11295537,9310.57
110945,8683,657,2,1,1,2,2130,967.54078842,17409.86
110946,7031,1043,2,1,1,5,2400,1752.344185,11301.75
110947,875,5357,2,1,1,4,1500,4427.4773082,12841.15
110948,1134,1616,2,1,1,2,2100,9580.9801027,9368.61
110949,91,5014,5,-2,1,1,950,17313.743104,6350.87
110950,4550,610,2,1,1,2,2050,4526.5311508,8452.65
110951,1540,1823,2,1,0,4,4360,9637.9511346,8405.18
110952,2219,2434,5,5,1,1,720,11707.887423,4600.08
110953,325,4347,2,-2,1,3,2300,13151.586041,17170.04
110954,5483,843,2,3,1,2,7200,5802.4748707,8145.32
110955,5551,1210,5,1,1,1,800,11188.098814,2422.69
110956,2648,1738,3,1,1,4,1800,6221.1984665,8457.15
110957,8705,649,2,1,1,5,4400,727.5470692,9644.6
110958,5065,114,2,5,0,1,1200,5611.7910065,16007.91
110959,3244,1504,2,5,1,2,1990,4643.1110016,10800.7
110960,4135,446,2,5,1,2,1140,5608.7977096,16109.79
110961,5508,1228,4,1,1,4,1730,14091.161458,7094.01
110962,938,3532,2,1,1,2,2590,9680.9659589,14501.86
110963,5349,819,2,1,0,2,1240,5208.0458522,3714.4
110964,1899,2826,5,5,1,4,940,15610.041316,13811.08
110965,5299,920,2,1,1,3,1700,7506.3328545,4811.0
110966,3798,1547,2,1,1,4,1170,5026.4998341,24697.27
110967,1653,2635,3,5,1,1,1100,6539.0994637,12127.74
110968,5970,864,2,1,1,1,1650,7680.9310388,3653.91
110969,2635,1784,5,5,1,1,850,9365.868152,5971.99
110970,1084,911,2,1,0,2,600,12146.283115,4675.53
110971,5948,1199,2,1,0,4,1700,5330.0651337,9479.25
110972,1432,580,2,1,0,2,1600,15613.771459,3155.04
110973,5615,768,3,5,1,2,1750,6704.998818,26040.32
110974,4228,1118,2,5,1,2,1350,3535.7258165,8238.62
110975,4480,1189,2,5,1,3,2070,14130.805152,19315.26
110976,4566,350,2,7,1,2,2020,4881.5473533,13142.74
110977,5856,1110,2,1,1,2,1840,4462.0097712,14863.4
110978,2945,2148,1,5,1,5,1200,8892.3521826,15471.89
110979,2274,1219,2,5,0,2,1500,8755.178104,10440.44
110980,5960,797,1,1,1,3,960,7280.0506243,6461.43
110981,4688,1106,4,1,1,4,1200,5905.3275836,3190.11
110982,1856,2829,2,1,1,1,2090,11675.967518,10279.54
110983,5534,979,2,2,0,1,830,14498.274805,3719.76
110984,6897,617,1,2,1,6,2000,1050.1298508,22202.0
110985,4903,1031,3,1,1,3,1600,7831.0268959,7407.4
110986,3796,1151,2,5,0,2,3000,3587.3245144,29286.74
110987,7255,589,5,2,1,1,1000,1290.6471426,4711.21
110988,1105,3564,2,5,1,2,2750,7750.6055569,12156.92
110989,4292,1619,2,1,1,1,1250,5880.0780228,7029.83
110990,6250,643,2,1,1,2,2500,10860.694906,8595.98
110991,1791,4202,2,1,1,2,1870,4311.8236875,20115.19
110992,5253,861,5,1,0,1,3060,8200.5530849,1731.28
110993,5676,1104,2,5,1,2,2000,7167.5200324,10419.09
110994,1048,1002,3,1,0,1,300,9367.8334346,2309.95
110995,5237,911,5,5,1,2,600,9110.2631685,6091.63
110996,5579,872,2,1,1,1,3290,5716.4546484,5977.59
110997,683,3712,2,5,1,2,2350,10746.139466,14953.94
110998,3552,1539,2,1,0,2,830,13631.218393,6026.48
110999,1570,3055,2,1,1,1,1770,9239.8609839,9785.53
111000,5524,1206,5,1,1,1,1200,12983.402049,3350.07
111001,5781,848,3,1,1,1,1390,3763.0483314,3791.96
111002,4203,1356,3,1,1,3,5000,9831.6509892,10242.28
111003,4191,1348,5,1,1,2,1100,11233.855039,1696.91
111004,7331,794,2,1,1,2,1900,5665.6938817,5659.22
111005,1102,3281,2,1,1,2,2200,7461.638448,11402.5
111006,4774,1304,2,1,1,4,2800,4329.6958273,18040.44
111007,2938,1979,2,1,1,7,1670,5685.5600275,27472.8
111008,5561,24,2,5,0,2,2590,5847.0161967,15700.1
111009,3778,1454,5,5,1,1,980,1957.810557,3916.75
111010,100,4878,2,5,1,4,2200,17151.963881,24246.68
111011,6595,545,3,1,1,5,1800,2105.1011835,6410.05
111012,1603,2525,1,2,1,2,630,12053.895087,17016.78
111013,7831,365,2,7,1,2,430,714.79142674,3013.35
111014,6554,444,2,5,1,3,1920,4421.8012959,48577.21
111015,6764,671,5,1,1,1,840,8763.753114,2790.79
111016,3249,1706,5,5,1,2,1100,7112.5660204,8852.22
111017,7409,663,1,1,1,1,840,6833.8504948,3547.66
111018,4321,239,2,1,1,5,3400,6810.6598556,11702.57
111019,4978,1124,2,1,1,6,1150,8534.9378545,14864.11
111020,4684,1173,2,5,1,2,5000,10706.877238,35988.62
111021,7371,621,2,1,1,2,3200,7868.8103319,10400.52
111022,7086,1032,2,1,1,2,4000,1418.7586087,6354.64
111023,4167,1518,4,5,1,2,1250,6161.3512676,7871.65
111024,5204,1438,2,1,1,2,7630,6525.2080017,21391.3
111025,4729,290,2,5,1,2,1030,5149.8597641,14309.84
111026,4286,1061,2,5,1,1,2120,6068.9210167,4440.15
111027,3684,1260,2,5,1,6,1800,5798.2442997,20468.1
111028,5537,1008,2,1,1,6,1920,24244.274798,8228.94
111029,5548,1053,3,1,1,7,1400,3496.2156897,8764.58
111030,4299,266,2,5,0,5,2500,5590.1702098,24238.27
111031,4814,1283,3,1,1,3,1000,6138.780407,6722.58
111032,5775,1008,2,2,1,2,2020,7131.5000654,12159.64
111033,2164,1973,2,5,1,1,2300,6574.9534656,7784.22
111034,5417,1325,2,1,1,2,2400,4397.6984489,6511.5
111035,3331,1715,3,1,1,4,1350,755.34987101,13798.72
111036,1058,2814,2,5,1,7,6000,9689.1993299,20568.32
111037,4185,1267,5,1,1,1,1180,6702.3537185,7184.25
111038,3724,1595,2,2,1,1,2290,4098.5610256,4906.06
111039,2749,2040,2,1,0,5,2540,6052.510417,19383.15
111040,6542,709,2,5,1,2,2600,6894.61816,5572.41
111041,2759,1689,2,5,1,1,1450,4862.8081801,10438.09
111042,1579,2242,2,5,1,4,1700,5484.181563,29429.74
111043,7357,594,2,2,1,4,2500,1705.8799098,10046.7
111044,1764,4253,3,5,1,1,720,3278.6007785,4608.4
111045,851,3310,1,5,1,1,1200,7737.9076871,9655.43
111046,2079,922,5,5,0,3,350,14932.187192,4500.12
111047,6245,857,2,1,1,2,3130,7471.4417446,17240.2
111048,5781,897,2,1,1,2,1300,7609.7257526,11855.62
111049,4226,425,2,1,1,2,1730,4911.1758754,17283.29
111050,6425,728,2,1,1,3,4000,8272.0910802,10768.78
111051,3417,1551,2,1,1,3,1530,4979.0070189,11403.96
111052,5616,790,3,1,0,1,1190,4484.8892258,2042.96
111053,7014,664,2,5,1,4,2850,6452.6519627,17303.95
111054,4355,232,5,1,0,2,1000,7658.9640264,6362.16
111055,1902,2598,4,1,0,1,500,11466.587042,2409.56
111056,2637,1777,2,5,1,1,1400,8677.9786304,19839.09
111057,3242,1911,4,5,1,1,880,7557.7206078,8414.95
111058,6355,842,5,5,1,2,1350,9232.0381053,3279.51
111059,5507,1229,5,1,1,2,1000,14577.787117,5041.59
111060,4343,229,5,5,0,1,680,7002.0824962,2970.58
111061,1182,4667,1,5,1,1,650,6742.6942466,9179.79
111062,6827,127,2,1,1,3,1600,4667.2351635,6908.4
111063,5308,1220,2,5,1,1,1440,4795.5711979,12733.67
111064,1791,4202,5,5,1,7,830,8806.8375438,16201.55
111065,8859,13,2,2,1,2,2000,9142.6857217,9507.91
111066,0,5068,5,-2,0,1,660,2435.1278533,4258.8
111067,1233,2988,1,5,1,2,2100,5976.6655411,14365.74
111068,7849,640,3,1,1,3,2930,4434.7620709,12102.5
111069,1267,4502,2,1,1,2,1330,5259.718938,10776.29
111070,2858,2034,2,1,1,2,7580,5475.587476,26607.65
111071,4421,1454,2,1,1,2,2200,9680.3246902,13052.21
111072,3415,1671,3,5,1,1,1100,912.42753191,6405.66
111073,0,4897,5,5,1,1,550,2375.3693966,4954.91
111074,3715,1339,2,1,1,2,1410,4081.2793363,7099.18
111075,5199,906,2,3,1,2,2470,2097.7109371,7906.42
111076,5225,1523,2,1,1,5,1800,6644.914186,15913.54
111077,5618,945,5,1,1,1,800,8027.1061353,3036.85
111078,2890,1992,1,5,1,6,1000,5508.0907327,11056.7
111079,4533,1147,3,1,1,2,1000,2140.4860094,9170.56
111080,2887,1631,2,1,1,2,2350,3904.3818159,17515.46
111081,1215,2372,1,1,1,4,1400,13872.850132,8487.56
111082,3347,1720,2,1,1,2,1860,3638.6483788,8991.64
111083,571,3958,5,5,1,2,720,17529.639399,12891.98
111084,821,3672,2,1,1,2,1600,11035.077301,12848.86
111085,1342,2629,2,1,1,3,1300,4488.1158815,11070.86
111086,3385,1687,5,5,1,3,950,1648.1657216,5091.24
111087,5541,1191,5,1,1,1,500,11891.757611,2281.68
111088,3012,1783,2,1,1,1,1940,4654.405485,5288.25
111089,5861,706,2,2,1,1,4100,3584.6957806,6337.19
111090,1880,2185,2,5,1,2,1200,7766.2927737,14492.85
111091,874,5362,2,1,1,2,4200,4438.3216963,11561.8
111092,2176,2709,2,1,1,3,8400,12575.677111,29433.87
111093,4,2807,2,-2,0,1,500,1563.0644295,3798.97
111094,7277,664,1,1,0,1,1340,980.43806114,8080.08
111095,3598,1560,5,1,1,1,600,2122.5848102,4015.09
111096,7040,651,2,2,1,2,3000,7771.25204,7517.24
111097,3413,1672,5,1,1,1,630,1431.8306549,3180.41
111098,4093,1322,2,1,1,2,1530,6217.158092,15976.12
111099,4184,1441,2,1,1,2,2800,5277.57903,19074.75
111100,2645,1813,2,1,1,1,900,7625.0368338,6135.14
111101,1196,3240,2,1,1,2,4500,7591.7770822,41117.15
111102,4862,1061,2,1,1,4,1050,5819.8628369,9571.97
111103,9414,517,2,1,1,3,5400,842.87964689,12092.43
111104,3993,1093,3,5,1,3,1400,1813.0890013,23373.77
111105,6202,1014,2,1,1,1,850,5491.7760793,15023.71
111106,2478,1856,2,5,1,3,3630,5498.5976264,28496.64
111107,5631,914,2,1,1,2,1700,9978.7507735,9631.56
111108,3748,1698,1,5,1,1,910,4039.0449602,12765.22
111109,6673,826,2,3,1,2,1700,841.62999398,12400.43
111110,5076,1047,2,5,1,1,1430,4004.5358464,12854.23
111111,2260,2266,2,1,1,1,1180,12803.933584,8839.28
111112,4196,1364,5,1,1,1,580,10548.796418,904.18
111113,927,5228,5,5,1,1,700,7072.4341961,8481.68
111114,975,3095,2,5,1,3,1200,14820.696683,3358.51
111115,6595,1047,5,1,1,3,1100,3436.0276742,5580.22
111116,5643,786,4,1,0,1,900,8516.3354877,2294.09
111117,6702,795,2,1,1,2,2800,633.74933946,6569.02
111118,4411,1411,5,5,1,1,760,9764.974609,8041.9
111119,1270,2033,2,1,1,3,3100,8686.7304463,18638.45
111120,5979,945,2,1,1,2,3100,6782.6558515,5594.9
111121,7109,672,2,1,1,5,5000,4809.869121,11559.3
111122,6233,767,4,1,1,3,790,8030.725192,2759.13
111123,3825,1684,2,1,1,2,2500,4717.3458264,16249.71
111124,5219,855,4,1,1,6,1300,7525.7208658,10247.2
111125,4972,946,5,5,1,1,760,5790.1003251,2839.1
111126,1261,2637,5,1,1,1,1100,5873.0848371,5860.9
111127,3414,1471,2,1,1,4,3200,5538.7203727,4480.04
111128,3866,1215,2,2,1,3,1610,8063.1034443,21101.35
111129,3410,1616,2,1,1,2,3500,5004.8767412,9859.23
111130,4767,1304,2,1,1,1,2600,4243.2168554,4119.34
111131,3331,1589,2,5,0,2,1800,4210.9914878,21415.3
111132,3814,1533,3,5,1,2,3000,3716.2766385,14749.69
111133,1789,4206,3,5,1,2,1100,2380.4402637,6615.52
111134,830,1559,2,1,1,2,2800,7305.8312893,9805.74
111135,5688,916,2,3,1,3,1680,1483.8028235,10080.8
111136,7472,419,2,3,1,1,1310,2652.1821249,11189.66
111137,5235,921,2,1,1,3,1410,1625.2577902,8770.71
111138,2227,2483,2,5,1,4,4070,6460.1969104,12894.74
111139,2582,1220,2,1,1,3,1750,10142.090504,9691.12
111140,4419,1237,2,1,1,1,5480,4471.8935493,9365.01
111141,4101,1250,2,1,1,2,1950,6964.2805304,15169.43
111142,6289,755,4,1,1,1,760,11565.253866,1774.73
111143,2652,2019,2,5,0,2,540,6161.4712957,16581.17
111144,3397,1243,2,5,1,1,4200,4581.1954554,16617.86
111145,376,4239,2,5,1,2,3890,10490.47183,19798.01
111146,4122,1273,2,1,1,3,3500,7197.7312636,9017.11
111147,1260,3408,5,5,1,1,750,14323.652209,3111.67
111148,5075,963,2,1,1,1,1680,7795.8754964,6506.03
111149,5721,927,2,3,1,2,2440,3970.5660809,8334.77
111150,874,5362,2,1,1,5,3250,5879.4429764,25315.81
111151,2483,801,2,5,1,1,2400,10687.644435,3773.87
111152,8271,518,2,1,1,2,2700,5498.5204891,6589.9
111153,5984,752,2,1,1,3,1510,8419.3813828,6518.51
111154,402,4160,2,5,1,1,2200,12346.205491,24223.88
111155,3134,2166,5,1,1,1,1100,8815.2681354,8577.07
111156,5624,1170,2,1,1,2,2400,8164.3493237,12483.35
111157,3942,1370,2,1,1,4,2180,4845.2580696,19223.94
111158,3293,1467,2,1,1,4,2000,5710.988226,17529.53
111159,4327,1295,3,1,1,4,1260,5358.8031399,4300.52
111160,4438,334,1,5,1,2,1600,4918.5410914,11821.65
111161,4506,989,2,7,1,4,2800,4625.6101792,11382.03
111162,4774,1340,3,5,1,1,2130,3189.0503851,15893.69
111163,2240,2112,2,5,1,2,1580,8154.4804006,12958.48
111164,5807,642,5,1,1,1,800,17985.265353,1955.93
111165,7084,77,2,1,1,2,1900,4522.4848161,14754.62
111166,5773,1070,2,2,1,3,1650,11789.065473,8351.6
111167,3886,1649,2,1,1,2,2350,3869.6816706,17100.72
111168,3141,2147,2,1,1,2,2400,5106.4743644,8003.0
111169,1128,1456,2,1,1,1,2300,10303.076024,7816.83
111170,2092,2179,2,1,0,1,1190,4956.1359524,3913.01
111171,5762,783,2,3,0,1,1650,6738.5026337,2358.46
111172,2862,1608,4,5,1,2,810,9436.4195001,8274.12
111173,3833,1520,2,1,1,2,3600,4100.317748,10814.34
111174,4616,1326,2,1,1,1,2420,9397.0188279,6416.54
111175,14568,0,2,2,0,3,1900,633.14943095,4455.16
111176,4433,1237,2,1,1,3,1430,6481.3224318,6294.1
111177,906,3625,5,5,1,2,1100,15960.90122,4178.29
111178,9416,517,5,5,1,1,540,1433.3882212,6848.62
111179,1852,2583,2,1,1,2,1800,7013.5471015,11455.04
111180,7318,520,1,2,1,6,830,8834.0537628,13718.08
111181,3909,1375,3,5,1,2,2440,950.39215365,8095.63
111182,6261,714,2,3,0,2,1750,2984.8451345,6667.96
111183,10083,6,2,1,0,6,2990,705.93223725,9437.72
111184,7033,665,5,1,1,2,1200,7495.3253715,3915.3
111185,963,2125,2,5,1,5,3150,15690.412781,8533.51
111186,6663,829,2,1,1,5,3600,913.33535275,7225.98
111187,2441,1789,2,1,1,4,2290,7495.6281983,10885.35
111188,4474,1127,2,2,1,1,1870,5949.2639165,17611.9
111189,4014,992,2,1,1,1,2250,5285.7607273,9488.35
111190,4549,1357,2,1,1,2,1470,7287.4354177,9326.65
111191,4947,1034,5,1,1,1,970,6467.1013106,2517.17
111192,2077,2043,2,1,1,2,1650,8729.7840341,6512.89
111193,2811,2004,2,5,1,5,470,4891.6716669,9821.69
111194,5542,875,2,1,1,4,1700,4124.7057726,13178.4
111195,6857,534,2,1,1,1,1900,883.57046025,7672.0
111196,8059,306,2,3,0,1,900,886.52250724,6232.83
111197,4304,348,2,1,1,4,2500,4945.9273204,12458.38
111198,6035,925,2,1,1,1,1050,4602.9793664,3920.24
111199,6686,585,2,2,1,2,2000,2419.5150684,8423.12
111200,4687,1205,2,1,1,1,2300,8748.6230609,18171.21
111201,4632,1074,2,1,1,2,1850,8224.3674493,7669.81
111202,6343,649,2,3,1,2,1620,3613.8955839,5048.65
111203,4578,1171,2,1,1,2,1870,4451.0973005,7852.69
111204,2141,2151,2,5,1,5,2150,7391.9275949,13861.86
111205,7344,901,4,5,0,3,1000,2933.6692048,5938.92
111206,7270,793,4,1,1,1,1100,13386.768258,3473.52
111207,10468,7,2,1,0,4,3200,826.24273091,10656.05
111208,1071,1156,2,1,1,1,3500,13115.035259,11203.24
111209,1249,2644,4,5,1,1,380,4577.8667995,3981.89
111210,6808,441,2,1,0,1,2500,5412.006972,694.24
111211,1111,4798,2,1,1,1,2060,3988.6639089,9756.93
111212,4650,218,5,5,0,1,630,6722.1573915,1234.93
111213,5065,1061,2,1,1,4,2990,2049.5680555,15358.27
111214,8398,483,2,1,1,1,2000,7053.8323837,7969.99
111215,4243,1272,3,5,1,7,2040,9658.1633235,5720.88
111216,8681,379,2,2,0,1,2200,6874.4051766,2913.29
111217,2619,1936,2,5,1,4,600,9635.0777225,20007.62
111218,5010,1057,5,1,1,1,970,13697.695276,4929.24
111219,703,3632,2,5,1,1,1380,9882.7835852,13451.16
111220,7353,707,2,2,1,3,2750,1068.9902377,6978.15
111221,5065,1060,2,5,1,2,1600,2251.0562423,17834.35
111222,4983,1017,2,1,1,2,1800,7476.3979458,9855.41
111223,2395,1798,2,1,1,2,1400,8765.079468,13414.88
111224,3849,1204,2,5,1,4,3000,7525.7363221,16784.77
111225,5980,963,2,1,1,2,1410,3775.487945,7218.18
111226,7111,765,2,5,1,2,1740,6264.525769,15151.97
111227,5511,1224,5,1,1,1,760,8815.2296412,1537.66
111228,4324,1600,5,5,0,3,750,10462.374712,10267.88
111229,6007,777,5,5,1,3,990,10828.311578,6615.77
111230,7176,857,2,1,1,1,5400,5569.3557898,5336.49
111231,4456,327,2,1,1,2,2000,4401.743686,9265.58
111232,3932,1480,2,1,1,2,3790,9886.7638296,14588.65
111233,2663,1793,2,5,1,2,2580,7561.2743033,14286.92
111234,3336,1712,5,5,0,1,690,1718.3891601,4181.76
111235,3595,1432,2,1,1,4,3500,3329.030057,15260.32
111236,2286,2036,5,5,1,1,1150,11744.499564,6760.87
111237,5896,845,2,1,1,2,3790,5367.6755253,8672.8
111238,3438,1594,2,5,1,4,1600,4474.6873574,12874.58
111239,4183,1355,5,1,0,5,900,11201.119749,1989.09
111240,5670,1029,3,1,1,2,1900,3853.9934567,5526.8
111241,2101,1990,2,1,1,2,970,12389.786143,5505.57
111242,2036,3255,2,-2,1,6,1950,11139.812192,15180.09
111243,5706,899,2,1,1,4,1800,6462.941091,14264.86
111244,6409,826,2,1,1,2,3780,6318.5772455,8707.83
111245,3865,1084,2,5,1,2,900,4903.1409081,12288.99
111246,2924,1989,2,1,1,3,4800,5660.7965529,27364.21
111247,3511,1526,2,5,1,2,3000,3807.3096322,33586.76
111248,1404,1961,2,1,1,3,3320,12543.343012,4331.09
111249,8209,560,2,1,1,2,2700,915.06879552,19593.49
111250,9419,517,3,5,1,4,2250,712.45637379,13753.18
111251,6746,780,2,1,1,2,2750,913.604989,9272.81
111252,4743,1317,2,1,1,5,1500,6239.1367481,10835.36
111253,4904,1039,2,1,1,2,1480,9145.6052813,11094.02
111254,656,3659,2,5,1,2,1250,15246.997639,13265.51
111255,4168,1287,3,1,1,1,1940,2602.9876437,5613.57
111256,4782,1242,2,7,1,2,2520,9491.2337651,7190.77
111257,790,3756,2,1,1,3,2600,8163.485363,26006.76
111258,5862,1004,2,1,1,3,1070,7036.9163955,16247.3
111259,5978,949,2,1,1,2,3130,5641.0710099,7595.67
111260,5271,1048,2,2,1,2,2880,8825.8578131,19216.57
111261,3746,1595,2,1,1,2,2400,6270.8174753,6415.02
111262,3363,1516,2,5,1,2,1900,9638.5032051,11144.67
111263,2000,572,2,1,0,4,1250,11159.035209,5156.46
111264,3975,1447,2,1,1,2,2000,5863.1566809,9732.86
111265,3439,1402,2,5,1,2,2200,5616.8696474,13298.85
111266,4936,1270,2,1,1,5,2020,4804.0494804,13019.12
111267,897,3573,5,5,0,4,500,17417.52419,4903.05
111268,1831,2855,2,5,1,4,3600,7173.7254575,20214.35
111269,933,1160,2,5,0,1,1590,8984.2710102,6864.86
111270,6995,928,2,5,1,2,2120,2050.0086969,14812.79
111271,7132,313,2,1,1,6,3400,2007.7922276,6718.65
111272,3459,1647,5,5,0,1,1200,9857.4038315,6327.43
111273,1230,4559,2,1,1,1,1920,4209.0244353,11283.13
111274,6389,981,2,1,1,3,2250,4584.3563179,20326.36
111275,7679,362,2,1,0,4,2110,2633.9643628,19599.52
111276,1530,2641,2,5,1,2,1900,8362.6307371,17042.1
111277,6357,706,2,3,1,3,3130,7292.7339697,9908.89
111278,3587,1516,2,5,1,6,1900,2579.5937659,17385.55
111279,3806,1537,3,1,1,2,2800,6271.2261156,12634.37
111280,874,5362,2,5,1,4,840,8341.0707018,13472.88
111281,14093,0,2,5,0,4,1200,817.67349656,6740.06
111282,4520,320,2,1,1,1,5100,4733.0100217,3296.62
111283,100,4874,3,-2,1,3,1070,8152.0341883,9438.25
111284,7197,561,2,2,0,2,1150,969.49275376,5731.67
111285,3179,1481,3,5,1,2,1460,5125.6695566,11499.59
111286,1948,2671,2,1,1,2,2000,8389.3868955,8558.76
111287,2433,1976,5,1,1,4,720,16664.090023,4587.87
111288,5459,856,2,1,1,2,2500,4516.9308133,9209.48
111289,6203,804,3,1,1,2,1000,4818.4477894,5129.9
111290,4542,1038,2,3,1,2,1200,5366.2771716,28866.56
111291,4181,1273,2,1,1,2,4100,2156.1493065,7806.9
111292,4609,1137,2,1,1,3,2600,5882.6883136,5512.77
111293,5827,805,2,1,1,3,3100,3308.7865944,10827.98
111294,2552,1872,2,1,1,2,3080,8476.3847622,22295.61
111295,4057,1345,2,1,1,1,2020,3494.8750186,8656.09
111296,8160,686,2,1,1,2,2400,1717.0102949,10768.48
111297,5442,1012,2,1,1,2,2250,3615.2496148,6724.06
111298,4240,1154,5,5,0,1,860,1536.6284634,4759.16
111299,1497,2720,2,1,1,1,1450,7649.5316667,4908.22
111300,3611,1483,2,1,1,3,4000,3505.4044342,37625.79
111301,8780,79,2,1,1,3,2200,2273.1473049,5087.03
111302,5678,903,2,3,1,1,2610,1483.8028235,5679.78
111303,3654,1279,2,1,1,2,2490,3781.0748595,12097.0
111304,1371,3228,2,1,1,2,2010,12364.467172,10536.43
111305,4415,1509,2,1,1,2,2340,7096.0062993,6491.14
111306,1725,2459,3,1,1,1,1100,2120.3505992,6818.12
111307,780,3746,2,1,1,5,2800,9865.5475886,19149.3
111308,4362,1159,2,1,1,2,1500,5656.9335877,11017.9
111309,4746,1082,2,3,1,4,1550,6167.9999043,29769.18
111310,3712,1527,2,5,1,1,900,5767.1973158,6223.95
111311,3548,1638,2,1,0,2,1000,4707.3737428,3009.07
111312,2205,1902,4,1,1,1,550,8945.4072215,4795.79
111313,4999,917,2,1,1,2,2230,4792.8393913,5623.84
111314,2204,2453,5,5,1,2,910,11130.624928,8227.86
111315,5907,889,2,1,1,1,2250,6440.2988756,6249.68
111316,4909,38,2,1,0,1,1950,5730.3869618,3144.33
111317,4972,1293,2,2,1,2,5200,5353.0563149,17398.24
111318,5295,900,2,1,1,2,1280,4254.3770221,5079.79
111319,5875,711,2,3,0,2,2000,4263.5474074,4877.65
111320,9413,518,2,1,1,3,2550,904.33719702,12076.04
111321,1536,2607,2,5,1,4,1450,10237.172551,17895.32
111322,2874,1469,2,5,1,7,630,6736.7346774,31212.6
111323,8705,648,2,1,1,4,910,849.81443206,8441.87
111324,7447,850,2,1,1,2,2100,1694.6222591,9397.06
111325,6113,922,2,1,1,4,6880,4923.3370571,25513.65
111326,2753,1701,2,1,1,3,2400,7311.5496089,13935.47
111327,5260,928,2,1,1,2,2420,3991.8056615,4729.5
111328,3819,1696,5,1,1,2,1100,6181.0939432,9991.67
111329,2094,3702,2,1,1,4,3400,3387.1234079,26313.89
111330,343,4340,5,5,1,5,1420,15155.186358,18442.5
111331,6070,766,5,5,1,3,950,7686.3503172,6798.81
111332,3715,1559,3,5,1,1,1030,4684.0675727,6909.73
111333,5202,1062,2,1,1,6,1800,7250.260381,12462.56
111334,3151,1831,2,1,1,2,3000,4593.1040467,14078.45
111335,5991,956,2,1,1,1,1980,12343.491926,1347.92
111336,2,2954,2,-2,1,4,1960,1435.7689338,13529.37
111337,3954,1378,2,5,1,2,2500,5849.9507552,16832.85
111338,3239,1970,1,2,1,4,1600,6757.8171547,19382.01
111339,2026,2566,2,2,1,3,3600,8284.0208963,26520.48
111340,5349,919,2,1,1,3,2400,4892.8651905,9653.4
111341,4231,1497,2,1,1,1,1700,3925.9740409,10101.02
111342,2054,3226,2,1,1,2,830,12509.263192,6993.53
111343,1221,2693,2,1,1,1,2900,6110.9614985,20038.55
111344,1716,2455,2,5,0,6,1100,5793.0590433,30354.23
111345,4998,967,2,5,0,2,1550,10370.739432,5693.01
111346,886,5329,2,5,1,2,2300,5918.2471101,19768.54
111347,876,3607,4,-2,1,2,2000,12428.786337,7787.17
111348,5723,956,2,1,1,3,3070,9664.5615875,7434.13
111349,4292,1499,2,1,1,4,1060,6493.0601141,17539.42
111350,4676,1137,3,1,1,3,2500,10483.921114,6162.43
111351,4430,217,2,1,0,1,3000,7142.1738968,7356.2
111352,879,5347,2,-2,1,4,1400,5242.1555761,4422.25
111353,1867,2571,2,1,1,2,800,9959.8426253,5443.49
111354,986,1386,2,1,1,2,1640,9822.6427867,4363.95
111355,6031,959,2,1,1,3,2500,6760.8967509,4574.89
111356,2306,287,2,-2,0,1,1150,10077.739563,1201.03
111357,4963,1143,3,1,1,2,2260,9104.5735234,12947.8
111358,5666,861,3,5,1,1,1640,4615.8055772,5794.51
111359,1155,2749,2,5,1,6,1960,4589.3040707,20158.9
111360,873,1603,1,-2,0,7,980,14519.604264,3054.44
111361,1201,3384,2,1,1,5,3000,9601.6189111,10326.89
111362,5810,20,2,2,1,4,2900,5989.5741444,11983.44
111363,1194,3376,4,5,1,3,570,11111.277077,11986.87
111364,6125,877,2,1,1,4,3150,6232.8696394,10182.8
111365,1930,2676,2,1,1,4,1780,10228.557712,8912.74
111366,4332,1569,2,1,0,4,450,9520.5173867,11914.6
111367,4395,1256,3,1,1,2,1030,4804.1011062,2791.82
111368,5516,1210,5,5,1,2,600,13402.588593,19330.71
111369,1256,4525,1,1,1,2,1100,7002.7517941,13518.66
111370,5029,1011,2,1,1,2,4410,5599.0567927,9561.98
111371,5109,1282,2,7,1,2,1050,6093.8885093,20282.28
111372,6339,648,3,2,0,2,1000,1209.7803087,2725.45
111373,488,3609,2,5,1,5,3200,9521.596583,31747.15
111374,5531,1047,2,1,1,1,3200,12988.175567,6292.73
111375,1970,2702,2,1,1,2,1250,7910.2811403,13486.67
111376,4502,1052,2,5,1,4,2000,3388.9727525,15582.94
111377,6041,839,5,1,1,4,860,5649.7175925,5892.19
111378,5218,1082,2,1,1,4,900,10059.662791,8564.24
111379,4253,1360,3,1,0,3,1060,10246.970743,2467.49
111380,1248,2646,2,1,1,2,2200,4383.7513032,9673.83
111381,1089,3020,1,5,1,2,410,12761.986103,19182.68
111382,5431,953,2,3,1,6,2640,1807.220292,7552.02
111383,6788,345,2,1,0,1,3480,7647.0577403,4789.34
111384,3811,1334,2,5,1,2,2900,6745.3304578,23607.89
111385,2077,494,2,1,0,2,2400,8808.0537153,5241.41
111386,1221,2505,2,-2,0,7,1690,8522.7500549,12471.12
111387,1579,2248,1,5,1,2,2460,6726.8759332,16767.24
111388,2667,1648,2,1,1,5,3500,9275.9379795,40249.95
111389,345,4209,2,-2,1,4,2540,12621.160675,30383.71
111390,1764,4254,3,1,0,1,1470,1820.3622187,5303.33
111391,4294,264,2,1,0,4,2440,6966.7015814,11212.79
111392,4183,1197,5,5,1,2,700,1443.3872537,6431.19
111393,2213,2125,2,5,1,2,3400,8783.0448504,26151.62
111394,160,4572,2,-2,1,5,2610,9267.404747,17336.45
111395,6786,773,2,2,1,2,1650,864.59043277,9842.24
111396,7285,478,2,2,1,2,3100,2343.6261365,18755.52
111397,3361,1700,5,5,1,2,1100,1536.1906099,6728.14
111398,1540,2509,2,1,1,1,980,5607.5275439,4590.99
111399,2043,2655,2,1,1,2,2400,8583.3219633,11434.1
111400,3000,1518,2,5,1,2,3400,6390.7290083,13634.06
111401,5692,889,2,1,1,2,900,7924.6840102,4947.95
111402,6391,623,2,3,1,4,2250,1950.8988376,8815.76
111403,6413,793,2,1,1,2,1000,2337.4519026,7774.22
111404,523,3836,2,5,1,3,3490,13832.103429,32800.91
111405,2566,1707,2,5,1,4,2270,6684.470437,11657.87
111406,7172,597,2,3,1,4,1930,886.52250724,9529.08
111407,2303,2065,2,1,0,4,3600,5475.587476,37103.05
111408,8561,515,2,5,1,2,3010,3005.3592577,23972.52
111409,6951,550,4,3,0,1,800,1382.9453201,1301.97
111410,1130,1490,3,-2,0,1,1090,8516.6475852,2138.42
111411,7109,411,4,1,0,1,1100,4549.6615618,2359.35
111412,1155,2967,5,5,1,2,730,12359.436892,4397.28
111413,6262,615,2,2,1,3,1600,2050.3955042,10770.2
111414,2178,2708,2,1,1,1,1150,12689.702772,5347.69
111415,6674,887,3,1,1,1,1860,2648.1248536,2031.97
111416,2180,1945,2,5,1,2,2100,9540.9401769,21921.3
111417,3825,1320,2,5,1,2,1400,3940.70735,18725.35
111418,5622,753,2,1,0,1,1800,6920.496663,4920.48
111419,3309,1864,2,1,1,2,3180,4928.9206453,27356.09
111420,4989,1111,5,5,1,2,800,8798.3760279,6121.8
111421,829,1765,5,5,1,5,300,21928.102596,4830.15
111422,1910,2374,2,1,1,2,1300,5984.5152039,10453.79
111423,0,5060,5,-2,0,2,1030,1795.4846221,3678.78
111424,2317,2848,4,5,1,1,950,10441.938284,7545.4
111425,6981,448,2,5,0,4,1800,2389.8606058,17908.47
111426,8242,479,2,1,1,3,1900,846.1965058,9303.68
111427,3559,1426,5,5,1,1,850,8401.3704418,6495.45
111428,1,3413,5,-2,0,1,900,2472.9497324,662.46
111429,7072,560,1,5,1,2,1510,2158.1010896,20260.17
111430,5894,891,2,1,1,2,840,11282.806001,3986.24
111431,3261,1466,2,1,1,1,2500,5386.767246,18116.45
111432,640,3641,1,5,1,4,980,11291.436743,17085.13
111433,4754,998,2,3,1,1,2400,4881.9219469,4198.92
111434,4793,1289,2,1,1,3,2530,7972.0762532,15276.62
111435,874,5362,2,1,1,1,3150,4540.8271975,30824.33
111436,3303,1701,2,5,1,1,3330,5653.1063614,20415.9
111437,5906,887,2,1,1,4,2980,4397.6984489,7632.05
111438,3309,1628,2,5,0,4,1170,6262.60161,14936.01
111439,5060,969,2,5,1,2,1600,4124.0964394,23928.54
111440,5271,830,3,1,1,2,2400,965.91456095,12516.92
111441,0,5007,3,-2,1,4,720,1090.3665198,7029.2
111442,4299,1114,2,3,1,2,2020,5818.9414438,10404.47
111443,1427,3141,1,5,1,4,2500,13468.528201,28309.41
111444,4545,1034,2,3,1,2,3910,4662.9959961,18102.75
111445,842,3677,5,5,1,4,800,17649.460583,11321.4
111446,4755,1158,2,5,1,6,2360,6326.2969726,32921.05
111447,4665,1138,2,1,1,3,2400,8695.000128,6196.1
111448,5297,630,2,1,1,2,3660,3324.8280091,9146.43
111449,7346,512,2,3,0,2,2200,2565.7384308,4677.43
111450,5145,1134,2,5,1,5,2980,3434.1488103,19963.82
111451,5985,869,2,1,1,3,2400,8774.9583132,10070.93
111452,2795,1914,2,5,1,4,1010,3630.7633645,13285.09
111453,8383,562,2,2,1,1,2500,922.40540486,10397.44
111454,6107,818,4,1,1,1,960,15572.901514,2442.47
111455,629,5095,2,1,1,4,1520,9106.7417838,11933.26
111456,876,5354,1,1,1,1,840,5141.2657401,5515.39
111457,189,4536,2,5,1,1,1780,10424.894102,7383.57
111458,4841,1159,2,5,1,2,2900,4637.0889514,6929.84
111459,958,3355,2,1,1,1,680,6464.5033952,6765.9
111460,6115,833,2,1,1,2,4410,7654.8596153,15002.18
111461,5353,947,2,1,1,1,2660,1979.8206018,5006.32
111462,409,4515,2,-2,1,4,1300,8741.4625474,12567.81
111463,880,3597,2,5,1,2,1580,10222.44016,24425.97
111464,3817,1468,1,5,1,2,970,4251.2371921,25649.32
111465,6327,643,2,1,1,2,1820,2192.9385134,6799.25
111466,6104,801,2,1,1,5,2390,3471.9135695,6576.78
111467,5705,850,2,3,1,3,2800,4124.7057726,7977.1
111468,6583,687,5,1,1,2,1270,7267.3097857,9370.64
111469,5489,999,2,1,1,1,1930,9220.7553389,7912.21
111470,2241,2075,2,1,1,6,1860,12405.973372,8890.12
111471,1331,4087,2,1,1,2,1500,6403.6952784,10705.22
111472,5216,1525,2,7,1,2,3000,5317.3660016,8393.56
111473,999,2114,2,1,1,3,2320,9397.5081231,15985.2
111474,1080,3378,2,1,1,3,4700,9320.8243395,34681.75
111475,6286,750,2,1,1,1,2000,9525.0686861,9076.37
111476,10368,0,2,1,0,2,2250,740.46803036,8142.23
111477,3431,1667,5,5,1,1,850,10258.739357,6334.42
111478,6858,593,3,3,0,2,2980,1505.1712517,3929.85
111479,2138,3644,2,1,1,3,1580,6384.2005779,18036.0
111480,3254,1437,2,5,1,2,2070,6878.0423031,23969.65
111481,4656,1299,2,1,1,4,4500,5606.7447073,19006.51
111482,4507,1304,2,5,1,1,2600,8017.0779049,19655.36
111483,6379,736,3,1,1,5,2950,1901.6400596,7769.12
111484,6183,808,2,1,1,1,3000,5965.1759017,9194.04
111485,7228,862,2,1,1,5,2110,6038.9212028,9677.82
111486,6182,790,2,1,1,4,1600,10039.294632,5862.69
111487,5065,1060,1,5,0,2,680,2675.5729248,15547.48
111488,6148,1087,2,1,1,4,3170,2985.9491978,9736.15
111489,1184,3375,2,5,1,4,3560,8877.5983172,19199.48
111490,7447,850,1,5,1,4,1200,1977.0499359,33351.86
111491,4978,1263,3,1,1,2,1430,4229.7623254,14324.61
111492,4901,228,2,1,1,3,2820,4810.4732697,7664.25
111493,4312,1603,2,1,1,2,1600,5361.8166907,14628.42
111494,4597,1193,1,5,0,1,1000,3610.4832483,20944.33
111495,5314,997,2,1,1,4,1090,7601.3569401,10807.2
111496,5488,941,2,3,1,2,1050,6619.3983329,10593.65
111497,6450,485,4,5,1,2,1200,14178.564718,31820.67
111498,4577,1344,2,1,1,3,3450,7167.2104438,14706.81
111499,4461,1132,1,5,1,2,1240,3992.3697215,21659.18
111500,2753,1889,2,1,1,1,1670,6670.6266822,5486.06
111501,4926,1343,2,1,1,3,2400,5865.8068349,7800.83
111502,5260,818,2,1,1,4,3890,1638.6543641,17450.19
111503,1051,3186,2,5,1,2,3600,13090.760718,18238.1
111504,2553,1730,2,5,1,4,2700,5673.6295956,49233.45
111505,1407,2607,2,5,1,3,2300,6431.8334684,26957.08
111506,1437,3131,1,5,1,5,1200,11266.843178,346.49
111507,3234,1543,2,1,1,2,1900,5234.6774519,10643.53
111508,5309,665,2,1,1,3,3230,3847.5003346,8258.68
111509,6345,642,2,1,0,1,2400,2228.7056022,3904.32
111510,1202,4620,2,5,1,1,2390,4336.4054012,21006.45
111511,4409,1129,2,1,1,2,1550,4522.8130586,10619.71
111512,4184,1350,4,1,1,1,600,11001.716244,3282.73
111513,7944,475,2,2,1,3,5530,6238.890648,14358.35
111514,7588,460,2,3,1,3,2180,886.52250724,9548.15
111515,3603,1356,2,2,1,3,1800,6833.5058246,12712.59
111516,5630,871,2,1,1,2,1630,5257.6427628,9576.55
111517,5007,76,2,5,0,1,600,6810.6598556,9552.97
111518,10704,1,2,1,0,4,2840,730.35322573,10963.26
111519,6505,724,4,1,1,4,1000,12556.083287,1848.45
111520,3861,1502,3,1,1,7,1530,6623.3033616,16728.54
111521,4947,1163,2,1,1,2,1450,8097.7312343,15050.83
111522,4462,1162,2,3,1,5,1960,6004.7067906,9829.24
111523,0,5050,4,5,0,2,700,2116.4172054,2269.88
111524,4270,283,2,1,0,2,2000,6018.8694238,7478.55
111525,4012,1316,5,-2,1,2,800,1563.9988585,3311.79
111526,7651,438,2,7,1,1,2950,819.61672813,2126.57
111527,2010,2671,3,1,1,2,1650,3875.9425554,9186.53
111528,4485,1050,5,1,1,2,700,4637.4824869,4423.21
111529,5557,886,2,1,1,2,3630,4782.8131889,9653.38
111530,3014,2177,2,1,1,1,2200,8516.9642708,14951.49
111531,881,5340,2,5,1,2,3300,5264.7562896,21782.18
111532,3594,1414,5,5,1,2,550,6876.99995,8121.52
111533,4672,1150,3,5,1,1,1700,1817.4773362,6292.69
111534,5068,1089,2,1,1,2,5790,13318.876479,34196.15
111535,5728,957,2,1,1,6,2300,4174.5619723,14208.55
111536,2156,1919,3,1,1,2,750,5900.2518241,3371.06
111537,3177,2054,2,5,1,3,900,8176.6609689,16660.04
111538,4299,377,2,1,1,5,3660,5512.5998563,25759.4
111539,0,5051,5,-2,1,2,600,1918.6498246,8068.92
111540,6025,978,2,1,1,2,2550,7698.9829421,8474.63
111541,1127,3493,2,5,1,1,4650,7027.9988744,24627.49
111542,1249,2412,4,1,1,6,1010,19674.394657,3233.56
111543,3887,1414,3,5,1,6,1100,1532.5958188,30091.37
111544,2015,490,3,5,0,4,1210,7679.6796905,4465.16
111545,0,4913,2,-2,1,3,1200,1471.3057766,10399.9
111546,6999,360,2,3,1,1,2400,8025.1779021,7916.24
111547,1080,5146,2,1,1,3,1200,5440.8211533,11819.7
111548,2901,1912,1,2,1,1,1280,7684.449247,18810.54
111549,108,4888,2,5,1,2,2500,11189.768318,17421.61
111550,5356,1022,2,1,1,5,3500,9330.138792,17125.33
111551,3403,1679,3,1,1,3,1200,1172.334273,14132.07
111552,4197,1200,2,1,1,4,4440,6332.8973462,7834.27
111553,2649,1757,4,5,0,7,1010,7382.2308473,14906.55
111554,2180,2009,1,5,1,3,1440,12880.839849,23237.2
111555,6187,1046,2,5,1,2,3600,4492.5876138,26002.57
111556,5289,690,2,5,1,5,1000,7771.9428596,15429.33
111557,4120,1286,2,1,1,4,5000,5758.5581704,12957.42
111558,4921,1050,2,7,1,2,3600,8454.6078952,6866.88
111559,5918,854,4,1,1,2,750,14376.441763,1925.81
111560,3394,1567,3,5,1,1,1120,2440.9683117,8435.84
111561,2090,2195,2,5,1,1,1430,8495.1857893,19194.14
111562,5382,64,2,1,0,2,2500,5229.028424,4813.02
111563,6489,772,5,1,1,1,1000,13218.50696,2224.78
111564,2191,2371,2,1,1,5,1060,9989.118632,7829.44
111565,5138,990,2,1,1,4,1390,6568.2710265,5003.3
111566,4720,1022,2,1,1,2,2300,4889.096611,19600.57
111567,1009,3316,2,1,1,4,1200,6648.4112461,14849.15
111568,5018,1234,5,5,0,2,900,7799.6140928,10423.34
111569,9239,377,1,2,1,2,1900,6108.2782507,7669.1
111570,1766,4249,2,1,1,4,1460,5661.9149383,11835.34
111571,5337,923,2,3,1,1,1930,1466.8397398,3263.99
111572,3844,1497,5,5,1,1,3060,10030.822764,8047.37
111573,6885,704,5,1,1,3,1100,14502.607286,3419.04
111574,5255,1431,1,1,1,2,1200,4161.8491223,4580.57
111575,1724,2459,2,5,1,5,2500,3951.1362033,21226.15
111576,4431,1284,2,5,1,5,2840,3717.6807629,20589.56
111577,4059,1173,2,5,1,1,2210,4266.2658563,8735.49
111578,4226,1244,5,1,1,1,750,4130.5047354,2193.93
111579,5446,865,2,5,1,4,2400,10316.815304,17008.71
111580,4865,1099,2,1,1,5,4000,7220.2550525,18373.17
111581,2754,1725,2,-2,1,4,1300,7596.3055111,5401.46
111582,8780,255,2,7,1,2,3540,1111.6655084,14978.47
111583,4400,1455,4,1,0,1,600,13203.834643,1737.63
111584,5917,848,2,1,1,3,3490,5062.6997919,11509.55
111585,5065,1060,2,5,1,4,800,1988.9907185,9193.51
111586,2636,1746,5,1,1,1,1530,7307.0946628,11068.28
111587,5364,964,2,2,1,2,1900,8953.7520864,5431.37
111588,847,3665,5,5,1,1,710,14515.70179,4391.02
111589,6118,676,2,1,0,2,1500,9741.4710071,2454.28
111590,5342,925,3,5,1,2,1120,2193.0803658,11091.34
111591,7024,458,1,1,1,1,1040,2397.9284085,5836.52
111592,2221,680,2,1,1,1,1680,8378.9199095,3343.71
111593,3704,1438,2,2,1,2,1800,4081.8774646,11645.76
111594,3411,1473,5,5,1,3,1100,9212.8135365,14379.24
111595,1580,2530,2,5,1,6,2000,4546.6364109,20322.91
111596,4493,1066,2,1,0,1,1700,5829.0982485,7483.85
111597,1692,3509,2,5,1,1,2200,4374.2261451,9246.05
111598,2344,1810,2,1,1,3,600,12780.386382,16201.92
111599,5843,858,2,1,1,4,4400,8144.0264982,32769.03
111600,5846,1150,2,1,1,1,1080,3705.9714681,3795.87
111601,6978,595,2,2,0,1,3000,3297.7049348,6045.84
111602,1733,2567,2,5,1,2,2300,10431.476312,12139.64
111603,7136,885,5,5,1,1,900,8177.5451546,9120.43
111604,5796,821,2,1,1,4,1050,2339.5814604,10906.64
111605,3524,1461,2,5,1,2,3900,6815.3383463,25811.93
111606,3582,1536,2,5,1,2,1600,3149.8868006,13308.81
111607,6087,726,2,3,1,3,2750,1499.4417708,7287.81
111608,2133,1981,3,-2,1,2,2000,4692.4533578,8604.77
111609,8546,563,2,1,1,2,2590,857.27226239,12941.24
111610,8161,558,2,2,1,4,1640,1001.506671,10482.97
111611,3949,1510,3,5,1,6,1000,2012.8097957,16580.42
111612,6065,757,2,1,1,1,1480,5881.8060801,4350.49
111613,2827,1609,5,5,1,1,700,9573.9363616,4184.43
111614,5421,882,4,1,1,1,1750,19623.874187,4417.15
111615,4729,1099,2,1,1,1,1840,5767.1204592,5328.34
111616,6251,667,2,1,1,1,2550,3517.2238403,7052.68
111617,2080,2105,2,1,1,2,3500,4888.6811871,15689.59
111618,1950,2327,2,5,1,2,1800,6290.7201066,5704.35
111619,3145,1596,2,5,1,2,1800,3711.4475084,11072.02
111620,962,1476,2,1,1,2,1650,9739.8302886,7878.84
111621,5848,938,2,2,1,3,2500,5943.9990595,26547.28
111622,9270,0,4,3,0,6,1000,898.5900265,6954.66
111623,4449,1432,2,1,1,4,4210,9717.1670533,12176.33
111624,3734,961,2,5,1,2,2920,4539.5844398,12975.42
111625,5354,1068,2,1,1,2,1550,8806.8101283,12410.26
111626,10055,2,3,1,0,1,830,534.05857225,2256.51
111627,5737,961,3,1,1,4,1400,6837.1488864,4008.16
111628,369,3985,2,5,1,2,650,15349.673696,4880.64
111629,4265,292,2,1,0,5,2470,6070.1096977,12429.23
111630,6153,791,5,5,1,2,880,3686.3769658,5179.54
111631,5536,1196,2,5,1,1,3840,6640.3168764,20718.24
111632,3450,1626,2,1,1,4,2260,6480.898171,6958.12
111633,361,4250,2,5,1,2,1900,8828.0085674,8972.1
111634,0,4904,5,-2,1,1,1200,2132.8106585,4853.37
111635,307,4429,2,5,1,3,1400,12099.676607,10007.82
111636,4247,1149,5,5,1,2,720,1719.2461398,7001.79
111637,1123,2959,2,5,1,2,1900,9093.3051831,10085.67
111638,5058,1048,2,5,1,3,2180,5389.6913948,21335.6
111639,7111,731,2,3,0,2,3370,991.06070961,14198.37
111640,6132,825,2,3,1,2,3010,2261.5733945,9782.17
111641,7007,469,2,3,1,2,2250,2878.9476517,5415.61
111642,3862,1087,2,1,1,1,1240,4773.0926318,8112.39
111643,5176,937,4,1,1,4,950,3721.6483718,4710.14
111644,4402,1127,2,1,1,2,2800,3729.0227841,9572.62
111645,3171,1744,2,5,1,2,1400,7230.5423069,13194.14
111646,5167,1349,1,1,1,1,1470,5655.4367087,3745.07
111647,10708,1,1,1,0,2,470,869.56080306,5549.76
111648,7048,320,4,5,0,1,420,4546.3551879,5936.2
111649,10801,1,3,1,0,2,2150,458.62135539,4199.52
111650,5765,1096,5,1,1,1,1200,13504.234013,2206.25
111651,3127,2186,2,1,1,4,3100,5424.5043198,21666.4
111652,5845,695,2,3,1,2,2700,4973.9525595,14488.32
111653,5438,1011,2,3,1,2,1350,4487.9055885,2395.52
111654,2879,1583,5,5,1,1,840,7602.2545567,2258.3
111655,5631,775,4,5,1,1,700,7213.9914559,4432.38
111656,8728,265,1,3,0,2,960,1316.9723716,17554.59
111657,8679,414,2,1,1,2,2200,847.42982988,9263.49
111658,4194,1194,3,1,1,2,1360,4842.5182567,32871.97
111659,1583,2490,2,1,1,2,2400,4575.1674807,6635.57
111660,7226,879,4,1,1,1,1000,6652.5432034,2430.46
111661,2208,358,5,5,0,1,1500,10151.04849,3679.5
111662,5288,908,5,5,1,2,700,5457.6331924,6370.38
111663,7878,627,2,1,1,2,1800,6660.2501622,10890.84
111664,9481,300,1,5,1,1,1040,2597.7005714,16438.52
111665,2141,822,4,1,0,3,850,14329.254948,2351.21
111666,3201,1446,2,1,1,1,2280,10338.841772,5325.82
111667,3037,2386,1,5,0,2,1600,5268.4023366,7258.33
111668,4401,1128,2,1,1,2,1400,5774.1204124,12379.26
111669,5806,1187,2,1,1,1,2650,3886.0399782,19453.48
111670,4206,1260,1,5,1,2,910,4269.630378,14831.37
111671,3090,1666,3,1,1,1,1120,2504.4662748,7935.72
111672,3684,1488,2,5,1,2,3200,5599.6302263,30867.19
111673,811,3766,2,1,1,3,2200,10047.364935,16426.79
111674,3764,1282,1,5,1,1,1200,7433.6567231,11704.74
111675,1186,3350,2,5,0,2,1000,12897.986434,15178.32
111676,1875,2800,5,5,1,1,880,11782.179381,8161.07
111677,1140,2996,2,1,1,1,2200,4560.789553,13824.12
111678,6936,751,2,1,1,2,2550,6581.2621123,7675.01
111679,5406,679,3,5,1,1,1400,2070.6065174,11107.73
111680,4121,1242,5,5,1,4,630,2310.5220288,9663.87
111681,6855,536,3,1,1,3,1950,779.01004544,10658.0
111682,1123,3304,2,5,1,2,3400,7516.5132366,30594.92
111683,4070,1284,2,1,1,5,4020,5742.0547045,6840.75
111684,2314,2074,2,5,1,1,900,6240.7466816,8970.54
111685,1714,2454,2,1,1,5,2400,7376.259223,12611.56
111686,1333,4085,2,5,1,1,980,7118.767193,8324.99
111687,5075,1095,2,1,1,1,1810,8425.4041035,6732.47
111688,5675,931,2,2,1,3,1300,6347.8287513,5982.63
111689,1227,2720,2,5,1,3,2000,5970.7558412,18274.68
111690,4805,921,5,1,1,1,640,6825.6931478,4678.99
111691,5192,831,2,3,1,4,1610,1795.6055618,5674.18
111692,1581,2530,2,7,1,4,2200,5747.9045913,15005.89
111693,4239,1248,2,5,1,2,1450,2787.2132069,16228.86
111694,4674,1373,2,1,1,2,1700,6614.0056687,11604.58
111695,2642,1759,3,1,1,2,700,6435.1982843,6421.17
111696,5412,871,2,1,1,2,2600,8139.0869255,12199.12
111697,4729,1099,3,1,1,4,1280,3532.3387659,6963.05
111698,4216,1362,5,5,1,1,800,9740.1021307,2617.53
111699,4234,1159,4,5,1,3,1160,1007.6013258,10415.26
111700,7448,850,4,5,1,1,530,2798.2251992,4074.62
111701,6014,965,2,1,1,4,4050,6527.2853336,11650.0
111702,8742,320,2,1,1,3,4650,7072.3003306,13528.16
111703,7567,570,2,7,0,2,1100,5375.0146425,1134.55
111704,9414,518,2,1,1,4,4500,912.52041027,9417.82
111705,3904,1070,2,5,0,2,870,4759.9450276,6830.17
111706,426,4733,4,1,1,4,700,11466.587042,13261.2
111707,2,2331,2,-2,0,4,1190,1637.3990579,9718.81
111708,4718,1123,3,1,1,1,1900,6944.9313695,5416.71
111709,7044,855,2,2,1,2,3010,3702.1853482,11131.72
111710,5765,905,2,1,1,1,2750,4914.0653191,4016.02
111711,3919,1840,1,1,1,1,1280,8815.2224701,8154.05
111712,5481,925,2,7,1,2,3410,5979.0345463,6522.11
111713,1140,2927,2,1,1,2,1840,5876.5015346,6240.44
111714,2060,2313,4,5,1,1,680,10077.646901,13935.08
111715,4707,1354,2,1,1,4,1200,4596.6304468,8741.12
111716,1262,2106,2,1,1,2,2000,8818.5048702,7459.28
111717,4221,301,2,1,1,3,3150,4932.1642669,19744.0
111718,1035,4967,2,5,1,3,2330,4997.6137383,23411.17
111719,1166,2069,5,1,1,2,1100,12284.269531,2826.42
111720,6429,624,2,3,1,2,3000,2279.7851469,8454.0
111721,8096,205,2,1,1,2,2330,885.62556723,6070.44
111722,2235,2109,2,5,1,2,3400,7505.8601888,20056.03
111723,10800,1,3,1,0,3,1090,599.92001637,5678.99
111724,5208,123,2,5,1,2,3760,5994.5093407,20526.28
111725,3524,1490,2,2,1,1,2550,7899.8875377,6844.47
111726,5751,908,2,3,1,2,1000,9544.7521579,14622.3
111727,928,1363,4,-2,1,4,1300,13188.537609,9897.58
111728,6139,1079,2,1,1,5,3750,3050.1264459,10918.34
111729,5306,847,2,1,1,2,2060,2374.1438303,17133.65
111730,5555,1046,5,5,1,1,990,11236.650354,5509.0
111731,5948,1198,2,1,1,1,800,3540.9288629,12082.28
111732,4733,1137,2,3,1,1,2340,11318.907342,4606.92
111733,531,3525,2,5,1,2,1000,11327.205365,15376.59
111734,4423,554,2,5,1,1,1020,7701.8089094,13022.4
111735,6112,847,5,1,1,3,840,9465.0497078,3961.52
111736,4025,1090,2,5,1,2,3900,5766.4826314,17036.15
111737,5968,858,2,1,1,3,1500,4083.9037399,6044.28
111738,7024,542,4,3,1,1,800,4302.3823027,6826.5
111739,4310,258,5,5,0,4,900,12749.702735,12017.39
111740,2624,1766,2,5,1,3,2220,4750.1044123,20043.16
111741,2621,1750,2,1,1,7,5750,5563.4211185,33859.56
111742,4251,1270,4,1,1,5,1150,11424.422345,10704.84
111743,5648,1239,2,1,1,2,4880,3646.8575841,7562.17
111744,4252,297,5,5,0,2,860,11700.759553,6536.72
111745,2217,2474,2,1,1,7,3780,6871.9611933,34948.8
111746,2628,1774,4,5,0,2,1390,6239.3737431,13578.97
111747,4405,1126,2,1,1,3,1350,4301.6221987,13365.68
111748,5698,1012,2,1,1,4,2030,8691.2761537,7872.79
111749,6609,456,3,1,0,2,1400,6069.6194596,5498.54
111750,3615,1463,1,5,0,3,1440,5764.7851576,17705.23
111751,7401,728,5,5,1,3,750,6940.9020908,12214.86
111752,5629,789,2,1,1,4,1710,4902.9137581,9123.8
111753,4297,1255,2,3,1,4,1890,8330.3202327,12561.11
111754,4478,319,1,5,1,4,1500,6839.4844539,15793.52
111755,6477,946,2,1,0,2,1900,4090.7050438,7986.82
111756,623,3780,2,5,1,4,2700,8991.4657927,21050.78
111757,5099,1009,2,1,1,3,6100,10393.043231,23395.55
111758,5632,871,2,1,1,2,1700,5018.271938,4778.49
111759,1131,3094,2,5,1,2,2100,9093.3051831,10103.26
111760,7192,904,2,2,1,2,2200,6376.1726504,17632.5
111761,7598,160,2,7,0,2,1970,2374.8658332,11727.97
111762,3366,1688,2,1,1,2,5380,5489.8586929,12393.97
111763,1346,1981,3,1,1,3,1500,4995.060687,16008.87
111764,10525,2,4,1,0,1,750,1005.4852257,2596.76
111765,5537,1005,2,1,1,2,1250,6524.0997061,3694.07
111766,4941,1173,2,1,1,5,6050,7423.2933149,22303.17
111767,3157,1441,2,5,1,7,1900,4600.7960776,20446.23
111768,5134,1003,2,2,1,2,3170,16780.300818,11327.53
111769,5028,214,2,5,1,1,2110,4473.2846214,11376.0
111770,3032,2392,2,1,1,6,3200,3437.7309086,28614.33
111771,2961,1518,2,5,1,5,800,8528.2493108,21963.59
111772,4898,1370,4,5,1,2,650,6043.0306134,5669.47
111773,4503,1234,2,5,1,2,1790,5899.2779304,13354.39
111774,5846,919,1,2,1,2,1100,5691.3692963,9028.14
111775,1158,4732,2,1,1,2,1580,5106.5914791,10513.87
111776,4345,1288,2,1,1,2,1200,4550.732671,3973.71
111777,4236,1159,3,1,1,2,1750,3733.5447104,7078.53
111778,5237,1103,2,3,1,4,980,6899.0173868,10052.14
111779,6248,275,2,5,0,3,2900,6358.4196499,19311.26
111780,7611,77,2,5,0,2,2560,4724.0208021,19087.37
111781,5205,880,2,3,1,5,1180,1665.6808503,6348.53
111782,404,4184,5,-2,1,3,1210,16642.051602,5968.56
111783,4242,1317,5,1,1,2,1010,11124.721025,5811.15
111784,4388,1153,2,5,0,4,1280,3807.64664,9448.76
111785,6031,978,5,5,1,1,800,13522.99614,4637.46
111786,0,5051,2,-2,1,4,1940,1879.3054538,12343.06
111787,2124,1945,2,1,1,3,1330,11654.536241,14110.66
111788,4593,1531,2,5,1,3,2170,4768.1619679,21753.0
111789,1152,3593,2,1,1,2,2600,7774.2690583,15806.78
111790,1170,2908,2,5,1,4,2700,4253.7678579,26438.82
111791,10589,1,2,1,0,2,2480,771.18477681,5783.48
111792,2772,1606,5,1,1,2,980,7928.8055571,7138.24
111793,1987,2236,2,5,1,2,1220,9001.5078744,13852.43
111794,4553,1354,5,5,1,2,1400,12588.763108,4771.88
111795,10791,1,4,1,0,1,900,947.35770341,2607.92
111796,8571,423,3,1,1,2,2400,524.61976724,7810.25
111797,6577,821,2,1,1,2,2370,10325.353894,8377.81
111798,4154,1260,2,1,1,5,2740,4875.7342114,17021.84
111799,2185,1869,2,1,1,1,1000,15007.714522,7246.15
111800,4907,961,2,2,1,5,3280,6447.1395904,15673.11
111801,3637,1438,2,1,1,1,2040,4029.5017806,4117.01
111802,3259,1868,2,1,1,4,530,6435.8004344,9969.24
111803,4377,1076,2,1,1,2,2100,5317.5543831,8126.33
111804,2139,2058,2,5,1,1,2000,5306.3908195,18013.87
111805,2138,962,2,1,0,1,1550,9892.2423111,7253.16
111806,2862,1640,2,5,1,2,2500,6509.1550352,19026.78
111807,889,3584,2,1,1,4,1890,13030.438449,20232.84
111808,2410,1901,2,1,1,2,1450,11384.0342,9458.14
111809,5503,1103,2,1,1,2,4150,8762.3429842,32315.59
111810,6763,622,2,1,1,2,5000,5496.5243609,14864.98
111811,1182,3119,2,1,1,2,2800,5241.3335667,9852.06
111812,6374,589,2,3,0,1,1100,5962.2148944,3551.93
111813,5842,798,2,5,0,1,1570,2606.1373959,24883.95
111814,8694,650,2,1,1,4,4500,925.32129864,15460.56
111815,6816,742,2,1,1,4,3000,4715.2500314,13767.67
111816,3941,1679,2,1,1,1,940,7080.8525502,4413.81
111817,7928,458,2,1,1,1,1200,6958.4897438,8673.96
111818,2488,1806,5,5,1,1,600,11687.381422,7604.13
111819,5479,976,1,3,1,2,1000,2183.1800465,8301.66
111820,956,3485,2,1,1,2,1600,11065.571439,9908.07
111821,5173,1146,2,1,1,2,1880,9869.1047537,4316.79
111822,1425,3145,2,5,1,2,2330,9722.4532622,10527.61
111823,4391,1204,2,3,1,3,1460,5059.9220572,12012.71
111824,1704,723,2,1,1,2,3450,8554.5469264,4620.3
111825,3140,1491,2,1,1,1,3200,7867.9573008,6338.29
111826,4849,242,2,5,1,2,1800,4799.6054137,15538.24
111827,4375,1528,2,1,1,4,3700,6647.4137821,17213.05
111828,194,4518,3,-2,1,2,1840,7416.4875466,9777.2
111829,2664,1717,2,1,1,2,2030,6830.9417922,5911.44
111830,5283,928,2,3,1,1,1910,4401.0623675,4124.27
111831,4454,1228,4,1,1,1,2240,13755.913755,7787.7
111832,1011,1120,3,-2,0,6,690,9258.3741114,2976.54
111833,4890,989,2,3,1,1,1630,4094.0961751,4247.42
111834,4588,1208,2,1,1,5,2820,6271.4508722,9561.42
111835,5880,964,2,1,1,6,2700,6329.9440174,10921.67
111836,10552,1,3,1,0,2,1000,538.53500395,3893.24
111837,7998,631,2,5,0,3,1950,897.22815002,10890.18
111838,7474,812,2,2,1,5,1880,7882.6057703,13421.22
111839,5343,804,3,1,0,1,500,2410.3131544,4329.07
111840,5752,815,3,1,0,2,1200,3420.259071,5634.25
111841,5633,871,5,1,1,2,1090,7016.8216716,4900.82
111842,7938,589,2,1,1,2,2450,1077.2389157,13866.29
111843,5556,1203,2,1,1,3,590,14027.291633,18406.34
111844,7401,814,5,5,0,1,1100,7828.1288998,6212.61
111845,5152,970,2,5,1,4,1990,7647.0577403,17873.41
111846,4460,1282,2,5,1,2,1540,6460.3061529,17037.79
111847,4530,1040,2,5,1,3,4380,4892.9727707,21602.59
111848,1104,3565,2,5,1,2,1500,9802.5367675,12663.89
111849,7055,342,1,2,1,2,1310,2047.3060788,8804.42
111850,5110,1065,2,1,1,2,2200,3345.9501388,7066.48
111851,5065,815,4,3,0,1,820,8494.6671732,2677.38
111852,3093,1430,3,5,0,4,630,5177.0645623,13173.33
111853,8089,348,5,3,0,1,800,1458.5819771,1896.26
111854,4684,1402,2,1,1,2,1900,10457.574629,10437.09
111855,8044,605,3,1,1,3,1600,516.01247282,14759.36
111856,788,3768,2,1,1,2,2500,7065.8417185,15452.41
111857,5215,985,1,5,1,2,800,12219.285714,17419.82
111858,5969,877,1,1,1,1,680,12750.187642,12727.56
111859,5296,954,2,1,1,2,1920,9233.8343971,9486.23
111860,5289,690,2,1,1,1,930,6260.3113489,5093.77
111861,1877,2631,2,1,1,1,2100,8166.7545639,12077.25
111862,7046,666,2,1,1,1,3150,7324.9550505,4856.53
111863,1096,3291,2,1,1,1,1950,6873.5729785,4780.01
111864,379,4328,5,5,1,2,1160,16253.34625,9566.36
111865,3131,2698,2,1,1,5,1150,5044.4453486,10168.74
111866,4931,165,1,5,0,1,1790,5898.5809466,20780.97
111867,1334,2914,2,5,1,6,1560,9861.7414777,19003.79
111868,4663,1365,3,1,1,1,950,6149.043727,3476.54
111869,5271,886,3,3,1,1,1130,1189.2283195,3944.15
111870,303,4448,3,5,1,1,790,7251.5287417,9031.26
111871,6070,733,2,1,1,2,1680,5437.7958809,16248.83
111872,5283,949,2,1,1,2,950,10241.013562,7806.88
111873,1351,2742,2,7,1,1,1500,9308.5245071,10666.31
111874,2693,1691,2,1,1,2,1900,7006.7542715,10287.54
111875,4289,1288,2,1,1,3,2800,5616.4682421,12182.31
111876,4531,1149,2,1,1,2,700,5628.1928373,3103.71
111877,4189,1271,3,5,1,2,1600,4728.5367552,9396.53
111878,1255,4501,2,5,1,1,2200,4330.5987529,14671.38
111879,7425,256,5,5,1,1,800,3411.2761274,3633.38
111880,3939,1252,2,1,1,4,1900,4453.214628,10026.38
111881,607,5281,2,5,1,3,1280,4615.2485097,15158.83
111882,8000,630,2,1,1,7,2900,731.15145547,14022.3
111883,4466,213,5,1,0,4,1500,8312.3465074,9317.77
111884,4702,1387,2,1,1,6,1750,9227.5183814,15580.95
111885,2498,1758,2,1,1,6,1200,11387.576594,14418.91
111886,7382,237,2,5,0,1,1500,2346.1939736,17401.31
111887,4595,990,2,1,0,2,2700,3222.2444999,5658.29
111888,4919,888,2,1,1,6,1000,3876.4408275,6026.99
111889,4865,1136,2,1,1,1,2600,5904.1684097,7271.99
111890,1771,2531,2,1,1,3,2400,5019.6114783,15812.11
111891,7352,434,2,1,1,2,3170,1031.8976505,7000.92
111892,994,2856,3,5,1,5,1500,9293.0920534,13285.28
111893,1240,1879,5,5,1,1,650,13094.790877,5458.54
111894,4727,1105,5,5,1,2,900,6828.0282597,1259.66
111895,2640,1770,2,1,1,1,2300,8004.4203034,6503.55
111896,6569,684,2,1,1,3,5600,8962.3656159,14526.51
111897,6774,265,5,5,1,1,800,3997.3361477,4412.01
111898,5302,917,2,1,1,7,3300,3254.2997716,7301.0
111899,10797,1,3,1,0,1,3490,572.373388,9322.19
111900,3804,1537,5,-2,0,2,600,9481.2975374,7315.11
111901,3788,1530,3,1,1,1,1710,4986.3794671,7149.15
111902,6159,906,2,1,1,2,1100,5464.0095754,11965.41
111903,312,4105,2,5,1,2,1250,11201.305721,30793.63
111904,4635,1192,2,3,1,2,1380,10241.013562,15636.15
111905,4409,1128,2,1,1,1,3750,3570.7738203,17064.37
111906,7877,220,3,5,1,2,2300,2271.19575,7778.75
111907,3937,1492,2,1,1,4,1200,4208.4907992,10066.93
111908,92,4975,5,-2,1,2,1100,17565.018786,11057.22
111909,5835,781,2,1,1,3,3330,11658.829757,12713.96
111910,2317,713,3,1,0,2,1250,7795.1241715,7368.13
111911,1104,4830,2,5,1,4,3330,5101.7690638,45140.12
111912,4401,1128,2,5,1,4,4200,3399.8163597,17262.37
111913,6179,760,2,5,1,3,2550,4619.7174318,30123.59
111914,4030,1083,2,5,1,1,3150,4021.3731141,22524.05
111915,8133,306,1,1,1,1,1220,1470.6456416,5604.23
111916,1080,1003,5,1,0,1,800,15437.164383,2279.41
111917,7645,149,2,2,0,2,4600,2346.1939736,13707.99
111918,8694,655,5,5,1,1,760,1163.2785044,3933.46
111919,5256,38,2,5,0,1,2310,5423.9231219,9404.02
111920,5856,891,2,1,1,2,3350,8876.5852783,8820.54
111921,5380,1071,2,1,1,3,2850,16789.449725,5098.57
111922,1422,2766,2,1,1,1,750,6542.2290726,9295.62
111923,4626,1149,2,1,1,4,1900,5373.5145187,8248.53
111924,4186,1364,5,3,1,4,1800,12623.245065,5503.38
111925,5293,898,5,5,1,1,1020,6760.0902611,5830.41
111926,4479,1372,3,1,1,1,500,3787.6006991,5186.64
111927,712,3632,2,5,1,2,1500,9100.2826224,18768.65
111928,2324,2044,2,1,1,2,2300,5635.6931412,24710.23
111929,2196,722,3,1,1,3,2120,7344.8853059,4280.28
111930,5007,76,2,5,1,4,1320,6933.3649572,17514.84
111931,2785,1637,2,3,0,2,800,5778.724722,2007.07
111932,1995,495,5,-2,0,2,1200,11867.355856,3034.94
111933,2026,2692,1,1,1,3,350,14295.699199,6458.75
111934,3786,1530,3,1,1,2,1200,4379.2709949,4022.53
111935,3942,1260,2,1,1,5,1550,5683.4450731,13645.76
111936,1139,3017,2,1,1,3,2200,4995.9164718,14959.78
111937,1082,2983,1,5,1,2,910,5799.9984068,17984.17
111938,5356,1138,2,1,1,1,1400,6031.6308868,6883.83
111939,2632,1836,2,1,1,1,4300,5919.8104616,11758.5
111940,417,4709,2,5,1,7,1200,11576.089389,13306.85
111941,2288,478,2,1,1,4,9890,8682.031747,14461.38
111942,4694,1055,4,5,1,1,800,7272.7976628,6791.5
111943,5239,937,4,1,1,1,800,3383.5379779,3906.51
111944,4433,1186,2,1,1,2,2700,5607.320701,4501.52
111945,2,2329,2,5,0,4,800,2359.7753939,10456.67
111946,2886,2577,3,1,1,1,1100,2482.0179968,5092.67
111947,2080,2002,1,5,1,4,980,6844.0931044,19226.3
111948,3389,1687,3,1,1,2,900,1107.2937242,5183.08
111949,10904,0,5,5,0,1,1100,1080.0180389,10449.73
111950,957,1256,1,5,0,1,1440,11534.454302,5347.07
111951,4717,914,2,5,1,2,1600,5903.7377051,13718.76
111952,7185,560,5,1,1,2,1300,1912.9608073,4031.76
111953,4241,1274,2,1,1,3,1150,9862.4711024,8432.34
111954,1749,2297,4,5,1,2,960,6094.6711276,15678.24
111955,5663,857,3,1,1,2,1000,3420.259071,7118.43
111956,5211,1009,2,1,1,1,1280,10692.815205,2673.09
111957,7185,889,3,1,1,5,1150,4585.7068634,8015.24
111958,4474,1258,2,1,1,2,2400,7198.8519069,6443.36
111959,5660,936,3,1,1,2,2800,2113.9403697,8640.23
111960,3471,1837,2,1,1,2,2700,4583.1731271,12445.05
111961,2220,2410,2,1,1,2,2100,8610.4385866,8058.74
111962,3214,1971,2,1,1,2,1640,7062.9021557,7995.48
111963,7477,788,2,5,1,5,2830,6705.9940013,10525.67
111964,6479,555,2,3,1,2,2500,5464.0921298,6661.06
111965,9083,299,2,2,0,4,2920,6725.3878764,14517.08
111966,4582,1093,3,1,1,3,800,1984.6263972,9244.72
111967,7566,656,3,1,1,1,1070,4567.9037901,3020.04
111968,8364,230,3,7,0,7,2310,5706.8875858,1213.85
111969,6675,751,2,1,1,2,1140,5407.6715065,7867.41
111970,5392,876,5,5,1,1,1170,6654.7128298,2095.05
111971,4596,1154,3,5,1,4,1330,1383.6772299,14006.43
111972,5225,940,5,5,1,1,860,3545.9855845,3249.15
111973,6312,780,1,5,0,1,1600,3894.953802,1592.84
111974,3994,1257,3,1,1,4,1210,6468.922568,6888.82
111975,4396,1259,2,3,1,3,1040,7027.4759098,18191.36
111976,3970,1479,2,1,1,1,1910,3638.2777563,12419.99
111977,6019,719,4,1,1,1,960,14690.25561,5120.02
111978,1286,2997,2,5,1,1,1350,7162.6726278,5959.9
111979,2995,1543,2,5,1,1,1400,7400.2123487,8464.92
111980,90,5018,5,-2,1,1,900,20170.900996,6986.55
111981,4834,1140,3,1,1,2,1540,5337.6833275,1652.04
111982,1199,2854,2,5,1,1,1960,5774.9727105,8071.89
111983,2429,1863,2,1,1,2,1700,5737.0464849,5647.11
111984,5256,1184,5,1,1,1,800,12599.13465,2088.92
111985,2567,2039,2,1,1,3,480,6791.0287797,7310.38
111986,1956,2703,2,5,1,5,2250,7643.4316295,27441.93
111987,2394,2106,5,1,1,1,550,15572.03806,3392.37
111988,6067,819,5,1,1,1,1020,3873.4213349,2914.85
111989,4870,1105,2,1,1,1,1460,7677.2080156,6939.79
111990,7429,386,1,3,1,1,600,3191.9218283,6099.03
111991,321,4441,1,5,1,1,800,15904.604403,6297.49
111992,3360,1529,2,1,1,2,3400,5773.3177508,16343.9
111993,1236,4545,2,1,1,1,1570,4785.7664176,5541.89
111994,5612,977,3,2,1,2,1400,5384.4908655,12669.38
111995,7165,884,5,1,1,1,900,10317.763472,2977.23
111996,4640,1147,2,1,1,2,1950,19297.573046,20909.33
111997,6129,1041,2,1,1,1,1730,3920.6446235,9230.14
111998,6050,846,2,3,1,2,3000,4687.7753794,6235.16
111999,5671,774,2,2,1,7,2880,2744.7955161,12684.06
112000,3265,1871,2,5,1,1,1080,4775.6059078,11278.71
112001,5907,908,2,1,1,2,1800,4479.0110606,7624.87
112002,1743,2293,2,5,1,2,1970,4742.1811716,13533.73
112003,789,3793,1,5,1,6,1510,13505.399437,7514.82
112004,5547,473,2,7,0,7,2400,2272.8019871,26296.16
112005,5050,1159,2,3,1,1,2800,3971.3056453,8658.77
112006,4698,1134,4,5,1,1,1300,24495.630428,9965.76
112007,372,4297,2,5,1,1,2270,12788.138578,17779.47
112008,2642,1900,3,5,0,1,1400,5563.7518842,10524.88
112009,1081,2993,1,5,1,1,1200,6191.9222163,1084.66
112010,1193,3193,2,1,1,4,2980,11770.598199,16340.58
112011,7102,873,2,1,1,2,2460,6088.5289785,8558.39
112012,1962,2704,2,1,1,4,1600,8531.6189229,11336.16
112013,7401,388,2,7,1,2,2400,2190.3748339,4760.75
112014,1242,4552,2,1,1,5,2020,3888.1180646,17653.46
112015,5404,891,2,1,1,3,1280,14321.742737,8028.43
112016,4777,1183,2,5,1,3,2200,5867.2134643,17507.64
112017,3756,1356,2,7,1,2,1100,3589.2915534,7902.37
112018,4264,1353,4,1,1,2,1000,14200.435142,5887.28
112019,3814,1393,2,5,1,1,1300,4550.732671,14588.31
112020,4062,1294,2,5,1,5,910,3511.0344829,18220.02
112021,2642,1820,5,5,1,4,1100,9693.9935866,4178.52
112022,7178,875,4,5,1,1,680,9922.1033013,6365.08
112023,10798,1,5,1,0,1,580,1155.8562549,4058.0
112024,1138,3009,2,5,1,4,1600,4374.9469622,21499.82
112025,3825,1692,2,1,1,2,1850,4139.572578,3309.32
112026,752,3617,5,5,1,1,900,7481.463775,6945.39
112027,8114,249,2,3,1,2,2500,10484.558192,14596.28
112028,9718,355,2,1,0,2,1680,979.06706813,4037.05
112029,1879,2373,1,5,1,1,2100,13039.487448,25513.87
112030,7315,853,2,1,1,1,2800,4566.6981633,8132.01
112031,1239,1907,5,1,1,3,830,13762.342874,8667.07
112032,8742,320,2,1,1,6,2800,6968.2468855,29485.85
112033,5171,931,5,1,1,2,650,2390.4914397,3824.51
112034,2745,1657,3,5,1,1,1010,3159.9183557,5479.3
112035,4547,296,2,5,0,4,2000,4309.7860354,20125.51
112036,4028,814,1,5,1,2,1900,10595.487005,14487.49
112037,3352,1705,5,1,1,1,700,12263.299578,4963.43
112038,4747,159,2,1,0,3,1210,7226.7021154,4994.0
112039,1396,3270,2,1,1,1,2450,6091.003877,10501.01
112040,7629,580,2,1,1,2,2760,5697.0483593,11223.37
112041,6881,613,2,1,1,3,3900,6937.0569709,9230.2
112042,1624,2580,2,5,1,6,1780,9624.1486148,27692.73
112043,4774,202,2,5,0,4,2000,6197.7646195,37558.36
112044,8693,653,2,1,1,2,3810,783.55519418,9458.42
112045,6188,728,3,1,1,2,1700,5716.3299402,7786.14
112046,2316,2151,5,1,1,2,500,16994.69111,8345.1
112047,4227,1315,5,1,1,1,780,10636.703969,2833.63
112048,7381,396,2,3,1,2,1900,2032.8515293,7548.6
112049,874,5362,2,1,1,2,1500,5268.5423845,15062.52
112050,7355,520,2,1,1,2,1880,9544.8728815,8599.7
112051,2211,2059,2,1,1,2,1200,5169.6205675,10045.58
112052,6191,790,4,5,1,2,790,13345.09665,3413.75
112053,4222,1324,5,5,1,2,750,11200.319837,8392.89
112054,4948,1179,2,1,1,6,1470,7019.4572325,8586.8
112055,5736,959,2,1,1,2,2630,7740.014638,10918.93
112056,5894,895,2,1,1,2,2360,5305.5065305,11199.5
112057,6120,758,2,3,1,3,4280,3025.1180825,18098.88
112058,2113,2181,1,5,0,3,1960,8037.6163613,29258.53
112059,2624,1745,2,1,1,4,4340,6124.2652747,9974.45
112060,2100,2141,2,1,1,5,5250,7633.5837533,25672.9
112061,5210,941,4,1,1,1,3500,3002.423003,5212.33
112062,6973,220,2,5,1,1,2000,4247.3450851,13619.79
112063,3516,1540,3,5,1,2,1800,1683.651062,10729.47
112064,0,5048,5,-2,1,4,1190,1699.5728792,12368.63
112065,3621,1384,2,5,1,2,2700,4753.928042,25856.06
112066,5472,877,5,1,1,2,650,6291.8442733,5115.58
112067,4161,1296,2,1,1,4,1400,5153.2063248,9159.21
112068,7082,606,2,5,1,1,1050,738.69311228,9348.88
112069,5374,916,2,1,1,3,3700,4406.2005382,12000.08
112070,4189,1346,3,1,1,3,3000,7822.5658974,7026.49
112071,5855,825,2,3,1,3,1980,3641.8170022,10547.66
112072,7063,722,2,1,1,2,2900,5889.6830323,4324.51
112073,5023,1620,5,1,1,1,850,10497.754045,7967.99
112074,5389,906,2,5,1,3,980,6070.4290512,17591.28
112075,9178,447,5,2,1,1,2000,1912.6550364,3764.8
112076,3771,1524,3,1,1,2,1920,4376.7919373,11700.58
112077,5164,935,2,1,1,2,2280,1938.7023484,4415.63
112078,4382,1214,2,1,1,2,4680,4922.5686401,12866.82
112079,5848,1153,2,-2,0,1,1360,5009.9002899,10229.29
112080,751,1981,2,5,1,3,3400,8659.2673395,17791.53
112081,2330,1947,1,5,1,2,2400,5812.6929901,19558.26
112082,5270,926,2,1,1,2,1800,4821.8279565,3328.28
112083,1226,2018,2,-2,1,3,1460,15047.160257,7692.22
112084,2172,336,4,1,0,4,750,20306.962723,5892.59
112085,976,2154,3,1,0,3,1950,7421.5156091,4372.49
112086,6040,1046,2,1,1,2,1920,4970.515379,8937.68
112087,4188,1018,2,7,0,2,2550,7978.4894476,6437.9
112088,3450,1288,2,5,1,2,3340,10734.445817,15611.82
112089,2358,1915,2,5,1,2,2400,6984.4555307,19291.69
112090,4864,1120,3,1,1,1,1270,9144.2316158,3102.88
112091,10593,1,5,1,0,3,780,1145.4942274,4269.04
112092,2768,1720,2,5,1,4,1000,8893.3361159,12106.8
112093,93,5029,5,-2,1,2,1010,18481.003421,5402.53
112094,8266,306,2,1,1,2,1800,9499.2494439,5884.65
112095,3560,1533,2,5,1,2,1100,2701.1623335,13679.43
112096,5906,890,2,3,1,1,1600,9356.4089541,4814.31
112097,7087,333,2,5,1,2,2200,2467.6846648,30703.96
112098,6509,629,2,7,0,1,1400,820.95605522,1754.98
112099,5213,952,5,1,1,2,890,10442.77066,2988.77
112100,1192,3242,2,2,1,2,1600,12613.957245,5296.85
112101,6248,766,2,1,1,4,3290,7991.3897139,10378.26
112102,1273,3043,2,5,1,2,980,7913.1001506,11865.28
112103,6549,543,2,1,0,2,2150,5261.0155418,6887.15
112104,0,4966,5,5,1,1,540,2395.4494757,2572.4
112105,7337,541,3,1,1,1,1250,676.41701469,6189.72
112106,5785,932,5,1,1,1,800,12085.840537,2212.31
112107,8304,528,5,2,1,1,500,9404.0669387,3726.28
112108,4194,1347,4,1,0,1,1020,14267.56035,1392.99
112109,4267,1266,2,1,1,2,1690,7321.9391067,9184.13
112110,3374,1484,2,5,1,3,2590,5819.1687696,28680.87
112111,2847,1418,4,1,0,1,950,15259.317821,4877.64
112112,5529,893,2,5,1,2,3450,4301.4163761,17202.58
112113,4198,1333,5,1,1,1,1000,11150.394927,816.72
112114,3183,1465,2,1,1,6,540,8155.5709314,7583.73
112115,7652,408,2,3,1,2,2700,2284.3506516,10941.73
112116,2385,1817,3,1,1,3,1060,7084.9649508,10412.16
112117,6650,981,2,1,1,4,1150,3883.3275057,11770.19
112118,2743,686,2,1,0,2,1550,8243.7757578,3951.51
112119,5531,1046,2,1,1,2,1860,5165.2063761,4165.42
112120,2049,969,3,5,0,3,1000,7362.4909219,11062.8
112121,4336,1567,2,1,1,2,2800,10371.676777,7091.55
112122,5515,1018,5,5,1,2,1080,19063.973573,3374.27
112123,10523,6,2,2,0,2,1030,858.05138476,8292.39
112124,4644,1149,5,1,1,2,1160,4458.5543891,7691.96
112125,4080,1275,2,1,1,2,1670,6054.4586828,5628.26
112126,2253,2068,2,1,1,4,1200,12152.064293,13801.66
112127,10562,1,5,5,0,3,900,1158.2218826,5739.28
112128,3707,1454,2,1,1,4,2550,3285.0209336,25678.41
112129,6108,584,2,2,1,2,2900,9968.6902051,12588.27
112130,145,4618,1,5,1,1,600,19799.749418,9636.05
112131,6136,1040,2,1,1,2,3500,3357.9520464,4789.41
112132,6965,519,2,5,1,3,1630,2411.0140043,5773.77
112133,2067,2060,2,1,0,1,2030,11292.993897,8250.17
112134,3482,1413,3,1,1,2,2800,2263.6046238,15032.6
112135,4227,1320,5,1,1,3,1160,10777.372453,4427.91
112136,7901,459,2,2,1,3,3400,5964.595911,11566.72
112137,3386,1636,4,5,1,2,800,7702.991877,4219.17
112138,6153,506,2,1,1,2,5050,1855.125667,3483.82
112139,5485,856,3,1,1,1,1010,6422.9357877,6423.59
112140,7921,99,2,1,0,4,1900,1993.9287189,9540.24
112141,4184,1218,2,5,1,2,1620,5726.7624239,20689.88
112142,3651,1451,2,2,1,1,2390,4721.7868934,8796.23
112143,4189,1018,2,5,1,2,2000,4819.8025397,8674.83
112144,5354,949,2,1,1,5,3750,1223.0033657,10281.07
112145,3528,1547,2,1,1,4,2150,4784.1054598,10580.71
112146,5425,1106,1,1,1,2,1200,5769.1595304,6657.95
112147,6689,818,3,2,1,2,2100,577.34721148,10179.0
112148,6349,216,1,7,1,2,450,5573.7586082,6677.77
112149,3455,1598,2,1,1,2,4500,4562.8188238,15976.74
112150,1775,2404,1,5,1,4,1280,6042.2471163,15024.42
112151,5866,860,1,1,1,5,1100,8465.8781239,5573.64
112152,5603,1148,2,1,1,2,1800,7890.2194711,10218.53
112153,926,1290,2,1,1,2,3100,9083.0932837,5920.37
112154,3898,1416,2,5,1,2,2200,3673.8345125,15443.46
112155,4683,1414,2,1,1,2,3240,11323.47728,10617.5
112156,4480,1197,2,1,1,2,2840,4436.687291,10365.72
112157,4535,1348,1,5,1,4,1180,8934.391137,26944.24
112158,3087,1757,2,1,1,4,4200,3464.5783976,11381.59
112159,880,5345,2,1,1,6,2200,5787.8744417,12644.72
112160,5961,958,2,1,1,3,3700,7556.2444049,16762.18
112161,6278,267,2,1,0,2,1940,4110.3839333,3884.86
112162,5756,1063,2,1,1,2,2630,6365.405438,10138.22
112163,5352,1133,2,1,1,1,2300,4942.2044808,6061.95
112164,4317,1278,2,1,1,4,1580,8829.8857115,12641.64
112165,4530,1150,2,1,1,2,2100,4115.81754,13383.78
112166,3221,1432,1,5,1,2,1500,9034.7160027,26390.21
112167,0,3624,4,-2,0,2,600,2242.477505,1717.54
112168,3333,1712,2,5,1,3,5800,6135.041773,14464.21
112169,6407,1047,2,1,1,2,3370,3452.0464453,10356.03
112170,6168,745,5,1,1,2,1140,11426.703704,4740.22
112171,5204,1120,2,1,1,4,2800,5675.9832723,20198.23
112172,4561,1190,2,1,1,1,1470,6788.2124122,4363.63
112173,4640,1009,2,2,1,1,3500,4146.3843694,10659.84
112174,6031,791,2,1,1,2,5200,5587.1721653,6724.54
112175,5632,871,2,1,1,2,1250,6469.2690504,5422.78
112176,646,3667,2,5,1,2,2400,15577.714895,17089.42
112177,3870,1607,2,1,1,3,1500,5263.9873044,8117.53
112178,6084,1012,2,1,1,1,850,3816.8889708,4662.43
112179,3919,1439,5,-2,1,2,1300,4051.0080436,12559.35
112180,6343,702,5,1,1,2,1300,9914.739642,8463.84
112181,3568,1575,2,1,1,1,1380,4736.102988,13309.16
112182,4166,1235,2,1,1,1,3150,5204.4424231,4151.72
112183,913,3540,2,1,1,2,1850,8984.3746855,6723.26
112184,4718,1141,1,1,1,3,1550,7510.4336078,12374.36
112185,874,5362,1,-2,1,7,720,6024.8469276,18772.35
112186,738,3656,2,1,1,2,1950,6947.7382307,14774.65
112187,8019,368,3,2,1,2,1620,475.88134243,4813.3
112188,4257,1359,2,1,1,1,1400,7379.1296127,6375.27
112189,3865,1613,2,1,1,1,950,6727.1427037,14973.33
112190,1186,2179,5,-2,1,1,830,13368.852435,2786.77
112191,12966,0,2,3,0,3,980,1038.4932829,6024.08
112192,6861,567,2,2,1,1,2000,7724.3434673,4415.03
112193,4953,1000,3,1,1,2,1820,8875.7723965,9961.52
112194,1990,2239,5,5,1,1,670,11552.712624,4307.5
112195,2133,2155,2,5,1,2,3280,7189.9411047,11779.5
112196,3263,1713,5,5,1,1,1140,4962.7329047,11716.47
112197,3520,1463,2,5,1,2,2250,5964.2070157,16122.9
112198,4331,1309,4,1,1,4,2200,13197.89252,10278.57
112199,5522,1211,2,1,1,2,2600,8753.4026335,9070.12
112200,3392,1867,2,5,1,2,2730,4759.7045998,25787.44
112201,5101,995,2,1,1,2,3130,6326.2969726,11899.23
112202,5718,909,2,1,1,1,1700,8250.049869,6983.82
112203,1995,2647,2,1,1,3,2970,6942.7245455,18461.93
112204,6064,1121,2,7,1,4,2000,3683.3373576,14113.72
112205,4234,1390,2,1,1,2,3900,5461.1854206,13175.96
112206,538,3873,2,1,1,2,910,8047.8716868,8664.91
112207,4640,1113,2,5,1,4,4320,5218.4577052,18286.69
112208,2510,1818,4,5,0,2,1000,5756.5394202,5462.2
112209,4704,1027,2,3,1,3,1400,7187.6289376,7279.23
112210,5503,912,2,5,1,2,2700,5882.4623178,18674.87
112211,5683,871,2,1,1,7,3940,5256.3504941,19740.27
112212,520,3871,2,5,1,4,1500,10606.779724,13397.0
112213,5021,987,2,1,1,4,2260,6920.2926491,4957.86
112214,3348,1720,2,2,1,5,2200,4113.4344228,10300.42
112215,4204,307,3,5,1,1,970,3337.8963048,4472.18
112216,5061,1581,3,1,1,5,4000,3690.8041984,11360.78
112217,5215,980,2,1,1,2,2850,10792.656235,4808.21
112218,1880,2412,2,5,1,3,1900,8656.7318102,25809.13
112219,0,5049,5,-2,1,4,790,2407.7919066,3417.7
112220,7556,787,2,7,0,2,2700,1912.6676529,10336.83
112221,4382,1476,2,1,1,4,1760,8209.1268975,9226.21
112222,4401,1101,3,5,1,3,1660,1790.4808623,15500.52
112223,10782,1,2,1,0,2,1830,915.05577239,8227.2
112224,2816,1578,2,-2,0,4,800,5509.6592734,10469.91
112225,5570,1182,5,5,1,1,700,14342.151328,11855.42
112226,3887,1562,2,1,0,1,1420,3994.1368511,3886.34
112227,7494,688,2,2,1,3,3400,4726.828927,16271.88
112228,8233,543,2,1,1,2,1200,1021.3248509,6513.55
112229,4828,144,2,5,1,3,2540,5129.941225,14470.38
112230,4192,1372,5,5,0,3,850,10738.472196,7668.21
112231,5066,1056,2,1,1,3,2120,2329.8074955,8844.17
112232,4206,1181,2,1,1,1,1250,6373.9074834,19414.86
112233,7702,613,2,1,1,2,4200,7213.239362,8511.52
112234,7157,645,2,1,1,2,2610,6505.4023658,13656.75
112235,7512,903,2,1,1,3,1800,6332.9687688,11318.85
112236,7336,778,2,1,1,5,3300,5783.0380686,12592.33
112237,5348,803,3,1,0,2,2100,2346.8851283,6545.71
112238,3565,1631,2,1,1,2,7500,4145.0075745,16937.82
112239,2175,2712,2,1,1,2,1900,9802.5367675,12423.72
112240,7021,667,2,2,1,2,4250,4042.3064612,12448.97
112241,3218,1852,2,1,1,1,2220,5245.6543304,11351.99
112242,2179,756,3,1,1,4,2130,5313.6584358,6453.61
112243,5360,532,2,2,0,3,2400,4232.3568475,9326.7
112244,4156,1404,2,2,1,3,5060,6574.8671777,15121.17
112245,6149,1035,2,1,1,2,1430,6106.237454,10407.97
112246,6085,753,5,5,1,4,970,14541.888523,7832.28
112247,5065,1060,2,5,1,2,1930,2382.286535,18524.29
112248,7192,889,2,1,1,5,3600,6742.2007485,11926.61
112249,4478,1062,1,5,1,3,2100,4251.2371921,23004.67
112250,360,4879,2,5,1,6,1850,13122.448844,15367.7
112251,7389,455,3,1,1,1,2000,1018.2976463,4427.82
112252,5867,921,2,1,1,1,2400,4214.3529394,5248.13
112253,5481,1079,2,1,0,3,1370,6209.3152284,7131.56
112254,7320,520,2,2,1,1,3280,14295.794535,6616.04
112255,4666,1138,5,5,1,1,1300,19685.024079,6311.53
112256,6210,793,3,1,1,1,2900,4445.9628648,6597.75
112257,7076,637,5,1,1,1,410,10089.668494,2146.53
112258,6108,757,2,3,1,2,2400,3735.2462627,11723.64
112259,1213,2037,2,1,1,3,3040,7816.5932047,500.04
112260,3175,1469,2,5,1,4,3940,8930.1700779,16091.68
112261,4090,470,5,5,1,1,700,7917.716936,3992.32
112262,5678,926,2,2,1,5,2400,6492.6553091,22872.12
112263,537,3606,2,5,0,2,450,9387.8774312,9621.69
112264,7041,854,2,1,1,1,2390,4449.7468869,6332.89
112265,6887,626,2,1,1,2,2400,1258.7591801,14606.7
112266,4150,1154,2,7,0,2,2100,3232.6509891,8583.6
112267,4610,930,2,2,1,1,2740,5841.3594827,4143.24
112268,5768,842,2,1,1,4,6020,4920.3350619,16647.16
112269,2207,1899,2,2,1,3,1120,9917.0840568,12637.74
112270,5502,1225,2,1,1,2,2700,11527.152814,7777.65
112271,10595,1,2,1,0,2,2400,699.21060619,10154.44
112272,1872,634,4,1,0,6,900,14375.041334,2743.22
112273,7991,634,2,2,1,3,2290,843.68365144,14645.43
112274,829,1617,2,5,1,4,1060,11686.881307,7217.66
112275,1789,4206,2,1,1,4,2600,4848.6875658,11122.74
112276,2714,1726,2,1,1,1,3400,5995.3979935,15115.64
112277,445,4057,2,5,1,3,630,10227.495779,12646.51
112278,6892,538,1,7,1,2,800,2806.4075819,7864.21
112279,3701,1518,2,5,1,5,1800,6012.8103168,24828.72
112280,8677,661,5,5,1,1,980,1578.5513701,12707.12
112281,5024,1093,2,1,1,1,1500,7359.683626,5110.8
112282,5458,1040,2,1,1,2,1180,18604.985831,9433.7
112283,2599,1710,2,2,1,1,2310,9014.7530675,10882.89
112284,4212,1176,5,1,1,1,1150,1616.3097113,3198.43
112285,348,4411,2,5,1,1,1130,17316.432665,4605.71
112286,7055,720,3,1,1,2,1150,3140.0471238,7715.47
112287,2320,2061,2,1,1,2,1250,10893.877493,10232.43
112288,2498,1742,2,1,1,2,1870,9789.1830035,16621.24
112289,5881,1036,2,1,1,4,4130,5065.7737841,14383.96
112290,4290,1249,4,3,1,3,780,12963.89899,18687.22
112291,983,1480,2,1,1,3,5500,8857.05669,13216.68
112292,6947,864,2,1,1,2,2250,3769.9121558,7965.62
112293,3174,1597,2,1,1,2,4500,3258.7124556,28245.94
112294,1104,3565,5,5,1,1,920,13570.20214,4088.84
112295,6262,773,2,1,1,1,750,11527.152814,3318.96
112296,7124,861,2,1,1,2,3150,6427.6553138,9399.48
112297,4710,1147,2,1,1,2,2920,4024.42658,17551.92
112298,4435,1449,2,1,1,2,4000,6569.2000211,17402.77
112299,5883,784,3,1,1,1,2500,1736.4418168,4474.18
112300,2944,1995,2,5,1,4,1300,4595.1232668,16031.19
112301,4507,1217,3,1,1,1,2200,4954.131686,5251.91
112302,4943,1172,2,1,1,3,2460,8249.8220459,9146.91
112303,1284,4214,2,1,1,2,2050,5023.7456179,12318.99
112304,7277,520,2,1,1,1,2950,1030.5031234,9376.2
112305,2077,926,3,1,1,3,1010,7652.8493828,7912.13
112306,4320,1204,2,1,1,2,3030,6632.4987664,4837.09
112307,6085,1106,5,1,1,1,970,8012.1205818,1975.7
112308,4727,1107,5,1,0,3,760,8741.1625242,4123.36
112309,3861,1430,2,5,1,1,4800,6323.1806839,13543.1
112310,6412,971,2,1,1,2,4000,3918.4885718,13362.86
112311,3409,1475,5,5,1,3,960,10559.154476,3026.38
112312,2451,1792,2,5,1,2,2700,6314.4823181,16333.0
112313,6096,808,5,1,1,1,1240,4201.7328002,1847.11
112314,4650,1108,2,3,1,6,4000,5016.4947572,29761.28
112315,1099,4692,2,1,1,2,2020,7400.5172726,20909.62
112316,3332,1715,5,5,1,2,1280,10559.154476,9591.04
112317,4958,1143,2,1,1,3,1930,15771.272321,12985.68
112318,4496,1214,3,1,1,7,1400,3495.6065123,5819.22
112319,2817,1615,5,5,1,2,840,13213.744438,13494.19
112320,6175,816,5,1,0,1,800,14390.020879,1865.96
112321,1075,3373,2,1,1,1,2500,8499.1214998,8646.53
112322,6594,1047,2,1,1,3,1700,1744.524918,8053.8
112323,5872,910,4,1,1,2,830,4616.6722655,3986.73
112324,4475,220,2,5,1,3,3000,6878.4124303,44138.29
112325,4580,238,2,5,1,1,3400,5278.8320794,13088.69
112326,5109,1113,2,3,1,1,2600,4961.7264145,8993.59
112327,1,3919,2,5,0,5,2950,1333.0209786,15160.95
112328,2145,2065,2,5,1,2,3600,5983.9784308,15426.3
112329,5707,526,5,5,1,1,1000,7190.1121905,7712.6
112330,5110,992,2,1,1,2,1680,8369.7425397,7453.97
112331,8683,659,5,-2,1,1,1400,1505.5250826,5416.12
112332,6138,1075,2,1,1,3,4500,3286.0881734,27430.78
112333,1880,2809,4,5,0,1,600,11664.388882,9355.14
112334,3468,1642,4,1,1,3,1160,1443.8159963,7695.05
112335,1773,2532,2,5,1,3,830,5344.7939416,38162.47
112336,4702,1107,2,1,1,3,2400,3954.5330773,7113.36
112337,6218,580,3,3,1,3,3200,1320.4982812,19796.2
112338,7638,550,2,1,1,2,2200,11156.269119,11269.05
112339,4074,1217,2,2,1,2,2880,4532.2085047,13785.61
112340,3495,1643,5,5,1,1,700,9612.6361769,3589.4
112341,6031,791,2,1,1,2,1950,5926.6216408,5655.54
112342,5265,935,2,5,1,3,3600,6893.182426,16257.43
112343,2743,1676,1,5,1,4,1150,5753.4357848,11848.31
112344,0,4860,5,-2,1,6,1100,1939.0179947,16103.56
112345,7079,885,1,1,1,2,1400,4496.4518055,1218.42
112346,6372,739,2,-2,0,5,760,6809.4697949,8847.17
112347,1330,4090,2,5,1,2,800,7475.2090396,11128.77
112348,6115,759,3,3,1,3,1350,2639.5962169,8845.53
112349,1105,3562,4,1,1,2,600,11912.810495,5844.9
112350,1729,2565,2,1,1,2,1180,6940.6486721,10869.75
112351,4267,289,5,5,0,2,700,8562.425474,4180.46
112352,3175,1475,2,1,1,1,1050,9091.7002029,7357.38
112353,7052,320,3,5,0,3,2000,1362.3833413,3876.3
112354,3491,1376,2,5,1,2,1930,7273.7392157,15548.33
112355,353,4400,2,5,1,3,3600,10634.857557,42763.61
112356,4280,1334,5,1,1,2,650,10866.713078,2543.3
112357,5989,1133,2,5,1,3,3400,3210.315045,18566.01
112358,1060,3008,1,5,1,2,720,6902.7557911,13834.75
112359,5936,883,2,1,0,2,1550,6513.5590209,5982.51
112360,0,4200,2,-2,1,2,1400,1263.0069329,14867.89
112361,6164,762,2,1,1,2,2570,6629.1703437,8852.01
112362,7239,872,4,1,1,1,560,7341.0410671,1019.84
112363,5090,957,2,1,1,3,3900,3013.526077,19984.0
112364,6484,725,2,1,1,4,3200,5028.0893408,14595.5
112365,2685,1640,2,1,1,3,1900,9307.9366237,11848.09
112366,4768,1103,2,2,1,7,2300,3941.6993416,14741.29
112367,7645,663,2,1,1,2,4740,6184.420951,25028.15
112368,10704,1,2,1,0,5,3500,702.30246929,15802.21
112369,2385,1856,3,5,1,2,1400,4559.3923575,10018.93
112370,1084,3328,2,5,1,7,1850,8615.1271018,10292.64
112371,7988,576,2,2,1,2,2860,5725.5011761,8850.37
112372,529,3542,2,1,1,2,840,11137.945152,9446.25
112373,1223,2499,2,1,1,6,2800,11274.422279,13251.05
112374,4189,1370,4,1,1,4,1100,13730.063864,5126.37
112375,1895,2338,4,5,1,3,1000,6147.8085167,26910.89
112376,5196,950,3,1,1,1,2400,5942.5309225,5795.35
112377,1298,2904,2,5,1,1,900,5805.1362784,8250.97
112378,4976,435,2,5,0,1,2000,6310.9801227,9832.75
112379,1935,2778,2,1,1,4,3900,6452.920476,10934.11
112380,5528,977,2,1,1,2,1670,10379.990628,7664.19
112381,4671,1177,2,2,1,2,2240,3390.8553598,18629.66
112382,8710,648,2,1,1,7,1880,783.55519418,13276.58
112383,3780,1200,2,1,1,1,2810,6243.7132114,9936.88
112384,4631,1156,5,5,1,1,690,12549.136237,6086.24
112385,3869,1661,2,5,1,4,1370,4671.54593,23605.17
112386,2236,331,5,1,0,3,430,16203.642115,1358.52
112387,4732,162,2,5,1,4,960,6429.6821785,11419.56
112388,6872,475,2,3,1,1,1700,8025.1779021,11439.24
112389,6070,766,5,5,1,4,750,8447.8380467,2655.6
112390,6628,981,3,5,1,6,900,5392.9313739,15805.09
112391,874,5362,2,5,1,5,1390,5842.2976258,18234.21
112392,7320,843,2,5,1,3,3900,5714.5863714,19431.47
112393,4156,1478,2,7,1,2,3000,9668.0453221,17028.08
112394,1845,2589,3,1,1,1,1780,3679.2028553,10679.25
112395,5740,911,2,1,1,2,5390,2308.6540047,7966.61
112396,5589,1229,2,1,1,2,1650,6195.3312978,5990.54
112397,4484,321,2,1,1,4,1850,5233.2298123,9909.18
112398,3752,1703,2,1,1,2,1590,4351.8687935,6857.02
112399,5470,980,4,3,1,2,2220,3765.5019288,4240.3
112400,7414,389,2,2,1,2,4050,1498.9211299,7402.67
112401,1092,2250,2,1,1,6,3100,9272.4874425,5689.5
112402,1449,2584,3,2,1,2,630,4345.0193625,7270.54
112403,4270,983,2,5,1,1,1200,5680.0910207,6926.93
112404,1783,4218,4,1,0,1,1000,7595.9610556,3762.52
112405,926,3523,2,1,1,5,3800,8245.7470934,19549.52
112406,5885,959,2,1,1,4,1560,11437.28783,5860.2
112407,1173,3066,4,5,1,3,820,10287.925186,10929.98
112408,4181,1273,2,1,1,3,3190,2348.3577899,8407.38
112409,2064,2774,2,1,1,4,1200,8425.6245028,13303.62
112410,1780,4221,2,1,1,1,4700,3533.7728599,9162.14
112411,4036,1403,2,1,1,2,1600,3395.1621737,6639.62
112412,536,3530,2,5,1,3,2460,9514.9874223,10846.75
112413,4888,133,4,5,1,2,770,10911.365192,9490.5
112414,6685,502,2,1,1,2,3990,1976.5569547,8534.54
112415,17264,0,2,7,0,2,1500,955.93048171,4116.21
112416,5479,1065,2,1,1,3,1600,8314.6434326,8796.22
112417,5365,839,2,3,1,2,3500,3376.9911765,11433.64
112418,5167,1121,2,3,1,1,1800,3780.9524866,13668.58
112419,3796,1215,2,2,0,2,1010,4595.2374282,2897.49
112420,6071,755,3,1,1,2,1370,2089.9512294,4409.61
112421,5293,820,2,1,1,1,1580,4011.3009816,4278.61
112422,4178,61,2,7,0,3,3000,5401.0488338,4490.71
112423,6376,588,2,2,1,3,3800,1517.3464884,7107.64
112424,103,4900,2,5,1,1,1200,12237.1357,7907.56
112425,4150,1294,2,1,1,2,3500,7573.6187495,13171.66
112426,4149,1239,2,1,0,2,2000,6964.7535793,9134.17
112427,1931,2857,3,5,1,2,1150,4592.8660442,7710.3
112428,1987,2643,2,5,1,4,3450,7972.8547311,20908.04
112429,5492,848,2,3,1,1,1030,7314.7287089,4591.54
112430,0,4813,2,-2,1,4,1850,1409.9646848,13731.71
112431,3329,1553,5,5,1,3,1600,11646.675249,31828.5
112432,3431,1421,2,5,1,1,1580,3781.0748595,14172.02
112433,6229,734,2,3,1,3,3130,2905.3467729,9620.74
112434,1035,3391,2,5,1,3,990,10778.494889,21015.03
112435,5301,822,3,1,1,4,1600,7933.18954,10372.91
112436,5975,850,2,1,0,4,1230,9281.5295067,9650.22
112437,6876,829,2,1,1,2,3970,3613.3297088,7542.15
112438,4505,313,2,1,1,1,3000,4961.3221858,4024.01
112439,4211,1373,5,5,1,2,900,11035.695413,11547.89
112440,3913,789,1,5,0,4,1010,11310.824246,11077.22
112441,2852,2004,2,1,1,3,2900,7171.4671454,12663.65
112442,3194,1470,2,1,0,6,3070,12540.297213,5027.35
112443,5556,1207,2,1,1,5,2690,10762.500753,9136.98
112444,5529,837,2,5,1,2,1050,6199.2954063,8735.27
112445,3917,1536,2,5,1,3,2280,6484.6160035,18432.14
112446,8245,322,2,3,1,2,2690,3130.4396026,3708.35
112447,8188,562,2,5,1,5,1700,5432.2293214,6159.42
112448,3632,1355,1,7,0,3,720,7693.2803114,10439.95
112449,1749,2297,2,5,1,1,1530,5599.6868467,6774.32
112450,7877,220,2,1,0,2,2050,2093.5418512,10372.19
112451,1783,4216,4,5,1,3,580,8519.8523076,15495.07
112452,3802,1536,5,1,0,1,860,11306.046564,2188.43
112453,5694,727,2,5,1,4,2300,9370.6340805,20166.17
112454,6013,851,3,1,1,2,3350,2181.5615453,6448.46
112455,4192,1370,5,1,1,3,790,12303.195724,3809.75
112456,10824,0,2,1,0,3,3600,827.76546962,8840.31
112457,5615,789,2,1,1,2,1380,14881.578059,9900.51
112458,1729,2454,1,5,1,2,1500,6543.0679455,17765.88
112459,5172,922,2,-2,0,6,4530,1918.4662639,1164.91
112460,7214,879,2,1,1,2,2800,6187.9998753,7210.39
112461,0,4031,5,-2,0,2,800,2018.8502552,6098.3
112462,1105,3550,2,5,1,3,2100,9863.6818508,17423.09
112463,2624,1747,2,1,1,3,2650,8326.1799195,19635.31
112464,8582,566,2,5,1,2,2500,826.36154036,29954.75
112465,5458,996,2,1,1,2,1570,8953.7520864,11183.71
112466,1169,3132,2,1,1,1,1600,12247.656607,7561.34
112467,1135,3626,2,5,1,1,1680,8679.9666709,10397.77
112468,5065,1060,2,1,1,2,1550,2460.9567534,7008.63
112469,4409,1128,2,5,1,5,4200,4165.5683427,24317.75
112470,4717,914,5,5,1,1,1100,3651.8879256,3860.62
112471,4216,1174,5,5,1,1,740,7608.9593295,5418.69
112472,4591,787,2,7,1,2,1070,8352.3231493,11958.93
112473,4653,1213,2,1,1,1,1800,8016.3037777,10924.01
112474,1120,3339,2,1,1,2,2200,8950.6678663,10911.04
112475,5783,854,2,1,1,4,2600,9301.0161751,11728.93
112476,5377,929,2,3,0,2,4500,3055.0178937,2998.06
112477,3983,1468,2,1,1,2,1600,8662.5824256,19496.29
112478,874,5362,3,5,1,3,1600,2856.5344961,8265.84
112479,10593,1,5,5,0,1,500,1218.2538129,1935.65
112480,8524,9,2,3,0,2,1550,900.04343339,10184.96
112481,4224,300,5,5,1,4,1100,8978.4344425,7197.36
112482,4160,1606,2,2,1,2,1800,5024.625275,18140.18
112483,1504,3813,2,1,1,1,1630,6017.7205833,8426.11
112484,309,4384,3,5,1,1,1590,7773.5004137,19558.17
112485,3441,1364,2,5,1,2,3000,7746.0163296,11816.8
112486,5505,845,2,1,1,4,1580,4254.8249616,6527.57
112487,10496,6,3,1,0,2,1240,525.9518512,4211.31
112488,5524,977,2,2,1,3,3220,1888.2524934,11877.48
112489,4854,646,2,1,1,2,2050,3393.6346211,8781.17
112490,6340,757,5,5,1,1,850,18299.387347,6553.7
112491,4077,1338,2,1,1,2,4120,5905.3610087,21913.37
112492,1016,1197,2,1,0,1,2130,17066.401548,4780.69
112493,1079,3007,4,5,0,1,1400,6851.7262898,6587.83
112494,4222,900,2,7,1,2,3400,4210.9914878,15398.34
112495,4885,980,3,5,1,2,1350,9697.7991691,21761.35
112496,1173,2890,5,5,1,1,660,11398.6582,2521.46
112497,4939,1000,2,5,1,2,1010,10235.877965,25534.71
112498,6324,782,2,1,1,5,2550,9685.1292736,14325.05
112499,6830,553,2,5,0,4,1900,915.53188896,8399.0
112500,4861,1115,2,1,1,3,3750,4434.0480472,9154.91
112501,3954,1472,1,5,1,3,1220,9705.8276672,17806.01
112502,7353,581,2,1,0,4,3750,7011.6514399,7014.91
112503,6712,837,2,5,1,2,3680,4400.3971337,22291.55
112504,6733,480,5,5,1,1,670,7366.5955415,5101.2
112505,5131,944,2,3,1,1,2400,8244.8984344,8456.59
112506,5829,875,2,5,1,2,1950,3127.7496164,18887.95
112507,10767,1,2,1,0,3,2600,987.52604061,5909.63
112508,4081,1277,2,5,1,2,1920,5204.4424231,19943.11
112509,7466,817,3,1,1,4,1220,4445.5666404,5097.39
112510,5983,831,4,5,1,3,1200,9700.405437,4885.3
112511,7121,538,5,1,1,1,700,4163.3903464,2736.85
112512,4167,1289,2,5,1,2,1080,3681.8385931,21285.65
112513,5464,1133,2,1,1,1,1530,4121.2452542,5484.34
112514,4665,124,2,7,0,1,580,7802.6819965,20505.25
112515,5475,939,2,5,1,1,2000,8665.6219137,8662.94
112516,896,1234,5,5,1,2,740,13800.128995,4094.18
112517,5457,1043,2,1,1,4,2010,12975.017046,8376.36
112518,430,4101,2,5,1,4,2240,9970.6145535,26968.02
112519,2215,1953,2,1,1,3,1400,11268.52942,10633.15
112520,6111,1063,2,2,1,2,2530,4146.6036727,9486.7
112521,1856,2219,2,5,0,2,1390,7118.663348,7837.13
112522,4286,277,5,5,0,2,780,8622.2605348,11546.4
112523,2882,1871,2,5,1,1,1600,3496.691179,9099.8
112524,4048,1338,2,1,1,3,3250,5535.8617733,17925.79
112525,3996,1297,2,1,1,2,2200,7561.5714882,7929.86
112526,0,4780,2,-2,1,2,1000,1462.4105788,4139.54
112527,4509,310,2,1,1,3,2400,5570.723463,11661.44
112528,1079,2351,2,1,1,1,2800,9301.6410336,6017.48
112529,4414,1254,5,5,1,2,860,10277.717939,7378.06
112530,7277,517,1,2,0,1,1340,2130.9562644,7513.54
112531,6318,794,5,5,1,1,1200,10862.367819,2995.32
112532,1234,2976,2,5,1,1,2300,5113.4619682,15823.16
112533,5186,897,2,1,1,7,1640,5322.3571902,19167.66
112534,5641,857,2,1,1,4,1860,4890.2487495,11808.11
112535,4375,1100,2,5,0,2,600,4571.6213003,11945.71
112536,4775,1102,2,5,1,3,1850,5855.273907,23069.15
112537,3080,1763,2,1,1,2,3390,3977.3163528,12700.85
112538,7171,889,2,1,1,4,2550,4349.3550887,16796.2
112539,5808,794,3,1,1,3,1440,8814.4693992,7636.33
112540,1856,2866,2,1,1,2,3500,9339.8193707,9137.93
112541,834,3458,2,-2,0,3,1500,5805.1362784,18085.77
112542,5544,977,2,1,1,2,3100,10064.541388,4022.13
112543,4108,1426,2,5,0,3,2230,2800.0943841,14931.55
112544,7671,584,2,2,1,2,1810,6472.7816086,6519.33
112545,7130,859,2,1,1,2,3070,7467.3012605,5325.47
112546,2621,1746,2,1,1,4,1910,6467.8209682,12219.99
112547,4722,1328,2,1,1,7,2560,4760.4136379,20827.96
112548,3776,1529,2,1,1,3,2400,7458.6950728,9310.99
112549,1154,3057,2,5,1,4,2000,13059.011477,20088.59
112550,3845,1329,2,1,1,2,2520,4474.6873574,14077.03
112551,6907,643,1,2,1,2,1070,821.98637711,5521.81
112552,3167,1625,5,5,0,1,1000,11255.007793,18541.55
112553,7550,423,1,2,1,2,1600,5781.8659091,12303.98
112554,6109,1066,3,1,1,2,1500,4240.0494404,4097.23
112555,4326,259,2,5,1,4,2210,5893.8984714,18995.22
112556,5801,906,2,1,1,5,2800,7754.1486638,12746.14
112557,5949,948,2,1,0,2,2180,7783.5436358,6850.64
112558,1351,725,2,1,0,4,1200,14258.337947,7481.88
112559,4401,358,2,2,1,3,2500,5196.7305313,14171.56
112560,4815,1113,4,1,1,4,750,24893.856335,4699.82
112561,7418,844,2,5,1,1,2400,4400.3971337,35057.84
112562,6277,965,2,2,1,6,3120,3716.5457898,8022.31
112563,7077,833,2,1,1,2,2330,4462.0097712,9470.64
112564,4855,913,5,1,0,2,1100,4885.4685792,2884.85
112565,3382,1649,5,1,1,1,900,9515.8758752,3213.29
112566,5180,973,2,1,1,1,1840,6673.6213819,4796.35
112567,1077,3066,2,5,1,2,1960,8406.1456184,21616.22
112568,1725,2490,2,1,1,1,960,5488.2447747,8660.16
112569,2287,2126,2,1,1,2,4800,4693.5537469,8905.31
112570,4530,1359,2,1,1,2,4360,6956.0913318,11410.75
112571,5984,869,2,1,1,7,2930,10048.254076,19547.53
112572,6060,832,2,1,1,2,2700,5881.8780644,5806.63
112573,7458,762,2,1,1,1,2400,6284.3287861,7168.52
112574,2630,1773,3,5,1,3,2550,5474.3539177,19136.84
112575,3754,1558,2,7,0,1,800,3232.6509891,3490.61
112576,4860,960,2,1,1,3,3200,1840.4669307,6680.85
112577,995,3044,2,5,1,1,1850,3790.1740104,16456.76
112578,5994,776,2,1,1,3,3100,5789.3272216,6377.73
112579,5078,814,4,5,1,4,790,6152.6359894,10295.76
112580,9595,433,2,2,1,2,2350,963.16190962,7562.67
112581,4933,1104,2,5,1,5,5260,6932.4853489,71588.34
112582,1876,2821,2,1,1,2,2350,8723.1950639,20647.73
112583,2603,1736,2,1,1,4,3900,6830.9417922,17403.34
112584,4980,1022,3,1,1,3,2750,5824.1665709,6562.47
112585,6358,616,2,1,1,3,2160,3493.2077038,7412.88
112586,5556,1198,2,1,1,4,9800,4697.563726,12104.73
112587,6682,823,2,1,1,5,3980,901.08686363,7844.59
112588,3036,2386,1,5,1,2,1450,4615.7372219,17549.72
112589,5881,902,2,1,1,3,3000,6463.1177803,11438.01
112590,4306,1326,4,1,1,4,750,12277.729138,3147.25
112591,97,4908,5,-2,1,1,900,20962.654766,4154.77
112592,5980,859,2,1,1,4,2020,10047.002471,7192.76
112593,7002,661,2,1,1,2,3200,5361.4125643,6964.73
112594,2042,3245,2,1,1,2,1990,8499.1214998,6930.08
112595,1186,3374,2,5,1,2,1560,8524.1464824,10273.28
112596,1447,2706,2,5,1,1,4800,7473.3022004,17151.24
112597,2015,2714,4,1,1,3,500,21447.214849,6154.92
112598,5127,784,2,5,1,1,2300,1793.1275169,15491.75
112599,1858,1434,2,5,1,5,1300,10020.839078,12583.22
112600,1125,1483,5,-2,0,1,950,18838.919662,1691.31
112601,1798,2268,2,2,1,1,1500,7953.4041639,4828.7
112602,2650,1760,2,1,1,1,1200,10094.421168,11535.29
112603,2614,1959,4,5,1,1,830,5164.588419,7183.4
112604,2766,1611,2,1,1,4,1800,6241.1527458,16155.75
112605,4401,1268,3,1,1,3,1370,9999.4963509,4117.36
112606,6381,702,3,1,1,2,3200,5148.9457622,5242.28
112607,3019,1793,2,1,1,2,1000,4299.386307,6617.15
112608,4317,1033,2,1,1,2,1240,5837.6022512,7500.47
112609,874,5362,2,1,1,2,2110,4058.0298363,9722.53
112610,3692,1476,1,5,1,5,600,5458.7981678,14854.74
112611,2216,2117,2,5,1,2,2200,8039.9036403,25209.74
112612,5115,1062,5,5,1,1,530,4895.9775973,1600.33
112613,6410,301,2,7,0,2,2990,5181.4593976,10320.39
112614,5144,1003,2,1,1,2,2150,4174.1646887,9112.83
112615,3344,1710,5,5,1,2,1500,1975.0479272,7511.84
112616,6814,606,2,1,1,2,2000,5851.001604,9543.8
112617,5209,1086,2,1,1,4,2100,6342.8109073,13839.04
112618,4886,1027,3,1,1,6,2670,7684.2799223,9744.84
112619,9050,326,2,2,0,2,1560,6379.7424266,10590.12
112620,6995,928,2,1,1,2,1920,1622.8276517,6815.39
112621,5908,888,4,1,1,3,900,7222.993703,4680.3
112622,4734,1001,2,1,1,5,5070,6501.3490503,31423.22
112623,6406,700,2,1,1,5,4090,7880.4226966,9953.09
112624,6034,783,3,1,1,1,1200,4367.8331447,6950.45
112625,4619,266,2,1,1,2,1350,5024.6621006,5053.87
112626,2622,1859,3,1,1,2,2200,5193.4506629,10410.0
112627,4407,1228,2,1,1,3,2160,6466.5220656,8427.48
112628,2016,2298,3,5,1,3,2560,3580.4707905,23675.77
112629,4954,999,5,5,1,1,650,12256.624116,7494.3
112630,5456,1225,2,1,1,2,3240,3846.2907342,6972.74
112631,3860,1088,2,5,1,2,1630,6070.2870017,19296.31
112632,5635,896,2,1,1,3,3880,3573.9578838,7972.88
112633,5355,918,2,3,1,2,3600,3778.8524963,15386.01
112634,3114,2224,2,1,1,2,750,5208.186145,7676.3
112635,4376,1241,5,3,1,2,900,10031.427774,8265.79
112636,134,4640,5,5,1,1,1350,12227.486595,12578.02
112637,4300,253,5,-2,1,2,370,9040.1707605,962.88
112638,3600,1403,1,7,1,1,960,9058.0014563,6876.99
112639,4198,1360,5,1,1,1,500,12285.888852,1506.42
112640,7674,723,5,1,1,2,970,18214.545483,4096.19
112641,1142,2794,2,1,1,4,1500,12883.171081,18139.66
112642,2432,1861,2,5,1,2,1700,8918.6330905,16850.23
112643,5173,986,2,5,1,3,1980,12157.944919,19505.07
112644,4071,826,1,5,1,3,1220,8955.1061504,12496.08
112645,4664,1091,2,1,1,2,4900,3146.0125865,18076.75
112646,5053,1197,2,1,1,4,1530,5526.2947058,12160.83
112647,1994,2642,2,1,1,2,4700,6281.7976639,23759.61
112648,3181,1852,2,1,1,1,900,7012.9483278,4582.03
112649,5438,799,2,3,1,2,2690,5516.0499924,7874.78
112650,2181,2516,2,5,1,4,2550,7127.0959662,18684.53
112651,9270,0,2,3,0,4,1750,915.69696304,6172.01
112652,5969,815,3,1,1,3,1920,4863.718565,4775.84
112653,2808,1959,2,5,1,4,5000,4643.6253622,22146.91
112654,1630,2752,2,5,1,6,3850,7033.320779,20517.07
112655,4508,1375,2,5,1,2,2500,7389.0753715,23959.77
112656,3057,1660,1,5,1,2,1220,8157.3437561,17550.49
112657,4729,1324,4,5,1,2,800,9123.528962,6332.16
112658,2863,1632,2,1,1,1,1600,7970.3999049,8256.68
112659,1286,2997,4,5,1,1,1200,6116.80717,6327.77
112660,5206,851,2,5,1,4,2020,2353.9037185,6114.93
112661,4747,1313,2,1,1,5,1590,4283.9390832,14906.8
112662,7176,896,2,1,1,4,2580,5804.9724844,8429.02
112663,2344,2846,2,2,1,2,6400,11142.966035,17218.17
112664,5864,686,2,7,1,3,5750,3486.3958459,11585.57
112665,5026,884,2,1,1,3,1070,3936.1371301,18732.4
112666,5617,963,2,1,1,3,5200,6099.9297286,10936.65
112667,1119,2992,2,5,1,2,2880,10279.101978,12075.9
112668,2617,1730,2,1,1,3,1600,13625.441402,7346.89
112669,546,3818,5,1,1,2,950,15890.966319,9820.64
112670,7934,704,2,2,1,3,3000,2098.4750326,8765.19
112671,2712,1602,2,7,0,6,3340,6678.2364973,17973.49
112672,1002,1309,3,5,1,4,980,7538.3310113,4693.06
112673,8177,494,4,5,1,3,900,1174.3429849,7721.42
112674,8168,496,1,2,1,2,1400,949.78851677,9498.82
112675,4291,1109,2,5,1,4,1110,4341.2288089,16595.31
112676,4308,1276,2,1,1,3,2800,8911.7919749,12729.25
112677,5368,726,2,1,1,1,2060,1470.3513167,4018.68
112678,876,5354,2,5,1,3,1870,5273.888902,23218.94
112679,4347,1164,2,1,1,3,4900,2557.7819561,21174.82
112680,8112,281,2,3,0,1,3750,950.02353533,5774.31
112681,3564,1611,4,1,1,2,940,7316.8598508,3740.28
112682,6832,698,2,2,1,3,2380,3667.7557758,6256.87
112683,3089,1764,2,5,1,1,1260,3259.9016052,11282.07
112684,4752,1106,2,3,1,3,1650,5446.1472422,3308.5
112685,4757,224,2,5,0,2,2350,4510.8285319,22007.39
112686,6884,628,2,1,1,2,1670,1141.6256821,8237.41
112687,3822,1246,5,1,1,1,860,9449.9858232,3116.41
112688,5361,828,2,5,1,1,3200,8694.1630084,22642.12
112689,4207,1328,5,1,0,1,620,9912.5651552,629.69
112690,5983,935,1,5,1,2,1440,6509.027212,10769.35
112691,9183,500,1,1,1,2,1340,827.06206579,9733.99
112692,2808,1958,2,5,1,2,2820,5907.9183366,21364.89
112693,1061,2243,2,5,1,1,840,12238.282623,5217.82
112694,4409,1128,2,1,1,2,1850,4274.9165404,14602.66
112695,4935,1150,3,1,1,3,1730,3221.1017128,7611.55
112696,4158,1268,2,3,1,1,3000,3224.9953462,9071.21
112697,2494,1835,2,5,1,2,600,7989.3137895,16374.94
112698,10784,1,2,1,0,1,1500,665.14583849,7433.42
112699,5342,900,2,1,1,2,1680,4338.3639511,3676.13
112700,5140,1024,2,1,1,6,3750,4645.3810193,13350.23
112701,975,2929,2,5,1,3,1600,11203.398544,10140.4
112702,3320,1552,3,5,1,1,860,2054.0257337,4197.73
112703,3903,1215,2,5,1,4,2300,4529.6152813,19107.71
112704,3715,1339,1,1,0,1,840,4816.0629304,3848.09
112705,2889,2574,2,1,1,1,1890,3211.5225133,12537.93
112706,3876,1484,2,5,1,4,1900,5916.3759349,28132.53
112707,3281,1505,2,1,1,2,1400,4966.8148547,13529.32
112708,2420,2698,1,1,1,2,1570,4904.2401797,3460.17
112709,1750,2295,4,5,1,1,1020,5033.6311675,4146.76
112710,4574,1268,2,5,1,4,2440,6422.1081924,25801.73
112711,4077,1269,2,1,1,2,2490,1276.4523047,3349.5
112712,44,1294,2,5,0,7,2500,1854.0784806,5426.49
112713,6190,816,2,1,1,2,1810,9448.5785735,6096.0
112714,5384,80,2,5,1,2,3100,5874.0457235,15020.01
112715,5978,863,5,5,1,1,640,10702.934432,4071.33
112716,2128,2398,1,5,1,7,1280,9412.5460701,17596.78
112717,10905,0,5,5,0,2,620,1504.4478579,2672.82
112718,5190,600,5,5,1,1,400,4032.9891597,1749.36
112719,8245,286,1,2,1,3,720,1128.0275242,6408.48
112720,5927,919,2,1,1,5,2400,4783.9050561,16539.56
112721,1136,2940,2,5,1,1,950,4933.5383982,15816.6
112722,5065,209,2,1,0,7,3100,5010.5005282,14032.04
112723,1058,3450,1,5,1,1,1200,5976.6655411,21841.3
112724,95,4932,5,5,1,1,770,18781.395699,9701.38
112725,6080,765,2,1,1,3,830,13447.418372,10406.45
112726,0,4435,2,-2,1,3,2500,1749.2542985,23666.35
112727,6031,830,2,1,1,2,5250,4264.8316361,17305.58
112728,5689,965,2,1,1,1,2380,12641.77358,4449.8
112729,4022,1503,3,1,1,1,950,4303.2677309,4021.06
112730,1378,2119,2,-2,1,5,2000,9497.15381,3542.43
112731,6361,961,2,2,1,2,2480,3883.3603452,10620.14
112732,9763,0,2,1,0,2,2000,1128.7799414,17441.09
112733,4525,1192,2,5,1,1,5870,3716.4951967,21373.36
112734,5168,991,2,5,1,5,2100,18604.985831,13310.68
112735,1558,3069,5,1,1,1,750,12968.690431,7683.98
112736,1242,2325,5,1,1,4,1250,17403.201257,8865.15
112737,2672,1852,2,5,1,3,1420,5019.9139354,15767.37
112738,4739,1127,2,1,1,1,2530,14662.063807,7973.26
112739,5075,812,2,3,1,3,1630,4927.5271639,10196.95
112740,6147,814,2,1,1,3,2750,5365.240373,11195.58
112741,6212,366,2,7,0,2,4130,4961.1998237,17919.69
112742,2866,1557,2,1,1,2,2400,5301.1869346,15252.69
112743,4294,1260,1,5,1,1,850,3859.5246506,23419.66
112744,4195,1369,5,3,1,3,690,13297.505896,6089.47
112745,2360,526,2,1,1,4,3000,8630.548593,6457.42
112746,1833,2454,1,5,1,2,1200,6384.6216834,9271.66
112747,5820,1018,4,1,1,4,1290,14008.628818,6750.12
112748,1123,2999,2,5,1,2,1100,13978.236871,12642.98
112749,2396,1846,1,5,1,2,2000,7795.0292201,16354.01
112750,6918,1036,2,3,0,1,2400,1940.6405884,9603.44
112751,6427,713,2,7,1,3,1200,8946.2864241,10132.45
112752,8304,657,5,1,1,1,580,1343.3787338,3552.68
112753,419,3832,2,5,1,2,2800,14420.971333,29736.32
112754,6165,753,2,1,1,5,1510,5533.4956902,12579.69
112755,5740,798,2,1,1,4,3150,3055.0178937,26774.61
112756,6731,747,5,1,1,2,700,10422.570287,4913.52
112757,6347,691,2,1,1,3,1500,9685.1292736,13487.96
112758,2006,2244,2,1,1,3,1310,7628.3264121,7879.25
112759,5554,68,2,1,1,4,1650,5272.2538958,8971.93
112760,5844,618,2,99,0,2,1890,7890.0795246,9277.07
112761,6066,1047,5,1,1,3,1470,8099.9759973,6087.33
112762,4205,1323,2,1,1,1,2000,6385.5055346,5037.88
112763,2940,2001,2,1,1,1,2400,4934.8574576,7375.94
112764,1156,1921,2,1,1,3,4090,12647.20384,12544.9
112765,3468,1596,2,1,1,3,1520,5324.4723217,11424.62
112766,5599,945,3,1,1,2,1650,3407.0713135,8086.14
112767,3948,1114,2,1,1,3,3500,4832.1334079,17728.62
112768,5461,950,4,1,1,5,650,11710.778124,4972.41
112769,2104,1975,2,5,0,1,1200,17006.20365,3443.1
112770,3664,1184,2,1,1,1,3000,5240.385088,7151.18
112771,3725,1583,3,1,1,2,750,1642.4097355,4138.68
112772,1255,2450,2,1,1,3,1020,16113.330769,4512.73
112773,2160,343,2,1,0,1,880,9773.1947172,1853.67
112774,1247,4542,1,5,1,2,1150,6677.7003616,9793.81
112775,4444,1222,2,1,1,2,1500,6836.4957348,9315.69
112776,3740,1701,2,5,1,5,1100,3388.9727525,21081.02
112777,5260,929,2,1,1,2,2710,6499.9809886,8062.22
112778,4959,1015,2,1,1,1,1330,7253.650829,4477.22
112779,5458,996,5,5,1,2,1130,10600.469169,10117.29
112780,5585,965,2,1,1,3,4800,4025.8513174,10752.71
112781,5168,1351,2,1,1,4,3800,4691.4897109,20615.83
112782,4125,1343,2,3,1,2,1650,3046.3353281,9004.03
112783,9413,518,5,1,1,1,1110,1306.5026493,3693.98
112784,3189,1460,5,5,1,5,1300,12502.8809,8487.31
112785,2909,1579,5,5,1,1,1280,8076.0331127,3898.95
112786,5860,770,3,1,1,1,1200,3110.4388088,1734.82
112787,3654,1583,2,1,1,3,1340,7902.6925772,11337.82
112788,5414,891,2,5,1,4,1800,4646.5211506,11799.46
112789,2798,2323,2,-2,1,5,1000,5696.3087312,16021.35
112790,6030,541,5,5,0,1,850,4104.5732538,6223.15
112791,4769,1311,2,2,1,1,3240,4808.2872789,2128.25
112792,3248,1872,2,5,1,4,1500,6679.4299537,25428.44
112793,7638,415,2,7,0,1,2400,10517.98465,13985.64
112794,5750,715,2,1,0,1,700,7890.0795246,2045.92
112795,8681,414,3,1,1,2,2640,898.87366583,6079.27
112796,2071,936,2,1,1,3,3040,16521.557632,5659.18
112797,5410,889,2,1,1,4,710,13157.770206,9671.09
112798,5917,941,2,1,1,5,6600,7463.5533155,10972.54
112799,5462,1272,3,1,1,4,2800,3522.4860269,6692.25
112800,4390,347,5,1,1,1,550,6162.8287677,1777.69
112801,5495,1070,2,1,1,4,2700,5318.5784523,11538.72
112802,8845,303,2,1,1,2,760,5516.9214442,8470.01
112803,5033,1611,3,1,1,2,2100,3546.4815452,4541.25
112804,5083,881,1,2,1,2,880,4895.0685073,8549.56
112805,4375,355,2,1,1,3,2000,5666.8671889,15126.11
112806,3789,1530,5,5,1,2,750,9718.0908698,8993.51
112807,5268,1149,2,5,1,3,2400,9037.2758662,13692.53
112808,1194,3380,2,5,1,4,1500,9643.6450488,19069.64
112809,6106,802,2,2,1,4,2250,2885.2386435,9447.07
112810,1618,2395,1,5,1,1,1440,6023.9588003,11098.63
112811,4376,1019,2,7,1,1,1430,8232.7365741,7463.33
112812,6700,796,2,1,0,6,2500,884.77522466,12656.75
112813,776,1841,3,1,1,2,1840,5185.5907518,4654.93
112814,1134,3437,2,5,1,3,740,9964.489748,7701.1
112815,3829,1120,2,5,1,4,3000,7010.7901357,9513.93
112816,3002,1530,2,5,1,2,3600,6143.338109,16631.02
112817,2787,1501,2,1,1,3,6670,8742.9323822,17396.26
112818,6053,596,2,2,1,2,2670,4782.7404876,15085.29
112819,2037,3252,2,1,1,3,1770,8980.7993812,6548.57
112820,2310,2330,2,5,1,1,1000,6765.1144141,14213.14
112821,5805,929,3,1,1,2,1140,5492.5920052,4440.55
112822,3603,1407,5,5,1,2,830,7769.7753523,7563.99
112823,99,4892,2,-2,1,2,1010,16080.118227,13093.32
112824,4638,1374,2,2,1,1,2500,9184.1596099,23337.47
112825,1856,2849,5,5,1,4,1000,17595.235663,15577.74
112826,2703,1689,3,5,1,1,1120,5416.4344123,14170.17
112827,6196,801,2,1,1,2,1250,8584.207578,5022.19
112828,9845,283,2,3,1,2,2110,2305.2338606,7343.81
112829,4879,404,2,5,1,1,1310,5164.3261644,12446.09
112830,1857,3559,2,5,1,2,1800,4552.6980251,14224.21
112831,3574,1627,2,1,1,2,2100,3608.8889461,14416.02
112832,5499,1105,2,1,1,7,1600,8476.6659473,8925.71
112833,976,2945,2,5,1,3,2640,11030.650676,23114.11
112834,6104,585,2,3,1,2,1000,7696.2981772,5866.34
112835,4415,360,1,5,1,1,1500,5394.8976819,16220.4
112836,1514,2707,2,5,1,4,1680,7644.9243457,12843.91
112837,4392,1254,2,1,1,4,4390,6268.4838442,6996.93
112838,3368,1517,2,1,1,2,1600,8749.6775365,12339.49
112839,7014,541,4,1,1,5,1850,4575.5760672,8804.88
112840,6286,737,2,1,1,2,2830,5990.8188558,12992.13
112841,4212,1330,5,1,1,1,700,13015.802372,2493.54
112842,4276,280,2,7,1,3,2400,5775.6066578,17238.15
112843,3573,1549,2,7,1,3,2400,9617.5647817,12549.31
112844,2658,1681,2,1,1,3,1950,7763.2055207,11164.08
112845,3134,2168,5,5,1,1,780,9030.9818345,13195.77
112846,2144,3635,2,1,1,4,2850,4277.2945128,22824.38
112847,4615,272,2,1,0,1,3000,4965.2994194,3084.04
112848,1555,3074,2,5,1,2,3300,6067.6207732,14748.9
112849,4883,134,2,1,1,6,2400,6017.4489543,19990.61
112850,4438,330,5,5,0,2,700,5472.9715007,2981.09
112851,1080,3007,2,5,1,3,2400,5449.1793039,22886.0
112852,4601,1161,5,1,0,2,850,5559.0541968,3619.67
112853,5269,975,2,1,1,4,3150,9408.1701631,8074.86
112854,901,1442,3,5,1,2,1450,8365.1210845,3415.67
112855,741,3647,2,5,1,2,2000,4737.7771134,14884.57
112856,992,5072,2,5,1,2,1690,4164.1303761,13510.47
112857,5132,981,2,1,1,4,1550,9942.587836,14623.66
112858,2318,2205,2,1,1,1,2200,9915.5537907,11028.77
112859,1766,4248,2,1,1,1,2240,3435.9784197,7444.1
112860,2847,1481,2,1,1,2,2500,7871.7710217,11981.38
112861,5914,950,2,1,1,2,2800,6145.3680393,8527.21
112862,6605,755,2,1,1,1,1600,1660.6584375,2498.19
112863,5935,1018,2,1,1,2,2200,4632.0526717,4126.01
112864,5072,974,3,1,1,2,1050,6119.9365906,7993.74
112865,3797,1240,3,1,1,3,800,2338.6758465,15086.05
112866,2290,279,3,5,0,4,2500,8167.4636989,1521.76
112867,1232,2373,5,5,0,4,1000,16958.113451,5527.25
112868,3719,1165,2,5,1,4,1880,6536.7446901,8510.23
112869,1225,1147,2,1,1,1,2500,8402.135404,6084.89
112870,2617,1760,5,5,1,1,590,11454.168065,7003.53
112871,2027,529,5,1,1,1,620,14698.758556,1517.07
112872,10589,1,2,1,0,3,1800,789.9976007,11773.38
112873,2610,1804,2,1,1,2,1540,10426.947209,6646.57
112874,4125,1316,5,1,1,2,1220,9824.3947767,24067.03
112875,535,3527,5,5,1,2,930,20715.578744,9942.51
112876,4754,692,2,5,1,3,1620,7875.7733383,26070.97
112877,4584,1528,2,1,1,1,3400,4056.4023005,18683.0
112878,954,5148,2,-2,1,4,4000,5101.0387163,30588.0
112879,2185,1902,2,1,1,4,3300,16982.148203,10139.94
112880,3211,1977,3,1,1,1,1400,2850.1278178,5647.15
112881,2944,1982,2,1,1,4,4220,5851.2961141,24209.46
112882,5522,1207,2,1,1,1,1850,11583.714348,7107.76
112883,4818,1123,2,3,1,4,3200,3187.3648255,9725.84
112884,5323,944,2,1,0,2,3750,1938.7023484,5960.21
112885,5761,895,2,3,1,3,2020,6732.9402611,9414.06
112886,6033,1074,2,1,1,2,1450,3797.7326749,8011.73
112887,2650,1731,2,1,1,5,2900,6322.0049628,18220.63
112888,5482,1060,5,1,1,1,950,6317.5491379,3634.14
112889,3707,1628,3,1,1,1,1500,1641.1618426,8726.41
112890,5608,884,5,1,1,2,2000,2511.8403119,7739.03
112891,4909,604,2,1,1,1,1660,6965.3376704,2694.72
112892,4177,1276,2,2,1,1,1100,3186.3935421,5319.6
112893,1247,1795,2,1,1,2,2150,9716.7022724,2419.28
112894,5261,1406,2,1,1,3,1800,6057.0554025,8983.8
112895,4689,1108,2,1,1,2,2510,5438.6833669,11516.12
112896,743,3774,2,5,1,1,1580,10942.219264,16784.45
112897,7124,575,2,1,1,6,1850,905.87224035,27126.99
112898,4845,658,2,5,1,1,2800,3770.5823731,10959.99
112899,7243,873,2,1,1,1,2060,6210.7075951,7881.67
112900,3461,1492,2,5,0,7,850,5028.4357722,35573.96
112901,2782,2032,2,1,1,2,1200,6578.5988749,8096.09
112902,307,4137,2,5,1,2,2720,7628.374261,18106.99
112903,1789,4207,2,1,1,3,2800,4448.9310038,13038.69
112904,2213,1934,2,5,1,6,1050,10913.516379,7060.72
112905,2066,2773,2,5,1,1,1250,11072.06161,18540.39
112906,3594,1431,2,1,1,2,2100,3249.2408619,9440.36
112907,3984,1379,3,1,1,1,1600,1578.5594244,7254.42
112908,6111,697,2,3,1,4,1100,3382.1325892,15708.97
112909,3572,1413,2,5,1,2,1500,6670.6266822,17290.52
112910,3409,1537,2,1,1,2,3400,4574.8769496,5485.96
112911,6491,749,2,1,1,4,3500,2076.1081122,5670.72
112912,5906,887,2,1,0,1,1240,9951.8211563,9468.77
112913,6198,793,2,1,1,2,2400,9681.5364435,6167.77
112914,349,4403,5,5,1,2,1100,12930.078945,9528.28
112915,4961,1136,2,1,1,2,2250,10437.414215,11837.17
112916,481,4489,1,5,1,4,1600,12189.521308,26028.35
112917,4460,1401,2,1,1,2,5920,5830.1245197,11882.44
112918,1104,3555,3,1,1,1,980,5485.7689618,9170.6
112919,875,5359,2,5,1,5,3210,5121.6100425,30966.3
112920,1535,3763,2,5,1,4,1600,4591.3507863,17302.68
112921,952,3492,5,5,1,1,630,16201.275484,9966.39
112922,6990,407,2,5,1,3,1800,2263.1608272,12056.53
112923,4316,257,5,5,0,4,900,13187.678939,9492.41
112924,1008,1192,5,5,1,1,700,11294.398071,4664.97
112925,5077,1279,2,1,1,2,2850,4576.9376187,4237.85
112926,7172,836,2,1,1,2,2680,3626.2675414,9401.96
112927,1715,2456,2,1,1,4,1550,7408.4312342,27459.09
112928,2152,2130,1,5,1,1,1060,5175.3690872,9997.72
112929,6171,789,2,3,1,3,900,3141.9082173,4743.91
112930,4070,1339,2,5,1,3,3000,3826.8299437,26475.36
112931,2975,2665,2,1,1,2,2480,4845.0453941,18676.11
112932,5490,1229,4,1,1,2,1250,17192.105849,6935.48
112933,796,3775,2,5,1,3,2400,10311.320631,24439.37
112934,4921,996,5,1,1,3,1120,8196.1758502,3185.23
112935,5704,527,2,1,1,2,3000,5749.7821783,8701.57
112936,4265,1140,2,1,1,7,1390,5726.5907013,16995.24
112937,4377,224,2,1,0,2,1050,6868.8152636,6766.32
112938,4631,1169,1,5,1,3,2410,6245.2334984,20782.57
112939,1777,1508,2,2,1,1,2000,9083.9972482,6991.21
112940,2876,1881,2,1,1,1,1590,4392.0731307,3309.37
112941,4743,1316,3,1,1,1,740,3137.4649266,3012.33
112942,2528,1614,2,2,1,1,2100,12877.629664,8149.71
112943,4633,1105,2,5,1,1,3200,8509.8654568,25237.64
112944,4944,985,2,1,1,4,2900,7416.9019217,18017.53
112945,6691,667,2,1,1,1,1600,8205.0683418,8495.68
112946,1343,1982,5,5,1,2,700,12292.699013,3919.22
112947,4182,1358,4,3,1,7,900,12180.795366,7764.1
112948,0,4997,5,-2,1,2,1500,2550.8558687,1555.11
112949,5716,946,1,1,1,2,1550,7940.5217562,7663.76
112950,8782,78,4,5,0,3,1200,5103.9846995,10602.7
112951,3253,1843,2,1,1,1,1610,7885.6107644,10092.97
112952,136,4636,2,5,1,1,200,18354.165193,5828.83
112953,3364,1687,2,5,1,7,5500,4738.8490477,35410.22
112954,6049,871,2,1,1,4,4080,10155.607425,22220.33
112955,2920,2009,2,1,1,1,2800,4484.6351777,9326.67
112956,6287,568,2,1,1,2,1650,5858.8867683,5264.99
112957,4657,1217,2,5,1,2,1600,6770.24642,6328.89
112958,5451,920,2,1,1,5,1950,6613.4967484,11344.5
112959,7908,686,2,1,1,3,1300,990.64896846,6551.15
112960,1559,2499,2,5,1,2,820,5418.3314257,13805.97
112961,14579,0,2,3,0,2,880,681.58668605,5354.68
112962,5498,1026,2,1,1,5,1550,16819.793501,9904.0
112963,7652,661,2,5,1,4,2460,6156.6498764,11158.28
112964,5562,1022,2,1,1,4,1160,8305.6324773,7985.62
112965,1558,2500,2,1,1,6,3370,5004.1133304,27962.69
112966,3808,1537,3,1,1,4,2600,5368.4718874,9728.01
112967,135,4639,2,5,1,2,1100,14631.255909,9921.06
112968,3760,1526,4,1,1,1,650,8631.4129677,3659.67
112969,6142,759,2,3,1,2,4500,4610.6215692,9661.1
112970,302,4410,4,5,1,2,700,11275.888671,10757.82
112971,3004,1668,3,5,1,2,1400,6184.9988492,9489.04
112972,5332,1290,2,5,1,3,4000,4272.1161267,27260.16
112973,4732,1320,2,1,1,4,4300,4076.0123945,15136.99
112974,4194,1360,5,5,1,1,1100,10353.969905,7440.46
112975,5788,727,2,1,1,2,1050,14717.340671,6352.79
112976,5569,1008,5,5,1,1,730,8523.3954907,5156.51
112977,2689,1731,2,1,1,4,2600,4747.2307328,14534.78
112978,1258,2447,2,1,1,1,1390,13774.89117,5346.73
112979,7185,670,2,1,1,2,1990,6993.5762734,9938.14
112980,4443,1232,2,3,1,4,800,5490.7576541,9038.27
112981,10977,2,2,1,0,2,1000,846.70558197,7754.26
112982,4727,1095,4,1,1,1,900,5598.9922355,6384.52
112983,6067,833,2,1,1,3,2300,3412.5888919,5783.42
112984,5047,1108,2,1,1,2,1500,8280.3325121,8757.62
112985,198,4540,2,5,1,1,1360,10187.635446,8180.35
112986,1362,2957,2,5,1,2,1750,9939.3167807,23138.57
112987,7310,662,2,3,0,5,3300,2548.6676364,14145.02
112988,6526,571,2,1,1,1,1390,6359.1706212,4827.82
112989,4556,1343,4,1,1,1,790,13623.06956,3268.79
112990,5290,1095,2,1,1,1,2400,8520.9884556,4412.96
112991,915,5255,2,5,1,1,1870,4063.8231733,18237.86
112992,5925,882,4,1,1,4,1200,9274.1500432,10025.25
112993,7096,1016,2,1,1,2,1400,1552.305917,6125.69
112994,2559,1747,2,1,1,2,4800,8678.7117644,16539.23
112995,6160,744,2,1,1,1,2140,4753.1244413,11567.08
112996,4208,1259,2,1,1,2,1630,2482.5990927,5138.54
112997,4170,1269,3,1,1,2,1500,1929.3557197,10534.87
112998,6795,581,2,7,0,3,1200,10880.085515,17768.72
112999,4382,1251,3,1,1,3,450,10199.332485,4107.91
113000,0,5063,5,-2,1,1,1000,1939.8625645,10493.81
113001,4761,1076,2,1,1,5,3440,8605.2394719,15171.18
113002,1216,2014,5,1,1,4,320,18380.082989,3112.46
113003,114,1325,2,-2,0,1,1960,1966.8290528,5582.77
113004,3903,852,2,1,1,2,1190,10750.723626,8086.43
113005,7067,1031,5,-2,0,4,1400,3886.7898608,5847.09
113006,7460,268,2,1,1,2,2500,1967.4611403,6345.6
113007,5251,941,2,1,0,2,1280,2517.0329174,1096.68
113008,4995,1037,2,1,1,6,1500,9445.3904744,24059.78
113009,5653,785,2,3,1,3,1800,4027.2017847,10073.76
113010,4346,1538,5,5,1,2,640,13370.152944,13458.55
113011,0,5006,5,-2,0,1,500,2003.4842648,3412.29
113012,1766,4248,5,5,1,4,950,8176.6931361,9882.28
113013,3576,1541,2,3,1,1,1200,3423.5336522,8141.68
113014,6058,759,2,1,1,2,2200,4837.0692261,15179.03
113015,2284,1838,1,5,1,1,1300,6750.473501,11178.58
113016,5697,878,2,1,0,2,700,6350.0535951,13285.1
113017,5921,840,2,1,1,3,4200,6965.9395536,3325.89
113018,2196,725,5,1,0,3,900,11872.420247,4810.25
113019,7453,390,2,1,1,4,1540,11088.395437,10663.68
113020,2361,2277,2,2,1,2,1800,5106.645391,4845.24
113021,5201,913,2,1,1,4,2430,1483.2067569,7974.57
113022,7005,472,5,5,1,2,850,3832.6507275,4462.65
113023,3661,1529,5,5,1,1,700,1585.8262422,6171.93
113024,3236,1270,2,5,1,3,800,7290.0236577,12721.31
113025,6023,743,2,1,1,2,2400,5640.4388442,11267.24
113026,1334,4084,4,5,1,4,1400,8707.3829605,13027.54
113027,2261,1176,3,1,1,1,2640,5531.1654566,5053.05
113028,5217,972,2,1,1,2,2630,11238.53196,9174.7
113029,5395,717,2,5,1,1,2700,4513.9388008,8267.41
113030,5217,903,2,1,1,4,3450,1146.8378725,9743.69
113031,5257,922,2,1,1,3,2400,5955.5906244,5972.96
113032,2945,1997,2,1,1,2,2800,3607.011016,9874.16
113033,4447,200,2,5,0,2,1500,5203.4773852,12355.58
113034,2131,2057,2,5,1,2,1500,10118.534153,10825.75
113035,5500,1104,2,1,1,1,3200,10289.739162,3940.26
113036,832,3723,2,5,1,3,7800,12829.820341,20104.17
113037,0,4960,2,-2,1,2,1650,1622.4997024,7528.91
113038,7292,513,2,1,1,1,850,1033.612213,4833.91
113039,1362,1234,3,1,1,1,360,5538.5496437,4128.78
113040,524,3906,2,5,1,1,2050,11903.243345,12064.0
113041,3567,1315,5,5,1,1,700,5299.2886666,6338.63
113042,7493,410,2,2,1,1,2580,2390.0390346,5961.59
113043,4263,410,1,5,1,1,630,6840.9770231,5699.47
113044,735,3664,2,5,1,2,3100,5024.5486384,25368.25
113045,5205,950,2,1,1,4,1100,12091.586147,9238.41
113046,4745,1110,2,3,1,2,1550,4466.8465043,10717.53
113047,4190,1366,4,1,1,1,600,12194.1285,3745.8
113048,394,4178,2,5,1,3,640,12323.163651,11257.41
113049,2502,1777,2,1,1,3,2420,9822.3250614,21524.26
113050,5289,690,2,1,1,2,3300,6857.1431031,14850.64
113051,6755,700,2,5,1,2,1330,2006.4311145,15794.79
113052,6856,744,1,2,1,1,1100,1084.888796,3165.69
113053,5836,708,2,3,1,1,4500,3382.1325892,9985.99
113054,4004,1517,2,1,1,1,1700,5398.2843582,6789.92
113055,1045,991,2,1,1,3,2000,12304.459522,8402.93
113056,1195,2063,5,1,1,1,740,18013.399841,2243.4
113057,2796,1741,2,5,1,6,3200,6307.4224607,27976.18
113058,4644,1071,2,3,1,3,3330,5370.4168113,5523.07
113059,3592,1537,2,5,1,1,1100,2478.9411223,9599.91
113060,6890,643,2,1,1,3,2720,6516.0500878,8976.11
113061,5453,1009,2,3,1,2,2250,3179.5143481,7854.87
113062,2402,1749,2,5,0,1,1500,7684.6601117,7265.24
113063,4585,186,2,1,1,1,1900,5942.9108334,3694.82
113064,83,964,2,5,0,6,1050,1362.0453366,15319.97
113065,93,4929,3,-2,1,1,1650,10663.104786,9826.05
113066,6019,948,2,1,1,4,3400,3357.9313628,16027.67
113067,6542,904,2,1,1,2,2740,3704.6170071,27798.18
113068,1931,2856,1,5,1,2,960,10192.978975,26130.6
113069,4122,1252,2,1,1,4,3200,5207.8583082,10133.19
113070,6884,822,2,2,1,2,2480,4449.7194783,15213.57
113071,1131,2985,2,5,1,2,1350,8466.1253763,19039.41
113072,7540,644,2,5,1,2,1540,6823.9059355,16635.97
113073,4856,1123,2,1,1,1,1300,9303.3899698,4901.62
113074,4240,1154,2,1,1,2,2060,6000.5467372,11215.74
113075,5248,1096,3,5,1,2,1550,2014.0928682,13714.24
113076,3898,1431,1,5,0,2,800,3634.7956947,15294.37
113077,1330,2626,4,5,1,1,850,6302.02566,13788.7
113078,6186,960,2,5,1,2,1780,3760.7127776,18068.04
113079,2174,1895,2,1,1,2,1270,10086.116138,9658.27
113080,2644,1726,2,1,1,4,2990,7978.4502175,14295.81
113081,6533,778,2,1,1,2,3500,11181.098216,4958.17
113082,205,4493,2,-2,1,3,1970,9457.4485385,12371.98
113083,4109,1384,3,1,0,2,1750,8564.1597425,4020.43
113084,4862,1060,3,1,1,1,960,5319.8862593,257.79
113085,5401,833,2,3,1,2,2400,4181.9309081,10790.83
113086,1903,2618,2,1,1,3,1840,10813.95521,18138.74
113087,6170,732,5,1,1,1,840,10951.693512,2697.01
113088,5593,833,2,1,1,2,2700,5970.1326508,9137.98
113089,5738,977,2,1,1,3,1680,7389.0753715,8786.93
113090,4660,154,2,1,1,6,3850,6259.0173966,17655.55
113091,4543,1197,3,3,1,5,1550,11093.696904,5627.55
113092,5806,913,2,1,1,2,2200,8998.6897231,9239.64
113093,234,4288,2,5,1,1,1520,12507.663404,10527.36
113094,3813,1532,2,3,0,1,1220,5605.646675,3151.15
113095,4195,1374,4,1,1,5,1600,13784.809379,7378.21
113096,2258,1845,2,5,1,2,1300,9196.8851019,9385.36
113097,5492,1228,4,1,1,2,1300,16803.995813,4949.3
113098,0,3993,2,-2,0,2,1050,2785.7700818,2354.67
113099,3403,1531,2,1,1,1,2000,4637.7200546,6774.33
113100,3948,1812,2,1,1,2,1690,7723.5867618,7960.04
113101,6256,274,2,1,0,3,1300,4302.5169631,7569.02
113102,4738,1116,2,1,1,4,3070,8252.1659003,10443.64
113103,4543,1369,2,5,1,2,2620,6349.2174088,18189.43
113104,5843,1155,4,1,1,1,680,4506.7816965,4111.41
113105,1876,2287,2,5,1,1,1460,5280.192312,7863.45
113106,8495,504,2,2,1,2,2580,820.17770187,15503.21
113107,970,3539,2,1,1,2,2700,11731.607481,17341.86
113108,4781,1182,2,5,1,3,2640,5663.3765551,20008.42
113109,6036,762,2,1,1,2,1920,8199.9538351,4358.45
113110,3842,1112,2,5,1,2,5100,5511.8438589,16466.34
113111,1991,2682,2,5,1,6,690,8099.0621384,19455.04
113112,4356,1558,2,1,1,1,900,5887.3518894,7274.94
113113,5981,788,2,1,1,4,4730,3890.9929675,7834.36
113114,6360,634,2,3,1,2,1500,3390.6425917,4537.75
113115,5687,924,2,1,1,1,1300,5050.7780965,4927.19
113116,1788,2529,2,1,1,4,1910,4678.5123327,20082.36
113117,5829,891,2,1,1,3,560,10181.791088,8558.66
113118,4928,1157,2,1,1,2,2950,5530.8558527,12755.62
113119,2324,1897,2,1,1,2,2050,10846.66597,5464.28
113120,5624,1155,3,1,1,3,1800,3769.5083883,10276.71
113121,5202,890,2,3,1,2,1300,1754.6216496,7959.75
113122,5630,958,2,1,0,2,3300,8755.8197741,8293.71
113123,3818,1338,2,5,1,2,1840,4077.2994645,14154.12
113124,5815,1187,5,5,1,3,1130,6731.0649033,8790.52
113125,2236,2427,2,1,1,2,4500,7784.2715744,19470.05
113126,92,4947,5,-2,1,3,830,20205.422243,12672.72
113127,2159,2030,2,5,1,5,3000,5956.6580189,23694.68
113128,5287,790,2,1,1,3,2190,3134.4222071,9633.91
113129,2728,1904,4,1,1,1,1050,7173.8691668,5402.88
113130,4376,1515,2,1,1,3,2700,6804.0092302,13372.07
113131,8027,488,3,1,1,2,1800,3787.4222829,7797.87
113132,5109,1539,2,1,0,1,1800,7580.9849171,4410.07
113133,8986,284,5,1,1,1,540,7890.4974575,3142.23
113134,3206,1371,2,5,1,1,1920,6594.2462801,9093.15
113135,3767,1461,5,5,1,4,900,8591.5963664,5747.94
113136,5596,1189,2,1,1,2,2290,7343.5014818,10582.22
113137,5300,927,2,1,1,4,2700,3055.0178937,9020.99
113138,3082,1543,5,5,1,1,1300,8713.578609,6766.46
113139,4387,1089,1,5,1,3,1250,3231.2121104,21170.58
113140,141,4633,2,-2,1,2,1010,14433.882347,8858.73
113141,6995,928,2,5,1,4,1520,1647.5152251,16282.75
113142,5082,1007,2,1,1,2,2000,5570.4972788,6293.55
113143,4517,254,2,2,1,1,1500,4536.0646389,12145.63
113144,3350,1128,2,5,1,2,4500,10301.402696,23171.15
113145,1615,3654,2,1,1,2,1060,5611.7845912,6244.94
113146,6589,699,5,1,0,1,1500,15133.04229,4948.39
113147,7197,877,4,1,1,1,1200,8619.6739622,3025.13
113148,5505,1231,5,1,1,1,700,9998.3279913,1610.41
113149,278,4045,2,5,1,2,2340,10039.442488,8512.02
113150,1084,2958,1,5,1,2,1200,5805.1941008,15503.76
113151,8700,652,2,1,1,6,6250,783.55519418,19376.42
113152,8335,626,1,2,1,2,1280,1050.7122438,5079.45
113153,670,3575,3,5,1,1,1700,6451.9188914,6106.07
113154,2642,1810,2,5,1,1,1850,7550.9454715,14792.74
113155,948,3020,5,5,1,1,950,17086.724852,4098.5
113156,4948,1039,2,1,1,4,3000,6739.0167936,8754.77
113157,4952,1070,2,1,1,2,1540,11472.643002,6497.28
113158,3534,1422,2,7,1,1,1000,3347.1181547,7450.04
113159,5846,756,2,5,1,2,3600,6032.0576555,11873.36
113160,5469,1273,2,1,1,5,2270,4921.2041999,10911.8
113161,4502,1184,2,1,1,3,2600,5980.5796849,8320.26
113162,5293,920,2,1,1,4,1750,4573.6184049,7566.41
113163,1269,4494,2,1,1,1,2770,4372.1518927,14915.28
113164,4499,1144,2,1,1,5,2060,6442.0506805,7500.66
113165,1193,3240,2,5,1,2,1710,9703.6679805,13410.08
113166,4285,1342,2,1,1,1,2330,6442.5598193,6795.7
113167,965,3473,2,-2,1,3,2400,10230.823008,18446.11
113168,4723,1105,2,1,1,1,2530,6075.4683065,3408.47
113169,4385,1471,2,1,1,1,3250,8564.3680666,11243.11
113170,5079,892,2,2,1,2,2500,3602.3583674,9772.08
113171,2800,1631,2,5,1,2,3780,6945.4278043,14825.36
113172,4188,1343,3,1,1,3,1530,7293.1143053,3535.64
113173,9415,518,5,5,1,1,1080,1433.3882212,10363.19
113174,4198,1338,4,5,0,1,800,12736.1257,3599.67
113175,5094,877,5,5,1,2,940,3150.212124,8082.59
113176,896,3568,2,5,1,1,2000,10830.626368,13726.93
113177,6160,1007,2,5,1,1,2970,3688.4172699,11012.22
113178,6149,1032,1,1,1,1,1200,4045.0273904,10009.86
113179,4164,1215,3,1,0,3,2160,4499.4049453,9627.23
113180,3169,1597,2,1,1,3,1400,5267.8302194,7917.16
113181,4323,1298,2,1,1,4,2200,5601.5836187,16547.32
113182,5209,931,2,1,1,1,2900,2185.3777723,4115.4
113183,5836,1146,2,1,1,2,2750,3492.6019158,8292.04
113184,7378,645,2,1,1,3,3810,5414.5920139,5796.16
113185,1033,1224,2,5,1,3,1040,12796.520883,2815.04
113186,8441,351,4,3,1,1,1350,16045.878836,686.26
113187,5219,634,2,3,1,2,3500,4052.053346,6264.79
113188,7714,496,2,3,0,1,1700,1102.546998,1140.17
113189,4247,987,2,5,1,2,1420,4933.7708799,7247.79
113190,1,3393,2,5,1,2,640,2081.1517042,5064.89
113191,336,4633,2,-2,1,2,1500,10585.877377,9671.86
113192,4379,221,1,5,1,1,1600,6112.5585949,13048.62
113193,2714,1760,4,1,1,2,870,5247.4339134,6236.13
113194,4543,1165,3,1,1,2,900,4497.0920365,5438.88
113195,5638,964,2,1,1,3,2850,5138.5867158,4021.63
113196,1893,2228,2,2,1,2,1340,6264.2280497,9785.1
113197,901,5291,2,5,1,2,2960,4917.2282485,21360.89
113198,5879,897,2,1,1,6,1730,4467.5418021,9970.31
113199,4080,1318,2,1,1,4,3800,3914.868349,13021.35
113200,14088,1,2,3,0,6,1900,844.99698434,13050.61
113201,377,4306,2,5,1,3,1700,12471.579662,15834.04
113202,6680,807,3,1,1,1,1650,545.47924841,4353.66
113203,4208,1368,5,1,1,2,1010,8659.1234212,3353.89
113204,4728,1340,2,1,1,1,2820,7379.2089059,9388.53
113205,980,5100,2,5,1,5,1840,4754.8631458,14873.97
113206,4717,914,2,1,1,1,2850,1987.5051914,7031.02
113207,7113,971,2,2,1,1,2800,1997.9487508,6565.65
113208,3861,1430,4,5,1,1,650,6813.7062767,4434.02
113209,767,3574,2,1,1,3,2600,6648.4112461,8656.84
113210,4409,1128,3,5,1,2,1330,1381.5204554,9586.57
113211,4325,1613,2,1,1,4,960,5760.8129462,6070.77
113212,4468,1407,2,1,1,5,2700,8208.0837304,16951.09
113213,2309,1961,2,7,1,2,1190,9957.4902106,4629.8
113214,5396,863,2,3,1,2,2190,4371.9094271,5990.09
113215,5488,1227,4,1,1,4,2000,19601.526766,8308.8
113216,6551,568,2,1,0,1,1200,2585.4253054,1907.07
113217,4936,1081,2,5,1,2,2150,5262.0162632,34466.09
113218,4434,1226,2,1,1,2,3600,6008.4365182,9154.28
113219,4447,1256,5,5,1,1,750,7335.6060172,7743.76
113220,2461,1769,2,5,1,3,2200,7890.9478529,19373.08
113221,3480,1585,2,1,1,1,1450,5314.0312448,7209.35
113222,2036,3254,2,1,1,2,2000,12435.491208,4398.33
113223,6293,987,2,1,1,1,4450,3500.5295298,14898.88
113224,138,4612,2,-2,1,2,620,10620.352709,15385.8
113225,7684,352,2,1,1,5,2420,2285.9712201,23067.79
113226,1086,2933,2,5,1,2,1850,10145.547537,25371.94
113227,1251,4513,3,5,1,2,1790,2354.2324786,12762.02
113228,2729,1724,2,2,1,4,4800,6624.7598499,28135.51
113229,8043,462,2,2,1,2,3400,3613.3297088,12186.27
113230,1345,4063,2,1,1,1,600,5593.5762606,5586.64
113231,874,5358,2,5,1,6,1200,7194.5819727,16069.82
113232,8725,68,5,1,0,1,640,1774.9021183,2028.46
113233,5001,1101,2,1,1,3,2900,5462.1647648,17378.44
113234,1575,2550,2,5,1,5,2840,5807.1454551,16739.18
113235,17264,0,2,3,0,4,840,955.93048171,8409.36
113236,2252,2927,2,1,1,3,1440,9425.2779393,13209.1
113237,6404,713,2,1,1,2,2620,9965.9075557,11788.18
113238,10640,1,2,1,0,1,2300,935.41819927,9221.09
113239,5305,824,2,5,1,5,1250,8406.5105613,31015.89
113240,2510,808,2,1,0,1,2500,7413.0353584,2570.96
113241,4933,202,2,1,0,2,850,5328.4321464,1861.83
113242,4688,1161,2,1,1,1,2840,5066.3248917,2951.95
113243,5461,854,5,5,1,3,780,10027.342748,11107.62
113244,1826,2912,5,5,0,1,740,13489.178825,8762.59
113245,3361,1570,3,1,1,4,2100,2136.6854383,8255.11
113246,347,4407,1,5,1,1,1200,16979.242738,7500.73
113247,7233,708,1,2,1,4,2000,1984.1525536,16697.37
113248,5664,856,2,1,1,1,2960,4646.5211506,3852.6
113249,4202,1305,2,1,1,3,830,4797.8776453,12991.24
113250,8149,424,5,3,0,1,720,1563.5414499,1453.11
113251,918,3531,2,1,1,2,2450,9299.3922763,12050.9
113252,5967,995,5,1,1,2,900,11826.794575,7410.35
113253,6407,288,1,5,0,1,920,6095.3858195,6963.25
113254,6688,674,2,2,1,2,3000,3374.1057033,10614.11
113255,6751,369,2,7,0,2,4400,8249.0065941,7770.63
113256,7402,749,3,1,1,5,3900,4697.7399623,15194.08
113257,8552,563,2,1,1,2,2700,845.9819029,7062.97
113258,5327,968,2,5,1,1,2680,7647.0577403,11209.5
113259,4276,1300,2,1,1,6,2280,6813.5590288,8472.56
113260,5562,964,2,1,1,2,3000,7634.8734878,11136.37
113261,7531,228,2,1,1,2,920,2976.2625721,6480.9
113262,3087,1758,2,1,1,1,2250,4008.9661771,5854.01
113263,5787,847,2,1,1,2,1970,11436.71287,11218.58
113264,2474,1802,2,5,1,4,1200,12224.167086,7965.33
113265,3883,859,2,1,1,1,1040,8146.7959832,4975.69
113266,3318,1645,3,1,1,2,1900,1811.3825593,6654.16
113267,2743,1713,2,1,1,5,2470,11274.040622,13354.62
113268,5640,644,2,1,1,2,3150,5227.4467011,8641.82
113269,4314,1436,2,1,1,2,2500,5336.7349559,7718.99
113270,2580,2017,2,5,1,5,470,11414.037119,12158.43
113271,2192,726,5,5,1,1,780,16076.378591,2045.07
113272,3744,1596,5,1,1,2,1500,4901.9221358,9753.28
113273,814,3707,2,5,1,3,610,13351.019209,12220.84
113274,4583,1177,3,1,1,3,1050,9593.4050566,5662.17
113275,3336,1545,1,5,0,5,1150,5000.563015,20289.31
113276,4412,365,2,1,1,3,1460,6306.780448,7439.92
113277,2298,2068,1,5,1,4,900,6982.9862321,17644.7
113278,6065,1018,2,1,1,1,480,4007.6616932,3328.73
113279,2095,386,2,1,0,2,2040,9050.9725444,4180.31
113280,6171,773,3,1,0,4,2700,2457.6089452,4814.79
113281,2041,3243,1,5,0,2,1000,6954.0866936,12215.13
113282,1556,3072,2,1,1,1,1600,9062.7420916,11691.19
113283,8422,369,2,1,1,2,3520,11088.395437,3074.46
113284,4416,1274,4,5,1,4,1020,12224.218329,6946.52
113285,2176,2711,2,5,1,3,1590,10327.056068,7288.55
113286,1521,2513,2,5,1,2,4190,5375.0117705,23576.28
113287,2846,1864,5,5,1,1,1000,10731.414647,8007.64
113288,9414,517,2,1,1,3,4040,820.96252135,11944.7
113289,1764,4254,2,1,1,4,2750,5012.1419657,33117.25
113290,1247,2347,3,1,1,5,1000,9796.5255134,5960.49
113291,7997,627,2,1,1,2,2800,843.2252227,14266.91
113292,6088,749,2,1,0,1,2930,8777.0342065,4649.9
113293,358,4389,5,1,1,1,1130,14581.490086,9849.07
113294,8297,0,3,3,0,6,1780,478.61426503,9017.18
113295,5998,857,2,1,1,2,2400,6139.2561914,5296.91
113296,7060,317,1,1,0,1,810,2314.4720426,2273.53
113297,5037,1116,5,5,1,2,610,7216.3142036,4591.46
113298,10719,1,2,1,0,1,1600,755.71998091,6631.2
113299,3418,1668,5,1,0,2,630,1901.3848519,1826.26
113300,4197,1360,5,1,1,2,1100,12143.284016,6607.7
113301,2044,3238,2,1,1,1,5700,8285.8635742,19671.44
113302,4488,198,2,1,0,2,2900,5710.9222671,26000.54
113303,5560,1206,5,1,1,1,1100,12935.433709,2753.75
113304,904,5279,2,1,1,2,3800,5264.7562896,41967.79
113305,741,3646,2,5,1,4,4020,4975.6355399,13036.34
113306,6473,1005,2,2,1,2,3200,3309.7813964,10496.58
113307,2646,1843,2,5,1,2,3000,7154.7423414,8861.99
113308,10772,1,5,5,0,1,750,1340.3898131,9512.18
113309,6544,690,2,3,1,1,1800,993.27986969,4186.99
113310,4713,1333,2,1,1,4,1140,5139.6466768,6068.56
113311,4260,1273,2,3,1,3,2160,7041.4161373,13049.4
113312,3707,1595,2,5,1,2,1600,4240.5473759,14359.37
113313,6765,742,2,1,1,2,2130,8547.2030502,4147.19
113314,7170,592,2,7,0,1,1300,1074.987704,4684.84
113315,950,3493,4,5,1,2,750,12500.237736,11342.42
113316,6896,446,2,5,1,2,8050,1751.2126746,14120.39
113317,7722,7,2,3,0,4,2380,848.72938409,15229.25
113318,5380,808,2,1,1,3,1870,1970.495985,8738.54
113319,1834,2679,2,1,1,5,1700,8827.1543326,6389.91
113320,952,3157,2,5,1,2,2000,7163.2865513,11069.66
113321,3821,1125,2,5,1,2,2000,5691.4431166,25781.81
113322,5620,1061,2,2,1,1,1720,7508.6005915,12318.56
113323,3209,1439,2,1,1,5,3700,6890.1671667,13528.18
113324,3502,1611,2,1,1,5,3000,1312.2823553,14501.36
113325,3624,1317,5,5,1,2,1820,8623.7958932,12258.67
113326,4644,1150,4,1,1,1,800,8356.1064606,2187.72
113327,880,5345,5,5,1,1,630,9558.7910916,6016.13
113328,4916,999,3,1,1,1,1750,8875.7723965,2574.21
113329,4465,310,2,1,1,3,1400,5315.3529927,14679.37
113330,4293,267,5,5,0,2,510,9093.5719808,3787.93
113331,3384,1447,2,5,0,1,1110,5331.0877098,14228.65
113332,3905,1216,3,5,1,2,1400,1734.8859485,10347.41
113333,3015,1782,2,1,1,3,1500,3896.6210914,14339.68
113334,1479,2564,2,5,1,1,1170,6135.5655883,6669.07
113335,4784,1182,3,1,1,3,2230,6230.9279675,11914.64
113336,846,3674,2,1,1,4,2300,6919.3345616,17370.93
113337,5445,530,2,1,1,2,2400,4917.0800445,8259.13
113338,4219,1167,2,5,1,2,3750,3014.6516267,19901.85
113339,3950,1559,2,1,1,2,1840,8356.8026132,9830.22
113340,2607,1743,2,1,1,5,2900,9402.4641924,13401.87
113341,2083,930,2,1,0,2,1700,9309.9267518,2800.49
113342,3336,1712,2,1,1,3,1660,1237.0475458,11962.27
113343,2216,1814,2,1,1,4,2700,9550.7791436,11850.88
113344,7674,354,2,1,1,2,2000,2054.7959881,11689.92
113345,877,3601,2,5,1,4,3800,9767.7967879,23313.3
113346,4089,466,1,2,1,1,400,7522.304375,7281.56
113347,10683,1,3,1,0,1,1100,634.93225591,4117.1
113348,2638,1715,2,5,1,2,1800,6296.0425628,20244.53
113349,5360,916,2,1,1,2,2500,3701.8327887,11309.01
113350,4356,1210,2,1,1,2,2250,7660.6635978,11583.97
113351,3924,1414,2,-2,1,2,2380,5133.0351237,13399.91
113352,2169,2466,2,5,1,2,3700,7296.6088053,19873.92
113353,1070,890,2,1,0,3,3050,9741.2953062,11517.02
113354,5523,1179,2,1,1,2,2200,6856.8959889,8144.45
113355,3493,1496,2,5,1,1,1310,3796.7804217,8785.98
113356,4947,996,2,2,1,3,1500,19375.674248,20100.68
113357,3726,1457,3,1,1,1,1400,2757.9074949,15358.83
113358,5662,888,3,1,1,1,4670,1987.3083071,4960.93
113359,8078,388,2,1,1,2,2500,1021.2592808,9373.34
113360,1283,1803,5,1,1,2,700,14210.376104,3092.31
113361,5532,1042,2,1,1,6,1880,4942.2044808,9041.68
113362,5105,1039,2,5,1,2,3600,4770.7120079,24466.4
113363,5588,1089,2,1,1,2,2300,7195.9868584,6180.94
113364,5593,754,2,7,1,2,1650,6681.7920841,8447.81
113365,4815,1100,2,1,1,1,1500,7359.683626,4140.79
113366,5116,1275,1,1,0,1,560,4573.9186897,954.73
113367,4409,1129,3,1,1,1,2340,1998.0129161,4024.41
113368,3368,1503,2,7,1,1,2240,4210.9914878,4184.26
113369,8200,489,2,1,1,2,1730,873.88900121,4920.17
113370,5726,955,2,1,1,4,5370,8607.2493232,12586.44
113371,5810,881,2,1,1,5,2700,5990.6362958,18891.73
113372,1316,2624,2,5,1,2,1650,6596.1663105,9553.06
113373,856,3297,2,5,1,2,4000,4859.4995172,10570.35
113374,5817,880,2,1,1,1,2550,5784.7586972,6380.32
113375,4677,1050,2,1,1,2,1550,6419.6972984,9379.59
113376,5354,821,4,5,1,1,820,9000.5749085,6152.26
113377,2739,1703,2,1,1,4,2670,7419.6167664,12618.91
113378,1136,3626,2,1,1,2,2600,9014.7138746,13857.32
113379,4168,1331,1,5,1,4,920,5318.1022384,5033.33
113380,4096,1248,2,1,1,3,2000,7191.6927606,11551.7
113381,1108,3549,2,1,1,2,2360,7176.0753261,9007.93
113382,200,4520,2,5,1,2,2100,11053.189951,10434.24
113383,10055,2,2,1,0,2,3040,726.06972518,10110.58
113384,4737,1320,4,1,1,2,980,7250.4401046,6728.02
113385,1431,3919,2,1,1,3,2880,4261.5304921,21524.29
113386,891,1869,5,-2,1,2,730,17461.830917,3451.33
113387,4194,1370,5,1,1,1,680,7147.5855137,3819.45
113388,7276,521,2,5,1,4,2000,1019.8108721,10323.0
113389,1080,935,3,-2,0,4,840,9992.1180421,1920.75
113390,1363,3080,5,5,1,1,1100,11574.717458,14473.27
113391,4151,1232,2,1,1,3,2220,7327.3699434,9177.83
113392,1878,2144,2,1,1,5,3000,9807.6507337,8461.37
113393,4807,1127,2,3,1,1,900,3756.049377,4927.81
113394,0,3993,2,-2,0,5,980,1496.494977,6544.55
113395,4002,1363,2,1,1,3,1600,4301.8383983,11424.32
113396,7377,477,2,2,1,2,2250,2513.5338098,10823.43
113397,3534,1402,3,1,1,1,1400,2747.5770788,9632.43
113398,8197,489,2,5,0,1,2210,827.80274229,7095.65
113399,4450,1037,2,5,1,2,2550,3893.1233055,15666.09
113400,1770,4240,2,1,1,2,3300,4059.5962999,21007.26
113401,2034,2679,2,1,1,2,2500,11225.766299,10990.64
113402,1070,4531,2,1,1,2,2400,7983.5118704,31612.64
113403,0,4906,2,-2,1,6,2800,1229.7576079,18349.57
113404,6533,708,5,5,1,1,1560,8808.8299126,3890.8
113405,4417,317,2,5,1,1,1520,6253.140456,10251.6
113406,4756,988,2,1,1,4,3000,6875.4534871,17054.56
113407,2349,1253,2,1,1,4,2350,7856.0372316,8608.67
113408,7338,308,2,2,0,4,3000,1775.9470055,4830.67
113409,7240,873,3,1,1,2,1540,3727.028261,4417.76
113410,1132,2125,5,5,1,3,800,16793.021965,5259.95
113411,2836,1733,2,5,1,1,2450,6392.4219352,13875.27
113412,1831,2855,2,5,1,2,1800,8460.3438949,20060.7
113413,3772,1463,2,1,1,2,1420,4279.6685308,8589.33
113414,1042,1269,2,1,1,3,1700,12488.249372,5819.23
113415,1145,4740,2,1,1,2,5450,5031.0469092,22261.94
113416,1313,2631,2,5,1,1,2250,7202.5388679,7560.81
113417,44,1294,2,-2,1,4,3000,1848.3736911,1746.43
113418,5923,881,2,1,1,1,1490,10118.761486,4305.03
113419,4186,1347,4,1,0,2,570,13088.967453,5104.23
113420,7355,707,4,2,1,1,530,1500.9891739,3241.0
113421,5049,1227,2,1,1,3,2080,5169.0161999,11221.23
113422,2121,2086,2,1,1,1,2100,8869.9747121,9464.29
113423,4112,1229,2,1,1,2,900,4194.4343371,8330.67
113424,896,3272,2,5,1,4,1910,12119.054334,18329.82
113425,5616,869,2,1,1,4,3730,4409.4359972,7433.53
113426,5051,1169,2,5,1,2,3500,6316.6510575,22712.17
113427,4737,855,2,1,1,4,740,5823.6615938,10322.74
113428,1873,2192,2,5,1,1,1850,8930.1700779,6006.11
113429,4455,1423,2,1,1,1,1440,9153.7699002,4226.99
113430,8407,554,2,1,1,2,1130,1654.3330692,7188.87
113431,6607,754,2,1,1,1,1800,2117.7393063,4772.79
113432,2157,1901,2,1,1,2,2500,7904.6103175,5181.79
113433,5167,963,5,1,1,1,700,8396.5532853,2856.68
113434,6768,640,2,1,1,4,2250,7386.4062528,26055.5
113435,4890,1110,2,5,1,5,3150,4886.1673812,25796.23
113436,4685,1352,2,1,1,1,3630,6145.8632578,22222.43
113437,1140,2988,2,1,1,6,3500,4308.9036765,34094.24
113438,2198,697,2,1,1,5,2690,15087.431617,8536.38
113439,4752,1130,2,5,1,2,2400,5502.9853626,6512.53
113440,5994,1115,2,1,1,4,2900,3618.1870049,9298.65
113441,4356,1215,2,2,1,1,1090,3543.7375662,8048.37
113442,1169,3132,5,5,1,5,1770,10153.14923,15732.73
113443,2802,1816,4,5,1,1,840,6115.3184039,12040.18
113444,2437,1809,2,1,1,1,1200,10550.402776,5811.78
113445,4697,1127,3,3,1,4,1700,5338.5653449,10548.15
113446,2310,1940,1,5,1,2,1490,7795.0292201,8007.76
113447,4712,1358,2,1,1,1,1920,9061.7279472,5139.44
113448,4722,1089,5,1,1,2,860,8604.0419354,4797.01
113449,6866,740,2,1,1,2,1920,5667.1496074,3174.43
113450,2272,627,2,1,0,2,2050,9043.0363054,3814.03
113451,6626,698,2,1,1,1,2400,10089.931189,8341.07
113452,7465,817,5,5,0,1,500,9503.6964394,4771.73
113453,3178,1574,5,5,1,1,900,7214.6573781,5429.79
113454,1848,2561,2,5,1,2,2700,9642.686801,11702.89
113455,0,5020,5,-2,1,2,530,1996.9459291,7837.68
113456,1933,3226,3,1,1,1,1300,1973.147571,7739.67
113457,5087,1037,2,5,1,5,1500,5656.9335877,4873.21
113458,2456,1805,2,1,1,2,2700,8855.8941788,2675.16
113459,310,4367,2,5,1,2,2000,11203.398544,12602.23
113460,2765,666,2,1,0,1,1850,8426.057695,1476.18
113461,523,3555,2,-2,1,3,1400,10750.368545,13466.81
113462,3292,1880,5,5,1,2,950,8036.3439829,10158.83
113463,4098,1310,1,5,1,2,960,4201.13081,15845.14
113464,501,4436,2,5,1,4,1320,12419.751329,14848.34
113465,8037,608,5,5,1,3,1150,1206.6621503,8860.59
113466,151,4612,2,5,1,2,1740,11490.639935,10286.01
113467,5779,800,2,3,1,2,2170,4728.9009617,5286.16
113468,5504,1229,4,1,1,1,800,16916.581659,2280.82
113469,5372,662,2,7,1,2,530,5165.4107037,9926.17
113470,6830,494,2,1,1,2,3000,5439.4758671,8292.47
113471,3330,1376,2,2,1,2,1430,4805.3658171,11865.03
113472,8662,672,2,7,1,2,3400,963.16190962,13245.15
113473,6885,521,2,3,1,3,2050,2417.4847644,5255.73
113474,137,4638,1,5,1,2,1200,16549.795024,14689.86
113475,5541,966,2,3,1,4,2840,4314.4151219,8284.81
113476,4727,1107,5,1,0,1,480,5838.1665213,913.4
113477,6342,645,5,1,1,2,970,3106.6865034,3079.69
113478,5540,1193,2,1,1,2,1150,8372.5632415,4998.17
113479,4248,410,2,1,1,4,2450,5094.9086985,10279.62
113480,5101,1048,2,7,1,2,3000,6715.4781847,13631.42
113481,7672,506,2,3,0,1,1530,1043.8110955,9101.92
113482,6711,677,2,1,1,2,1980,6642.9207516,4446.74
113483,423,4231,2,5,0,3,6000,9120.3718288,26365.9
113484,3190,1784,2,1,1,2,2100,6127.9793619,20982.12
113485,7220,878,2,5,1,1,2400,6137.0808759,13571.56
113486,7089,742,2,1,1,1,3290,3681.4613348,15933.46
113487,1286,2997,2,1,1,3,1550,5216.7901552,12356.16
113488,0,4810,4,-2,0,7,530,2331.1857884,2783.66
113489,5781,972,2,5,1,3,1320,7546.6278395,15929.94
113490,6302,699,3,1,1,3,1780,5356.6942017,7399.54
113491,3997,828,2,7,1,2,1800,9764.2537026,13672.12
113492,1109,3538,2,5,0,3,1500,12435.491208,23796.85
113493,5982,599,2,5,1,2,1750,3249.5437755,13690.64
113494,4717,914,2,1,1,2,2150,2015.8779605,9649.26
113495,91,4999,3,-2,1,3,1500,10130.475684,15821.73
113496,4298,255,2,5,1,3,1900,5755.3046904,12934.33
113497,4501,1220,2,1,1,1,4200,4924.3461979,9516.22
113498,7096,1016,4,1,1,1,1000,2706.0605154,6826.59
113499,4361,250,3,5,0,1,700,7220.6616565,9251.97
113500,5459,836,4,1,1,1,1000,9141.9245354,2122.86
113501,1136,4743,2,5,1,2,1650,4528.4871392,8111.01
113502,4271,1335,4,1,1,5,1440,12277.729138,9709.84
113503,3561,1414,2,7,1,4,1520,4105.4477263,20204.41
113504,3341,1671,2,1,1,2,3000,3789.8313511,16150.06
113505,4733,1321,2,1,1,6,3700,4464.8306215,13781.09
113506,3157,1482,2,1,1,2,500,10933.982891,19620.85
113507,1571,3054,2,1,1,4,4800,6066.7769733,17070.27
113508,2771,1814,1,7,1,2,800,4764.8581789,13889.49
113509,4186,1356,2,1,1,4,3200,7458.26448,4082.73
113510,3676,1342,2,7,1,1,1200,7002.9371169,9637.64
113511,3557,1559,2,7,1,5,3000,3292.4068782,24646.33
113512,5086,904,2,1,1,3,2640,6068.832019,7487.35
113513,94,4914,4,5,1,2,1200,14291.42578,9603.23
113514,4452,1625,2,1,1,4,3400,4054.89294,18087.25
113515,4368,1155,2,1,1,3,2800,5664.0318382,17068.72
113516,5122,938,2,1,1,1,2820,2212.3524881,2380.1
113517,2399,1840,4,5,1,3,750,10527.739231,8147.58
113518,6459,713,3,1,0,2,3120,2833.2810377,5177.25
113519,6645,550,2,3,1,2,2400,6069.4436201,6376.89
113520,6844,427,2,5,0,1,1920,8823.7380273,15784.86
113521,6626,982,2,1,1,2,1300,6409.3657111,8585.44
113522,7255,716,2,1,1,1,2560,4449.7194783,5588.64
113523,3918,1212,2,5,1,3,1300,6749.061216,12772.49
113524,874,5362,1,1,1,1,720,7211.7888001,12161.18
113525,2483,1781,5,5,1,2,1300,12404.398553,6658.59
113526,3332,1715,5,1,1,2,970,2069.5649561,7656.86
113527,0,4966,5,-2,0,2,770,1918.6498246,1664.15
113528,5330,891,5,5,1,2,1200,4961.3765387,3328.91
113529,5345,1009,2,1,1,3,1500,6356.2786943,9689.21
113530,1252,4532,2,5,1,6,3940,4182.548179,28272.5
113531,8370,582,5,5,1,1,1200,1717.9560338,7141.35
113532,5069,1169,2,3,1,2,4200,4218.1105066,5398.89
113533,4615,1139,2,1,1,4,3230,5134.340398,9357.27
113534,6362,621,2,3,1,3,3300,2531.5871385,8250.83
113535,6952,460,2,3,1,2,2800,7902.0367142,3875.49
113536,3338,1712,5,5,1,2,840,1592.8397535,4004.62
113537,5205,874,2,1,1,6,7500,1916.1015138,21914.92
113538,1270,2818,2,5,1,3,1200,9898.808949,15041.86
113539,7218,630,2,1,1,2,2250,7771.25204,10028.42
113540,1114,3530,2,-2,1,4,1550,8423.8826397,22285.91
113541,5691,1114,2,2,1,1,2000,4584.3563179,7259.05
113542,4241,1154,2,1,1,4,3300,5541.2224984,18050.4
113543,2109,2180,2,5,1,3,1100,6693.8839415,16573.34
113544,6461,673,3,1,1,2,2600,4269.854086,5561.52
113545,1752,3780,2,1,1,2,1310,6535.0834602,9705.69
113546,5271,909,4,5,1,1,480,7727.7913047,4467.33
113547,6408,796,1,1,1,4,1660,2093.290161,15291.53
113548,3832,1200,3,1,1,1,1530,5796.7519249,9957.71
113549,5500,1103,2,1,1,2,2250,9936.0823452,9279.19
113550,7284,516,2,1,1,2,2750,1008.1787572,9056.42
113551,3500,1446,2,5,1,2,2400,5750.712849,11368.7
113552,5132,1138,2,1,1,2,3600,8806.8101283,11929.76
113553,778,3804,2,1,1,3,2000,10380.200622,10250.41
113554,304,4404,5,-2,1,1,1200,13469.00301,7076.21
113555,3656,1487,2,1,1,5,3380,6474.0835368,19014.66
113556,7685,539,2,1,1,2,2700,5879.2398031,12814.26
113557,4194,1369,5,3,0,1,750,11132.351657,2215.73
113558,102,4866,2,-2,1,2,1550,12107.117389,12805.37
113559,1799,2278,3,5,1,2,1370,6251.0643833,13085.68
113560,8230,482,3,1,1,4,1450,758.74984808,5418.83
113561,4489,321,3,5,1,2,1400,2670.3431005,3345.68
113562,1929,2856,3,5,1,2,1500,5314.5190546,14503.94
113563,5291,967,5,1,1,6,590,18322.879235,3898.06
113564,5564,1204,4,1,1,2,1700,17783.324577,2726.64
113565,7093,1021,2,1,1,4,2010,1759.0443003,24384.73
113566,3593,1320,2,1,1,1,1260,5105.1568162,6844.66
113567,3805,1538,3,1,1,1,1620,3791.1714664,10388.04
113568,874,5362,2,5,1,1,2000,6687.7107249,20786.67
113569,5142,898,3,1,1,2,2130,4617.9721475,5135.67
113570,5283,958,2,3,1,2,5000,6041.3532019,10513.78
113571,6103,1059,2,2,1,3,3400,3288.0484895,12049.51
113572,930,3749,2,5,1,1,2500,10446.926184,17922.88
113573,4798,966,2,5,1,2,3400,5564.7703442,12310.49
113574,6088,732,2,1,1,3,1700,4690.2542603,7149.5
113575,3143,1597,2,5,1,2,2450,4842.6762647,16799.26
113576,5279,900,5,5,1,1,850,5926.9412143,5491.66
113577,3437,1590,2,5,1,1,1130,4414.8396136,12866.02
113578,3293,1664,3,1,1,5,3020,1908.8453791,19616.5
113579,145,4806,5,-2,1,6,1100,16459.15891,14850.16
113580,3627,1337,2,2,1,3,2700,2153.8151092,8883.73
113581,4332,331,1,5,1,5,1600,5017.7203389,13501.66
113582,1945,2303,2,5,1,4,1200,6681.2724713,11489.74
113583,5207,957,3,5,1,2,1550,7934.3888759,8783.15
113584,2031,2518,1,5,1,1,1730,12307.097213,20527.16
113585,3197,1644,2,2,1,2,1050,7211.5135195,14291.9
113586,1053,1043,2,5,0,1,650,16161.184355,4164.49
113587,4904,859,1,5,1,2,1450,7224.2196228,25786.02
113588,5518,747,1,5,1,2,1690,2000.3933777,15049.85
113589,92,5006,3,-2,1,4,2840,10538.099915,9007.77
113590,5764,1297,2,1,1,1,900,7624.6950407,10463.82
113591,4641,1472,2,1,1,7,1160,12325.855637,8961.17
113592,6247,810,2,1,1,1,3230,5202.4247997,7186.29
113593,3710,1626,2,5,1,2,600,5527.033922,5800.27
113594,6853,537,2,1,1,2,5600,1030.5031234,14552.98
113595,2167,491,2,1,0,4,2500,9068.6712357,9580.4
113596,1835,2766,5,5,1,1,1200,17462.836251,9460.75
113597,2703,1640,2,5,1,2,1500,5336.1734444,14459.66
113598,405,4507,2,5,1,2,4150,8877.5983172,12551.62
113599,11117,0,2,2,0,1,1120,1189.0975848,1729.87
113600,783,3790,2,1,1,1,1580,7342.3830487,7660.66
113601,2943,1961,1,5,1,1,1280,7466.2581901,19338.19
113602,5184,590,2,1,1,1,2630,3945.5882471,3787.24
113603,7134,787,2,1,1,2,2600,4170.5131007,5472.01
113604,1770,2531,5,5,1,1,500,8976.1815012,5694.46
113605,6078,835,2,5,1,1,1000,4820.9417335,8174.93
113606,5075,924,2,1,1,2,4100,3899.9265323,14105.63
113607,1820,2731,1,5,1,4,720,13014.729542,15231.03
113608,1552,2730,2,1,1,2,2400,7666.7149622,11318.38
113609,5442,863,4,1,1,3,1050,9090.1084887,4878.22
113610,5988,765,2,3,1,2,1680,1807.6527981,6022.83
113611,4746,980,2,3,1,2,2250,5354.6835467,6933.7
113612,4233,1160,5,1,1,1,1380,1464.2637373,4395.67
113613,6354,594,4,3,1,2,1700,3380.8838922,6971.57
113614,3024,1781,2,1,1,2,1200,5589.4431783,6510.29
113615,6324,665,2,3,1,1,2400,2083.9282959,3864.61
113616,6331,852,3,1,1,1,3800,3671.9119308,4308.79
113617,5379,744,2,1,1,5,2800,1835.0400072,7612.33
113618,5125,1149,4,5,1,5,970,9421.9245898,4689.81
113619,3458,1601,2,1,1,2,3330,7407.2331497,25748.2
113620,4230,898,2,1,1,2,2600,4210.9914878,6877.85
113621,5844,1055,5,1,1,1,1130,11877.786138,2196.17
113622,4878,1092,1,2,1,2,1400,6695.5102599,6967.28
113623,908,3552,2,1,1,2,3400,11810.18055,12332.22
113624,3838,1204,2,1,1,2,7200,3248.8867709,24332.62
113625,4206,1181,3,1,1,3,3000,883.36129869,6536.59
113626,5599,843,4,1,1,2,800,7270.4288462,4166.64
113627,7275,463,2,3,0,3,3980,2246.0335613,4541.12
113628,5308,952,3,1,1,1,2600,8535.9710501,3526.18
113629,5589,879,2,1,1,1,1390,7651.0788457,4788.7
113630,1177,2174,4,1,1,4,600,21259.647054,1609.95
113631,6117,809,3,1,1,2,2150,4927.2723261,8315.71
113632,2917,1555,2,1,1,5,2600,6967.7149036,29206.17
113633,851,1757,2,1,1,2,1400,9674.8526439,3544.53
113634,740,3649,5,5,1,3,600,8399.9942544,8789.68
113635,684,3397,4,5,1,2,960,9249.4233113,4952.01
113636,4247,1237,2,1,1,3,1760,2723.8287979,8841.25
113637,7109,406,3,1,1,4,2300,1684.7608348,8880.01
113638,7543,539,3,5,0,3,2700,5707.4945758,27936.39
113639,2681,1729,5,1,0,1,1100,13033.506373,6799.58
113640,4269,283,2,-2,0,7,1060,7319.6651242,10189.53
113641,2961,1971,2,1,1,4,2240,3510.3813884,22416.55
113642,3446,1664,5,5,0,3,600,13310.625956,8509.91
113643,4579,1181,3,1,1,3,1090,5105.2409088,7409.2
113644,4572,1124,2,1,1,2,4000,3577.8583454,13374.44
113645,9602,425,2,2,1,2,2490,922.40540486,17910.96
113646,5368,30,3,5,0,3,1500,3248.1049831,12632.17
113647,2409,2007,2,1,1,2,1560,6617.4174729,7690.0
113648,7702,162,2,7,1,2,2000,1991.9911433,10167.3
113649,4727,1019,2,1,1,4,3790,5162.6921517,9820.87
113650,1806,2500,5,5,1,2,1050,8276.0668845,18298.65
113651,2069,941,2,1,1,2,1050,8134.8439041,4763.28
113652,5490,835,2,5,1,7,3800,12419.443515,27576.71
113653,3095,1748,2,1,1,2,1400,5376.4207701,6657.79
113654,5496,1233,5,5,1,2,1200,10698.320419,5607.17
113655,5107,938,4,5,1,1,870,19593.330499,7832.89
113656,10500,2,3,1,0,1,900,582.61580125,6458.54
113657,6498,656,2,1,1,2,2250,8844.1433608,13006.89
113658,8679,659,3,1,1,2,1200,647.70778491,12762.97
113659,5233,921,4,1,1,2,1200,6094.783418,5836.9
113660,3241,1897,2,1,1,1,1000,6357.1044405,9944.74
113661,3319,1736,2,1,1,4,4500,4006.9538556,21990.62
113662,100,4877,2,-2,1,2,1100,9938.3426895,15269.1
113663,3358,1571,2,5,1,4,600,5773.3177508,18525.44
113664,2685,1711,2,1,1,2,2500,9544.0647814,7187.3
113665,4186,1267,2,1,1,3,3250,5689.066575,12433.49
113666,794,3417,2,5,1,1,2800,8021.7218428,23724.09
113667,954,5157,3,5,1,1,800,3557.100295,4224.7
113668,7331,833,3,1,1,2,1310,3767.9417606,6379.83
113669,2109,2181,4,1,1,1,1010,7061.8068504,3716.14
113670,5707,1083,2,1,1,1,2950,4151.9495081,10738.48
113671,6144,922,2,1,1,2,4400,9429.6652518,13783.07
113672,0,5055,5,-2,1,1,500,1490.6877996,3484.65
113673,7424,762,2,1,1,5,2750,6666.4239655,10696.65
113674,6617,688,5,1,1,5,1140,11379.876673,4575.91
113675,6949,749,2,1,1,4,1180,6020.4315212,16002.99
113676,5120,1151,4,1,1,7,900,9268.7039393,6240.2
113677,2557,767,3,1,0,2,1800,5804.2790812,1988.18
113678,1254,2443,3,5,1,5,770,7527.8846626,8183.99
113679,4198,1358,5,5,1,1,950,12951.352171,5792.99
113680,3802,1143,5,5,1,1,700,6383.3687581,6680.58
113681,3700,1633,2,1,1,1,2100,5286.4847874,8334.72
113682,4123,1448,5,1,1,2,1010,11479.359175,2591.47
113683,2964,1468,1,5,1,2,1150,7977.0978531,13359.21
113684,4950,1153,2,5,1,2,2000,6530.3350103,18732.58
113685,5816,921,2,1,1,1,1500,9360.8225056,3161.56
113686,3277,1699,2,5,1,3,3000,6232.5863121,12031.26
113687,5119,1517,2,1,1,7,3650,4918.419028,21627.89
113688,3525,1432,1,5,1,1,1340,4575.7716682,21276.75
113689,6428,824,2,1,1,2,3260,8154.3373814,13251.3
113690,4661,1215,2,2,0,3,1000,3543.7375662,6794.63
113691,2757,2122,2,5,1,1,1570,4621.5870207,13242.89
113692,7109,1012,2,1,1,5,3850,1723.8120421,10810.54
113693,5822,857,2,1,1,4,2700,12159.579694,15975.42
113694,5449,735,2,1,1,2,4300,2674.9411571,6642.63
113695,2189,2471,2,1,1,6,3130,6772.6049048,11647.93
113696,2258,693,2,1,1,3,3600,8221.5290229,16975.87
113697,979,1431,5,1,1,1,690,11437.729829,1584.17
113698,5501,1232,5,5,1,1,720,8927.6407563,2710.12
113699,1998,2243,1,5,1,4,900,6198.1460175,24280.64
113700,2948,2001,2,1,1,3,3180,3329.3974866,30185.53
113701,4181,1200,2,1,1,1,2500,1180.147467,7075.52
113702,3299,1862,1,5,1,5,2000,5826.3079272,18610.2
113703,1946,2300,2,2,1,2,1500,8381.9678918,6317.89
113704,2368,884,3,1,1,1,1100,7252.3861461,2583.22
113705,7999,630,1,1,1,1,1650,951.93363454,10982.44
113706,3220,1567,1,5,1,1,1120,4980.5286773,11423.65
113707,7089,1022,5,1,1,2,1000,3216.3591241,5134.38
113708,4472,1223,2,1,1,2,1860,6899.3695626,7422.16
113709,1186,4638,2,1,1,2,1500,4356.2825032,10960.86
113710,5061,951,2,1,1,2,2040,3092.4709184,6774.27
113711,3706,738,2,5,0,1,1200,5733.6482423,16432.68
113712,4343,266,5,5,0,3,1000,8194.6196404,8816.57
113713,7116,885,5,1,1,1,870,14922.863945,2844.95
113714,5834,1290,5,1,1,2,850,8093.3106487,7075.86
113715,1307,2644,5,-2,1,1,660,12616.179828,5357.31
113716,4586,1103,2,1,0,3,1460,8870.0051366,2745.64
113717,6087,840,3,1,1,2,1680,1619.1100711,10735.89
113718,5048,1026,2,1,1,2,4380,4549.6743454,15492.65
113719,4748,1358,2,1,1,1,3390,4701.0351805,5812.25
113720,1208,2971,1,5,1,4,700,14238.53559,28765.54
113721,5632,956,2,1,1,4,1950,4891.7772304,10931.28
113722,804,1617,3,5,1,1,700,6936.2612082,12487.23
113723,3336,1713,3,1,1,2,1760,912.42753191,7761.19
113724,5065,1060,2,1,1,2,2210,2460.9567534,9604.81
113725,4181,1274,1,1,1,4,920,2905.1364065,18865.63
113726,5061,1034,2,1,1,4,4000,8210.6531002,20180.72
113727,6136,937,4,5,1,3,1500,17331.188167,6956.27
113728,6983,522,2,1,0,2,3130,2305.2338606,6294.61
113729,7366,587,2,5,1,3,590,5964.595911,18946.81
113730,6521,497,2,1,1,4,2830,5567.5437359,3961.29
113731,10508,2,2,1,0,4,4500,685.27400595,10078.34
113732,5587,1208,2,1,1,4,3460,7151.0630963,9106.49
113733,6195,712,2,2,1,1,1730,2569.2203619,10099.31
113734,5074,1093,5,5,1,1,840,10500.482368,5502.12
113735,3312,1569,2,1,1,2,2140,4851.7700595,20985.45
113736,4737,855,2,5,0,1,1300,6709.755226,7679.92
113737,744,3639,5,5,1,2,1100,10521.0569,11398.25
113738,6721,722,1,1,1,1,1500,8098.963382,4121.91
113739,7991,634,2,1,1,2,2000,789.64144792,4163.08
113740,4340,1289,5,5,0,1,320,12050.467314,1616.37
113741,4373,1273,4,1,1,2,1130,7815.6254395,4022.97
113742,5750,321,2,7,0,2,2020,5555.2935387,6811.72
113743,5331,941,5,5,1,2,650,2641.0668625,5668.31
113744,1572,1652,2,1,1,2,4240,13354.26974,15133.75
113745,5340,894,5,3,0,1,650,6244.3370007,516.5
113746,3626,1548,5,5,1,1,2400,1987.980876,11164.51
113747,5065,832,2,5,1,4,1900,3314.8301289,12973.11
113748,7337,805,2,5,0,1,680,1579.1843238,8031.11
113749,782,3749,2,1,1,6,3000,7485.2188139,18773.18
113750,5396,888,2,1,1,4,2500,1672.169942,7594.33
113751,2,2334,2,-2,0,1,550,1332.3263388,2615.76
113752,2664,1709,2,5,1,2,2700,5542.7120438,14564.99
113753,6848,720,2,3,1,2,1410,5822.1579604,6207.5
113754,4651,267,2,1,1,4,2610,4001.9778272,14899.38
113755,5842,775,2,1,1,1,3600,7773.5060908,5893.37
113756,3599,1514,2,1,1,2,4400,2076.6180231,12643.63
113757,6878,734,2,1,1,2,3350,5269.4257694,9739.1
113758,6216,793,5,1,1,2,1000,15695.388239,7416.56
113759,5087,1035,2,5,1,4,1300,7770.26056,30992.46
113760,1016,3038,2,7,1,4,850,4524.6418773,27857.47
113761,5841,1045,2,1,1,3,1800,3767.8161192,9532.68
113762,3208,1613,1,2,1,3,1500,5495.6985109,18747.74
113763,5015,1107,3,1,1,1,1450,6512.851111,6661.16
113764,1923,2787,4,5,0,4,970,11566.170858,6827.83
113765,4452,1227,3,5,1,2,620,4816.179863,16382.42
113766,1,3461,5,-2,1,1,800,1888.0515897,2942.74
113767,4720,831,2,1,1,1,4000,5372.8745648,8564.29
113768,3121,2202,5,5,1,3,890,8366.8641458,10286.3
113769,4214,1346,3,5,1,3,2380,10208.823131,7608.92
113770,4422,364,5,5,1,1,620,8507.9979382,4676.76
113771,2633,1835,2,1,1,2,2150,7337.896397,19635.44
113772,1016,1319,2,1,1,2,1400,9538.8516893,11218.32
113773,1878,2811,2,5,1,5,1970,10793.860961,17410.88
113774,7398,254,4,5,0,1,1100,4368.591085,10459.48
113775,6144,759,2,2,1,1,3300,2055.8247719,11122.39
113776,3279,1443,2,5,1,2,830,4529.1041138,11974.87
113777,5083,1143,3,1,1,1,1400,2521.7605047,7100.93
113778,6557,921,1,2,1,2,900,4777.8450361,7889.31
113779,7991,634,5,1,0,1,1340,1557.9286789,3804.28
113780,2968,1953,2,1,1,2,1360,5860.6342503,9986.4
113781,3140,1760,2,1,1,2,3400,3070.3923584,21279.45
113782,2765,1980,2,1,1,1,1500,7244.0835248,9271.47
113783,4452,1109,4,5,0,1,560,3706.7205333,10226.14
113784,14147,0,3,3,0,2,2000,505.92771752,9107.24
113785,6522,714,2,1,1,4,1270,2436.3734245,10641.5
113786,6716,577,2,5,1,1,2600,6939.3964193,28337.32
113787,1128,3275,3,1,1,3,1400,3440.8271782,10327.86
113788,2519,1755,2,-2,1,3,1040,7911.5366561,8976.59
113789,4020,1086,2,5,1,4,850,5105.2360167,15576.37
113790,6958,427,2,7,1,3,3150,1564.8074598,7542.46
113791,5737,849,2,1,1,7,1690,13394.051299,13544.45
113792,3676,1655,2,1,1,2,1200,3935.1332152,8039.65
113793,5662,938,2,2,1,3,2640,5218.4577052,12112.24
113794,6084,822,2,2,1,6,8000,2440.7981765,24315.25
113795,5092,837,2,3,1,2,1230,3474.1498803,9063.76
113796,1624,2579,1,5,1,6,1090,8818.7496177,17505.54
113797,874,5362,2,1,1,2,2460,5490.9130536,13619.03
113798,5786,628,2,1,1,2,1280,19635.178342,5553.17
113799,5674,1138,2,1,1,2,4000,7953.9765644,5418.07
113800,4260,1138,4,5,0,1,420,5079.6278463,21421.15
113801,10779,1,3,1,0,1,1030,566.20365504,3379.7
113802,7130,625,5,5,1,3,760,7173.3926277,11676.21
113803,1104,3546,2,5,1,2,990,10622.857799,23108.87
113804,3820,1696,2,1,1,2,1600,3933.3937152,4818.26
113805,6885,623,5,1,1,2,850,1951.4117605,4470.34
113806,3691,1326,2,5,1,3,1400,6164.7343554,22902.22
113807,3348,1297,1,5,1,6,920,11030.081676,19918.11
113808,3359,1499,2,1,1,5,2850,5818.0672404,22344.15
113809,6710,677,2,1,1,1,1620,7008.8293383,4436.46
113810,3401,1525,2,1,1,2,1180,7048.3047797,10397.45
113811,2972,1947,2,1,1,1,1380,4703.169698,7743.28
113812,4837,121,2,5,1,2,2010,5595.2529853,21012.49
113813,141,4593,2,5,1,2,2790,7585.2638228,16799.28
113814,6832,553,2,1,1,2,3400,1009.8164991,11075.95
113815,1671,2482,1,5,1,1,1840,6023.9588003,9580.37
113816,4190,1233,2,1,1,4,6500,5655.1858268,26407.62
113817,5446,849,2,1,1,3,2060,5434.6298057,11030.53
113818,0,4921,2,-2,1,2,2800,1349.2675052,12852.28
113819,2288,2126,2,1,1,2,5330,5343.3284151,14964.29
113820,5044,961,2,5,1,4,1200,19263.442395,27625.38
113821,1294,879,3,-2,0,1,1000,6343.0702415,2237.52
113822,1172,3120,2,1,1,1,1200,10686.157626,2356.88
113823,2181,751,4,-2,0,3,750,15281.222876,6241.6
113824,4933,1179,2,5,1,2,2700,7012.9973302,12234.51
113825,5065,1060,2,1,1,2,1750,1969.4431551,9710.65
113826,2003,2621,2,5,0,4,1800,8736.8663342,19772.91
113827,864,1479,2,1,1,4,1500,10301.483777,7642.15
113828,5008,75,1,7,1,4,980,5882.9544287,7286.94
113829,361,4871,2,5,1,2,2100,11456.697297,19593.17
113830,4536,305,2,5,1,4,1550,4828.3428655,19533.09
113831,10652,1,3,1,0,1,1950,654.49152025,3101.22
113832,10468,7,2,1,0,1,1740,783.22901531,3586.49
113833,4832,986,2,5,1,2,4000,8511.1819337,26841.19
113834,4873,1408,2,1,1,3,900,4853.4116343,6722.02
113835,6859,325,2,5,1,2,2100,2760.9339925,22743.17
113836,2622,1731,3,1,1,3,1730,3445.3751686,10682.18
113837,6187,666,3,5,1,2,1000,1940.0830832,8565.53
113838,3909,1133,4,5,1,2,950,6682.1536476,12836.02
113839,7224,627,2,1,1,2,2220,5819.2052849,11616.76
113840,5517,747,1,5,1,3,1280,2040.0626892,13050.34
113841,1850,2218,5,5,1,4,1200,11392.873945,17530.87
113842,0,4906,2,-2,1,4,780,1350.1945338,12809.07
113843,2604,1976,5,5,1,4,1350,9734.0161188,9481.68
113844,100,4865,3,-2,1,1,800,9260.7131112,5743.33
113845,6265,734,2,3,1,2,1700,2726.8091253,9954.19
113846,4108,1204,2,5,1,2,1600,3806.2451027,20792.73
113847,396,4215,5,5,0,1,800,13001.781633,3645.49
113848,1619,2435,5,5,0,2,760,10644.848608,11626.65
113849,3746,1199,1,5,1,4,900,7787.0236957,3378.62
113850,3755,1560,2,1,1,1,1080,5514.6865652,4684.73
113851,1243,2434,5,1,1,1,680,18375.829424,4565.68
113852,2188,383,3,1,0,2,1200,6752.7135212,3350.34
113853,4395,1234,2,1,1,3,1480,7449.3503423,7765.02
113854,3295,1850,2,5,1,2,1970,4998.7866144,20705.04
113855,2604,1970,1,5,1,3,1600,4211.9651307,18560.07
113856,7197,886,3,1,1,1,1460,4596.5385633,3464.04
113857,2712,1751,4,1,1,2,900,10654.750196,5422.18
113858,4466,340,2,1,1,1,1510,4988.4688736,6357.53
113859,6033,791,2,1,1,2,3130,5754.0638201,6595.17
113860,2609,1738,2,1,1,4,3200,4496.4995947,14184.45
113861,4403,1102,2,5,1,5,1170,4081.8774646,19389.47
113862,7712,472,2,2,1,3,3150,3177.0436038,9697.91
113863,7808,317,3,1,1,2,3400,1501.9536958,5724.58
113864,6625,904,5,1,1,1,600,10607.219655,6487.88
113865,3151,1598,3,5,1,2,1050,2337.3546869,10976.67
113866,4335,1584,2,1,1,2,1200,4759.6683604,14722.22
113867,1539,2509,2,1,1,1,2500,4901.7654196,9412.78
113868,576,3702,2,5,1,2,2420,8518.1259837,25382.41
113869,1938,2139,2,5,1,2,3400,8163.1410009,28891.72
113870,7232,873,2,1,1,2,3600,5382.9364516,10937.28
113871,2337,1926,1,5,1,2,720,5900.9027126,19049.57
113872,4338,241,2,1,0,2,3500,6757.4465073,12057.5
113873,5588,850,5,3,1,3,790,5491.2756802,2577.66
113874,8332,627,2,2,1,2,2700,899.39740076,11393.45
113875,5375,920,2,1,1,1,5000,3711.9183545,7338.99
113876,5494,948,2,3,1,4,2000,9746.1325083,15805.39
113877,1812,2565,2,5,1,2,2000,10070.906753,25949.89
113878,4423,1475,2,1,1,4,4000,6346.7593762,9238.61
113879,1931,2857,2,1,1,2,420,11650.686199,8413.39
113880,4628,325,2,1,1,2,2010,4604.3407396,9514.6
113881,4195,1364,5,1,1,1,370,12775.753752,3135.9
113882,241,4250,2,5,1,5,2700,12369.728608,24197.85
113883,3362,1362,2,3,1,1,2430,7636.5088058,12308.03
113884,6245,755,2,1,1,2,2630,8393.3382832,5974.56
113885,2599,1736,2,1,1,1,1800,6172.8150806,9296.08
113886,4718,1355,2,1,1,1,2000,8716.4120975,9684.34
113887,1137,1586,2,2,0,1,1060,15096.919941,5868.11
113888,4518,372,5,5,0,1,240,6418.7230018,3078.15
113889,5270,868,2,1,1,4,2700,1970.495985,15586.39
113890,4399,627,5,1,1,4,560,8158.8212852,9035.13
113891,4220,1399,2,1,1,4,3550,6847.2369161,14994.67
113892,2873,2021,3,1,1,3,1500,3973.82432,1492.9
113893,6885,705,3,5,1,2,1380,4459.6667111,6476.2
113894,1458,1942,3,1,1,4,1600,6298.4123169,6150.85
113895,4209,1333,5,3,1,3,850,13251.767519,3602.32
113896,6343,700,2,1,1,4,4360,6392.9996481,7587.35
113897,6847,720,2,2,1,1,6300,5964.595911,3773.72
113898,4874,492,2,1,1,2,1550,4431.5993459,7159.4
113899,4531,1149,5,1,1,1,700,7068.7149734,3256.48
113900,5213,919,2,1,1,2,1500,4687.7753794,6651.71
113901,5885,899,5,5,0,1,400,22530.40873,3746.3
113902,4201,1372,5,-2,0,1,350,7472.0069718,6268.47
113903,8082,589,2,1,1,1,2400,882.48381695,1730.49
113904,6031,791,2,3,1,2,3750,8950.5942734,8218.43
113905,5870,974,5,5,1,1,750,10199.200842,6192.79
113906,3218,1524,2,2,1,1,1800,5777.9241025,4707.79
113907,4912,1143,2,1,1,4,2000,7019.6248805,13860.46
113908,3597,1404,2,1,1,4,1300,4719.3289779,14533.84
113909,2827,2183,2,1,1,5,1500,16178.412337,10793.13
113910,5807,1095,2,5,1,5,5400,3071.0979574,42987.98
113911,4383,1517,4,5,1,1,650,14841.109187,11901.49
113912,5247,935,2,1,1,2,1460,9760.7029331,9490.31
113913,6399,764,2,1,1,2,2950,6493.1466171,6146.99
113914,1006,3439,2,1,1,1,1780,7730.9648491,8401.92
113915,9860,225,2,3,1,1,2500,9105.0596623,7315.47
113916,1749,2296,3,5,1,2,1040,3688.4050123,6346.63
113917,4506,310,2,1,0,2,820,4736.6809948,9369.09
113918,4192,1192,5,5,1,1,790,10200.525012,14821.26
113919,6024,829,3,5,1,2,1850,1531.8973084,12144.29
113920,7049,648,2,1,1,2,1730,5707.9500622,8487.88
113921,4326,1297,3,1,1,6,1650,8480.9653104,11701.89
113922,2673,1654,2,1,1,2,3200,9281.1393255,11209.31
113923,8090,515,2,2,1,1,1780,5964.595911,7104.63
113924,3719,1384,1,5,1,4,1400,3195.8852945,23985.4
113925,4200,1361,5,1,1,3,1100,11000.501827,3606.96
113926,3838,1440,2,7,1,2,4000,4022.6016274,14715.04
113927,7319,515,3,1,1,1,2200,7624.1683115,6063.68
113928,5501,1103,4,5,1,2,920,15151.825583,6223.95
113929,5639,864,1,2,1,4,1280,5947.8377242,15541.72
113930,10604,1,4,5,0,3,1100,987.26097245,10501.43
113931,6769,731,2,1,1,2,2630,5409.0544645,6930.86
113932,5565,807,2,3,1,5,1800,5708.1967444,15909.33
113933,5518,747,2,1,1,1,1150,2574.7401439,8395.43
113934,103,4864,5,-2,1,1,2240,21124.590676,9405.55
113935,1336,4079,2,1,1,1,1400,4597.3647182,14353.76
113936,4617,1164,2,1,1,1,1500,4488.3389253,6425.22
113937,2783,1639,2,2,0,3,2500,5626.8567671,16382.75
113938,5761,1359,5,5,0,4,950,5374.4768542,13116.62
113939,874,5362,2,5,1,3,3000,5944.434933,17121.25
113940,2266,2449,3,5,1,4,1250,3962.167471,13978.65
113941,3195,1466,2,1,1,1,1020,9469.3668819,4991.5
113942,5924,937,2,1,1,3,3450,8344.9548305,11797.41
113943,6887,585,2,7,0,3,3600,2890.9185134,7251.87
113944,6167,1056,2,1,1,2,1400,3681.4613348,12814.53
113945,875,5357,2,5,1,2,3400,4832.23685,42331.42
113946,6314,734,2,7,1,1,2640,4491.3122575,7270.11
113947,4211,1368,5,5,1,1,680,9885.0599739,3792.5
113948,144,4590,2,5,1,1,1250,13978.236871,14841.56
113949,1111,3307,2,1,1,2,2400,7978.7130672,14817.92
113950,5264,921,2,3,1,1,2250,5218.1666276,6823.96
113951,5848,828,2,1,1,2,1990,6419.9606042,12020.95
113952,874,5362,2,1,1,5,3520,7181.8618888,23900.48
113953,2586,1693,2,1,1,4,1350,5999.0973806,24728.4
113954,4198,1210,2,5,1,2,900,3203.3551575,10498.54
113955,4080,1323,5,5,1,1,1100,9665.5500831,14799.18
113956,3131,2698,3,1,1,2,1350,5544.1197501,6634.98
113957,4322,1599,2,1,1,5,620,5994.2057501,12607.99
113958,3397,1681,5,5,0,1,720,1757.5938608,3785.29
113959,1070,4531,2,5,1,1,1850,8619.1670342,13168.59
113960,7702,416,2,3,0,3,930,1068.9902377,10773.25
113961,2255,2065,2,1,1,5,1500,10856.93023,8444.04
113962,1058,965,5,5,0,4,1250,13387.230387,6350.5
113963,0,4968,2,-2,1,7,2000,1327.1009032,15581.53
113964,2145,3634,2,1,1,2,4930,3524.2317125,48848.59
113965,5250,909,2,2,1,4,2500,3363.3621863,18618.15
113966,5161,948,5,1,1,2,900,3435.7107222,5165.08
113967,1967,2683,5,5,1,1,630,15107.858997,3722.55
113968,3033,1783,3,1,1,2,1200,2879.6196115,6860.93
113969,2012,2718,2,5,1,2,1950,8043.8662151,14673.48
113970,7197,561,2,3,1,2,3900,2565.7384308,6095.83
113971,1545,3749,2,1,1,5,1020,4470.81089,12319.03
113972,3811,1534,2,1,1,2,1560,4152.2114644,9455.34
113973,14116,0,2,3,0,6,3650,859.53548289,12207.75
113974,3399,1209,2,1,1,2,2000,3693.7522995,11801.24
113975,2656,1744,2,1,1,2,1700,8289.2280593,9131.65
113976,1990,2237,4,5,1,4,1300,7305.8288484,6995.02
113977,5699,1130,3,1,1,1,1200,3861.4781701,3085.35
113978,4200,1358,4,-2,0,1,850,14522.721868,944.76
113979,1182,4659,2,5,1,2,3030,5121.6100425,26825.71
113980,7113,867,5,5,1,5,850,13102.070052,3568.81
113981,4512,1179,4,1,1,2,860,12268.46329,3358.19
113982,4797,1087,3,1,1,1,1700,7801.8292768,5957.41
113983,4312,1330,2,5,1,1,1500,7591.5905766,10549.87
113984,5,2990,2,-2,1,3,2000,1588.3462475,7671.24
113985,6008,745,2,3,1,2,3000,9405.2673738,11373.66
113986,1692,3508,3,1,1,1,1360,1997.4534856,6035.08
113987,3790,1535,2,1,1,2,1700,5941.9236844,8012.49
113988,4333,380,2,-2,0,7,1400,6915.9851719,14523.12
113989,2975,2666,1,1,1,1,780,6095.9812051,9460.24
113990,8705,648,3,5,1,2,1200,560.33133169,18627.85
113991,7048,677,4,5,1,3,900,9614.2498188,4904.62
113992,5073,1043,3,3,1,1,1850,8414.0615043,5716.7
113993,4802,1119,2,1,1,5,3880,4907.8700599,14308.52
113994,1331,4088,2,5,1,6,1770,7306.095474,15072.18
113995,382,4247,3,5,1,3,730,10420.001182,10996.8
113996,6035,840,5,1,1,1,560,4122.5657682,4706.68
113997,6051,788,2,1,1,1,2250,5784.5469777,4808.88
113998,1952,2658,4,5,1,4,1500,10678.32509,18284.87
113999,8723,410,3,1,1,4,1860,562.69093955,14257.23
114000,7127,876,2,1,1,2,1160,7154.284749,5675.0
114001,4215,1317,3,1,1,3,1950,7492.5800464,5194.61
114002,3803,882,2,5,1,3,2000,6240.0598223,7963.94
114003,2175,380,2,1,0,1,1500,10779.198983,2523.64
114004,7051,458,2,7,1,2,2700,891.24475955,10521.69
114005,6013,923,2,1,1,2,1550,6350.6053821,6256.92
114006,5846,826,2,1,1,4,1500,6962.71882,8290.43
114007,387,4268,2,5,1,2,1100,12148.27749,9108.64
114008,5481,956,2,3,1,2,5100,3338.7208518,19890.63
114009,5771,897,2,1,1,6,3960,4962.7430708,12088.12
114010,5948,966,2,3,1,2,2550,4871.2033623,14355.9
114011,7179,856,5,1,1,1,800,12121.796533,1798.38
114012,2787,2007,2,1,1,1,1200,6578.5988749,16217.21
114013,2254,2444,1,5,1,4,1440,10807.901032,19343.14
114014,4976,1186,3,1,1,3,1500,2346.5109898,14383.24
114015,6044,840,2,1,0,2,1720,7773.5060908,4364.25
114016,4198,1326,3,1,1,1,2200,8609.5584318,3552.79
114017,4617,1235,2,3,1,3,1800,6093.386341,8043.15
114018,6050,830,5,1,1,1,480,4391.9054135,2352.56
114019,1786,4211,2,1,1,2,1150,4302.0099231,14387.57
114020,1158,2989,2,5,1,3,900,5430.4297182,16929.61
114021,505,3755,2,5,1,3,930,15577.714895,21175.02
114022,4197,1351,5,1,1,2,430,11974.561669,1500.22
114023,4263,1346,2,1,1,2,730,6670.398397,6320.11
114024,7377,700,2,1,1,3,2600,8750.0229148,9146.15
114025,2175,2712,5,5,1,1,620,15854.004006,5584.01
114026,5560,1025,3,1,0,1,480,7202.5827004,1696.18
114027,8689,656,2,1,1,2,2400,959.23826622,8083.43
114028,6840,619,2,5,0,1,1850,3221.3326778,5753.69
114029,4881,1153,2,1,1,3,3000,6000.5658076,14918.4
114030,6003,811,3,1,1,2,1800,4496.4787735,3940.84
114031,4937,1032,2,5,1,2,2440,6210.4637928,27231.83
114032,2201,2451,3,5,1,1,3800,3596.7102461,12258.21
114033,5334,837,2,1,1,2,1260,14716.574312,4851.38
114034,5290,934,5,1,1,1,480,5815.9935852,1304.29
114035,1571,2442,1,5,1,1,1200,6505.9821874,17181.18
114036,859,2010,2,1,1,5,1470,12342.021863,12869.15
114037,1403,2611,2,5,1,2,2900,5637.6627246,17447.23
114038,2340,955,2,1,1,1,2730,7342.1399411,6232.67
114039,4724,1310,2,1,1,1,4730,4704.6780499,12723.17
114040,4924,886,2,7,1,2,600,3884.7494199,2314.84
114041,2722,1754,2,1,1,3,1450,8114.0350329,26341.04
114042,3758,1709,2,1,1,2,1500,4230.695985,13223.87
114043,2138,1925,2,5,1,7,1300,10795.223774,13780.57
114044,1779,4222,2,1,1,2,1230,3853.4972183,9244.24
114045,5070,133,5,5,0,1,680,7498.712059,4715.39
114046,6709,1020,1,3,0,1,1500,2289.0963633,9861.78
114047,1239,2647,2,5,1,4,2200,5843.0237008,24932.77
114048,4781,1298,2,1,1,2,3140,5243.1414701,12118.31
114049,5320,927,2,3,1,7,2800,3162.0650153,19009.67
114050,5518,747,2,1,1,3,1550,2319.2058985,12639.87
114051,3,3260,3,-2,0,3,1590,859.41103421,7989.9
114052,6973,571,2,3,1,6,2000,7332.9024146,22642.23
114053,5172,1127,2,1,1,4,3150,3165.5494217,16295.58
114054,4722,1064,2,3,1,4,3200,4420.3961666,9401.02
114055,784,3785,5,5,0,3,850,12988.662071,8694.28
114056,4650,178,2,1,0,2,1950,5938.2378678,4932.74
114057,4352,1516,5,5,1,1,870,13571.571643,7393.02
114058,4760,255,2,5,0,1,1250,6260.8695357,8705.18
114059,4534,1133,2,5,1,2,3000,2872.662657,10701.67
114060,5073,1170,2,1,1,3,1950,4102.6521746,6440.77
114061,4736,12,2,5,0,5,700,5311.452486,12456.63
114062,4275,1475,2,1,1,3,3700,6206.2265851,11176.79
114063,7417,880,2,1,1,2,2680,4970.515379,6119.52
114064,4309,264,2,1,1,2,2300,5951.1503228,8143.32
114065,3915,1271,4,5,1,1,800,10312.521535,7944.36
114066,5790,878,2,1,1,2,1400,5230.3902693,7598.63
114067,788,3755,5,5,1,1,560,16829.245474,5419.49
114068,5289,899,5,1,1,5,2240,5164.6476268,4267.89
114069,5272,925,2,1,1,2,1720,4812.3924132,3542.89
114070,8677,662,2,5,1,3,1950,783.55519418,20496.58
114071,5480,1036,3,1,1,2,1650,6009.5506204,5496.63
114072,5499,1026,5,1,0,2,500,8594.9694574,2303.98
114073,4542,1038,2,1,1,1,2630,6132.4054647,5864.13
114074,5213,1112,5,5,1,2,1110,6964.522292,7055.3
114075,2445,2204,5,5,1,1,710,14210.856678,3629.2
114076,1723,2679,2,5,1,4,3100,8690.092705,40419.97
114077,6210,801,3,1,1,1,970,4043.4907461,6411.67
114078,4390,1458,2,1,1,4,1780,6986.6547536,8938.05
114079,6108,753,4,1,0,2,980,9618.1597187,1453.43
114080,3298,1685,2,5,1,1,2500,4986.8358827,13391.71
114081,6681,806,4,1,1,1,700,1347.4144879,3022.22
114082,1810,2675,5,5,1,1,1300,15597.152369,5290.97
114083,5266,871,5,1,1,2,900,23564.531672,3420.82
114084,3133,1758,5,5,1,1,850,7155.6763969,4866.48
114085,4313,1323,5,5,1,2,700,10839.64248,7583.48
114086,617,5221,2,-2,1,6,1700,5633.7567309,11744.73
114087,4435,1250,2,1,1,2,1550,4907.8700599,11952.25
114088,7895,451,2,1,0,2,3700,1007.6775047,11565.81
114089,4461,1418,2,5,1,5,2640,7252.7203392,30281.32
114090,3679,1653,2,1,1,3,1150,3373.9888805,8795.38
114091,1058,3364,2,1,1,2,3750,7853.1921052,14595.53
114092,7652,361,2,1,1,2,2050,2130.7826257,6408.26
114093,1477,528,3,1,0,3,1380,5462.3395972,3579.07
114094,3238,1741,2,5,1,2,990,6769.4754584,11226.31
114095,6099,771,2,3,1,5,2370,2682.2478426,10019.83
114096,5392,802,2,1,1,4,1450,2234.8358282,7436.21
114097,5348,803,3,1,1,2,1210,1546.1629231,5523.61
114098,3460,1629,3,1,1,4,1150,3962.6171165,6255.64
114099,6061,622,2,3,1,4,1880,10547.024918,8867.59
114100,1031,3404,5,5,1,2,850,16046.83167,4854.63
114101,2189,1884,2,1,1,2,800,11856.990599,4206.74
114102,4513,307,3,5,1,2,1100,3889.6315052,7457.8
114103,6840,631,2,2,1,2,1500,6850.834679,10169.7
114104,3663,1344,2,3,1,2,2400,8100.192468,12572.99
114105,3267,2001,4,5,1,5,800,5301.4392495,9835.58
114106,4242,1153,2,1,1,2,4000,1342.5366457,20664.12
114107,269,4414,2,5,1,2,1120,14578.172315,6680.08
114108,2999,1499,4,-2,1,1,600,5833.8541608,4695.3
114109,4578,1124,2,1,1,3,840,3346.6047416,6481.19
114110,1027,2086,2,1,1,4,5300,9581.6567974,5867.27
114111,1572,2497,2,5,1,2,2000,4770.7149929,24276.94
114112,5303,895,4,1,1,2,1200,7573.681494,3085.35
114113,10492,6,2,3,0,5,1400,705.21081909,22559.38
114114,2,3335,3,-2,1,2,900,1830.5578897,9597.65
114115,5520,1208,5,5,1,2,900,12259.571187,2419.22
114116,4190,1345,5,5,1,2,690,10863.635002,2358.77
114117,4360,1192,3,1,1,2,1270,6566.7566992,5058.45
114118,2383,1925,4,5,1,1,500,8109.3026118,4072.6
114119,3481,1397,2,5,1,1,1600,5351.3177421,12394.75
114120,8214,485,2,1,1,3,3000,927.55033295,14356.8
114121,3160,1715,2,5,1,2,1900,3437.1519327,13687.07
114122,4444,1077,2,1,1,2,4050,5262.9161986,11241.38
114123,325,4344,2,5,1,1,3440,10439.113112,13496.12
114124,2638,2281,3,1,1,2,1040,5349.5003922,10637.37
114125,644,3669,3,-2,1,1,1250,8488.7327917,5602.89
114126,5392,920,2,1,1,4,3280,4742.3727126,6517.49
114127,7092,620,2,7,0,2,1550,1043.8110955,8943.44
114128,14066,1,3,5,0,1,1950,625.15196592,13826.48
114129,4482,319,3,1,1,4,1550,2944.6348657,5410.44
114130,4962,1108,3,1,1,3,3350,3656.4666846,10062.49
114131,1759,2466,2,1,1,1,5830,4369.1649782,25818.7
114132,4544,1037,2,3,1,4,2250,5018.2760523,15398.4
114133,5568,986,5,5,1,1,700,9626.5203381,3185.12
114134,8152,687,2,1,1,2,4400,1687.8705946,14807.57
114135,3967,1456,2,1,1,2,1900,4088.8529177,6799.84
114136,6912,560,3,1,1,2,3170,2891.05354,2978.03
114137,6464,742,2,1,1,2,4000,10585.701315,12223.23
114138,1008,1319,5,-2,1,6,900,16559.046896,4336.9
114139,3331,1713,2,5,1,4,1220,6294.1215222,24315.53
114140,2346,2121,2,2,1,1,1050,10928.261352,8624.41
114141,4004,1107,2,1,1,2,3680,4928.4900851,26993.34
114142,1804,2659,2,1,1,2,1580,10586.022584,14112.16
114143,3823,1284,2,1,1,3,2450,4852.4171794,11619.48
114144,4678,1109,2,1,1,4,3200,3240.1751659,10257.22
114145,3347,1720,2,1,1,4,1650,4157.1729097,14288.6
114146,3113,1630,2,5,1,2,1570,6933.7397836,8139.84
114147,2042,2623,2,1,1,4,4330,7002.4928871,38724.57
114148,7342,582,5,5,1,1,900,7893.8235683,2490.37
114149,5460,973,4,1,1,1,900,13969.524545,4968.74
114150,2822,1618,2,2,1,2,1260,7194.7857005,13375.08
114151,5722,944,2,1,1,1,1600,5656.9335877,17651.79
114152,3287,1714,2,5,1,3,1490,4790.0602293,4980.25
114153,5120,1149,5,2,1,1,800,6671.2469188,2582.91
114154,3320,1632,2,5,1,2,2150,5759.9891626,15245.04
114155,14085,1,3,3,1,3,840,613.12729333,9918.08
114156,4221,1353,2,1,1,4,2650,6757.7996179,8188.9
114157,3667,1446,2,5,1,4,960,3598.5615417,14291.45
114158,3942,1198,2,5,1,2,4800,7361.6891817,19942.54
114159,5879,786,4,3,1,3,1050,8035.0399823,4050.72
114160,5954,863,2,3,1,3,3150,3593.257353,9751.26
114161,4221,1367,2,1,1,3,1880,9257.9297336,13544.63
114162,7674,729,2,1,1,2,3620,5318.2848067,14854.46
114163,6535,567,2,1,1,1,2140,6207.8119327,6780.49
114164,2110,2184,2,1,1,1,1400,8126.8577686,4842.47
114165,842,1471,3,-2,0,4,500,7046.0830152,3491.94
114166,5194,1273,2,1,1,4,2030,6048.2859501,8547.42
114167,4216,1362,5,5,1,1,780,9847.9571194,3474.35
114168,4991,1081,2,3,1,5,2500,4193.2395252,10788.5
114169,5636,1159,2,1,1,4,3000,7972.5606642,16840.71
114170,8685,656,2,1,1,2,1310,871.04517302,7674.66
114171,100,4879,3,-2,1,2,1670,8471.8134242,13840.4
114172,1027,1416,5,5,1,2,640,15219.707717,4511.58
114173,750,3624,5,5,1,1,450,7322.6307616,8752.3
114174,2182,2044,2,5,1,1,1610,9088.3107259,8489.17
114175,4985,1001,2,5,1,2,2020,3121.0134044,14976.59
114176,4486,1491,2,1,1,3,950,5173.7050493,7989.9
114177,4791,1110,2,1,1,2,4200,10183.673488,8008.28
114178,0,4965,2,-2,1,6,2000,1576.0510606,12051.18
114179,4380,235,3,5,1,2,2100,3052.8264742,10602.41
114180,399,4261,2,5,1,3,1400,8885.383052,18988.44
114181,1578,2707,2,1,1,1,2850,7201.1750884,9416.75
114182,2318,1894,1,5,1,2,1600,5319.1125939,18898.15
114183,4239,1156,3,1,1,2,1610,4324.8859609,15278.97
114184,7447,852,2,5,1,2,6650,3402.9161188,26605.13
114185,895,3573,5,5,1,2,510,16229.648445,3020.71
114186,1767,4246,2,5,1,4,1430,5911.9681561,19560.83
114187,4379,1146,2,5,1,3,4400,2767.7083817,24209.4
114188,3210,1529,2,1,1,2,6560,5691.4431166,9372.85
114189,5517,747,2,1,1,3,1100,2370.7684711,6031.5
114190,2121,2061,1,5,1,2,900,7878.4402125,11778.49
114191,5574,798,2,3,1,6,4950,3989.9022174,9552.13
114192,5025,1618,4,1,1,3,900,12622.095157,5222.96
114193,3780,1447,2,1,1,3,3450,3766.5902488,21746.66
114194,106,4896,2,-2,1,4,2750,11417.221063,38277.11
114195,1725,2453,2,5,1,2,2040,6907.9879682,24791.14
114196,925,1509,2,5,1,3,1900,13783.852144,7581.87
114197,7261,860,4,1,1,1,800,10992.841508,1209.44
114198,10593,1,2,1,0,1,1200,786.90929875,5024.47
114199,5689,783,2,1,1,2,2550,3909.6229176,5916.38
114200,5459,955,2,1,1,2,2700,1678.7166362,6107.53
114201,6909,463,2,1,1,5,4950,1576.8303617,15425.81
114202,1766,4249,2,1,1,2,4650,4017.9279164,17614.87
114203,4422,1243,2,1,1,2,3660,6452.5607984,14523.39
114204,3338,1712,3,1,1,2,1880,1098.0543717,3508.88
114205,4985,722,2,1,1,4,1230,3239.5546758,8220.33
114206,8712,0,4,5,0,3,1200,923.16578988,17488.46
114207,5436,1222,2,1,1,2,4050,4214.3529394,12875.28
114208,6389,521,2,3,0,3,1540,12019.191609,6152.38
114209,4409,1127,2,5,1,2,3150,3826.9522526,13893.52
114210,4898,925,2,1,1,4,1190,3357.2634868,9006.78
114211,4420,213,2,1,0,4,1600,6039.6876605,6133.0
114212,4266,1135,2,1,1,6,4050,4960.9022681,14279.63
114213,2208,2115,2,5,1,1,800,10933.982891,7332.85
114214,45,1294,2,-2,0,2,1680,1838.6054401,8296.58
114215,3034,1862,2,5,1,1,780,7288.2398621,9924.72
114216,1322,3120,2,5,1,2,1100,9988.0059754,16705.72
114217,5812,1189,2,1,1,2,1920,4054.1646493,15720.11
114218,1217,2970,2,5,1,2,2100,8026.441873,14130.39
114219,3190,1784,2,5,1,1,660,6891.312299,10646.57
114220,2804,1689,2,5,1,4,1500,11540.04393,15805.65
114221,3880,1653,2,1,1,2,1400,7813.2752045,20256.49
114222,6311,857,3,1,0,5,1630,6023.3816516,4604.03
114223,3496,1374,2,1,1,2,1100,6355.486156,7215.41
114224,3558,1547,2,5,1,2,720,3208.3293189,10432.07
114225,2859,2034,2,1,1,3,1070,4934.1459794,11302.77
114226,7792,782,2,1,1,1,3750,2305.2318296,4694.59
114227,1597,1714,2,5,1,2,1200,9166.295772,9363.79
114228,5492,1234,5,1,1,2,670,11062.489711,4465.94
114229,5779,893,2,1,1,2,1440,8691.6126019,9607.54
114230,118,4620,5,5,1,1,940,22176.985343,7813.19
114231,2253,399,2,1,1,5,2080,7982.0377778,8130.87
114232,7638,665,2,1,1,2,2000,6705.9940013,7943.9
114233,4194,1370,4,1,1,2,600,14620.474554,2358.36
114234,0,4964,2,-2,1,7,7060,2203.5100535,10882.16
114235,2525,1799,4,5,1,1,570,7709.5518465,8597.77
114236,4395,1264,2,3,1,1,1650,10152.022439,6070.44
114237,5310,942,3,5,0,2,840,1280.2512484,4224.05
114238,8846,441,2,2,1,2,3400,824.32705835,12746.5
114239,385,3859,2,1,1,1,780,7993.8451865,7401.6
114240,6676,814,2,1,1,2,2400,3775.5213128,11034.49
114241,1179,4676,3,1,1,2,1290,2804.6442663,8090.84
114242,5270,1002,4,5,1,3,950,13034.571453,14237.67
114243,1235,1951,2,1,1,4,1300,11495.395247,10690.14
114244,2178,2474,2,1,1,2,2990,7339.4187212,10932.05
114245,500,4146,2,5,1,2,1390,14148.803715,11445.47
114246,1749,2297,3,5,1,2,1000,4840.2372611,11218.92
114247,919,3527,2,1,1,6,5220,8949.8840548,12800.87
114248,4436,325,2,1,1,4,2700,4210.5485639,10037.04
114249,9195,499,2,2,1,5,2500,859.41347373,15455.75
114250,4210,1332,3,1,1,5,2700,8379.4552969,2711.59
114251,5789,930,5,1,1,2,1090,9913.3041579,3997.49
114252,6388,774,2,1,1,5,4350,5224.9853876,20613.82
114253,8291,454,2,1,1,2,1590,6209.3335683,7651.22
114254,5311,917,2,1,0,3,510,12091.586147,7583.68
114255,1215,2464,2,1,1,4,2240,9311.9650188,6845.9
114256,5199,960,2,3,1,2,10000,4804.8809997,33074.05
114257,5281,904,5,5,1,1,750,5457.5588135,1513.37
114258,1291,4424,2,1,1,1,1700,4901.8969999,10416.83
114259,5302,930,2,3,1,2,1250,5708.1967444,11997.05
114260,5452,1066,5,1,1,1,980,9628.4696913,13195.67
114261,5420,1013,2,1,1,4,4000,4609.7053828,8571.74
114262,5926,1158,2,1,1,4,3000,4701.7497058,4622.75
114263,5392,876,3,1,1,5,1620,3592.3617086,28188.42
114264,7642,174,2,7,1,2,2100,1933.5303531,10318.43
114265,4725,1097,2,3,0,4,1950,4557.1831592,4973.21
114266,4747,1321,2,1,1,2,3000,4287.209185,21568.55
114267,4541,301,3,5,0,7,1980,3065.3860764,22661.09
114268,911,5264,2,5,1,2,2610,4805.5543145,13161.93
114269,4373,647,2,5,1,1,1700,5026.5501545,8308.76
114270,6775,781,2,3,0,1,800,864.59043277,3529.43
114271,4723,1311,2,1,1,4,2720,5123.3016162,15086.01
114272,5689,889,2,1,1,1,3000,10294.276303,3824.87
114273,7738,686,5,5,1,4,900,8266.1695339,11452.46
114274,6964,665,2,1,1,2,1000,1603.8067045,8630.81
114275,5286,922,2,3,1,2,2200,3620.4022623,4691.06
114276,1162,1440,2,1,1,5,2380,12125.20907,12091.99
114277,5499,1104,2,2,1,2,1500,6195.3312978,12683.16
114278,4480,327,2,1,1,1,1450,5081.0476603,6143.7
114279,4346,1266,4,1,1,3,950,7969.7700828,4359.53
114280,4324,1229,2,1,1,3,1390,7893.1036204,9767.66
114281,5,2989,2,-2,0,2,630,1717.3240528,5412.86
114282,4819,1141,2,1,1,2,3300,7005.2150805,24695.67
114283,3592,1561,2,1,1,2,1190,8395.3021311,6605.95
114284,6404,798,1,1,1,6,720,1940.3176653,5563.55
114285,2455,1812,3,5,1,2,2080,5402.899633,14689.39
114286,2089,905,5,5,1,2,820,14276.881551,6502.76
114287,1915,2172,2,1,1,3,1590,11540.004029,8436.52
114288,4555,295,5,5,0,2,900,6129.561439,2982.54
114289,4801,1113,2,5,1,5,1900,10933.298275,23699.22
114290,789,3781,2,1,1,2,1470,10247.255394,21014.89
114291,6896,661,2,1,1,4,2800,7546.6342663,6301.95
114292,4020,1325,2,1,1,4,2600,6512.730106,17985.9
114293,2652,1905,4,5,1,2,1000,7811.0502371,3627.61
114294,8751,431,2,3,1,2,1440,2305.2338606,7702.9
114295,7664,358,2,2,0,1,3450,2313.2851244,5724.44
114296,5890,763,2,1,1,1,2320,5699.2975989,5909.64
114297,1710,2453,2,2,1,5,1200,5677.4679785,14680.25
114298,5429,881,5,5,1,1,530,18899.867537,11327.98
114299,3196,2015,2,1,1,3,1600,5646.2462855,8907.74
114300,5271,904,3,1,1,4,2070,2398.6132858,6187.2
114301,3710,1626,2,1,1,1,600,3203.3865656,4757.6
114302,6857,722,5,1,1,2,1400,13087.202889,9739.47
114303,1120,2990,2,5,1,4,1700,9345.6762699,15698.49
114304,6111,900,2,1,1,1,830,5329.0371456,3009.67
114305,165,4619,2,5,1,2,1980,10780.244385,14441.59
114306,6127,927,3,1,1,2,1400,3541.4513539,8039.41
114307,4361,1277,2,1,1,3,820,7822.0492587,5769.66
114308,6995,928,5,1,1,1,780,3723.8127344,2934.9
114309,4436,336,3,5,1,2,1450,3128.2468791,10381.37
114310,3666,1517,4,5,1,2,800,6557.0586434,13735.28
114311,6170,745,3,1,1,2,2200,4222.2140884,12234.19
114312,8284,661,2,1,1,2,1840,991.16861761,12816.01
114313,2208,1927,2,2,1,1,1870,6379.8961202,8254.07
114314,4196,1193,5,5,1,2,1160,9687.1122056,4783.86
114315,1220,1350,2,1,1,3,750,9757.7097065,4600.73
114316,4722,1121,2,1,1,1,1660,3154.4350673,8368.8
114317,3137,2158,2,1,0,5,3380,4853.197974,15526.4
114318,4882,1147,2,1,1,2,4000,7377.2507518,14556.65
114319,3939,1572,1,2,1,2,2180,5115.4860111,11983.66
114320,5985,751,2,3,1,3,2000,1893.2114411,8266.7
114321,6054,834,2,1,1,2,2500,7902.0367142,5207.32
114322,1171,3124,1,1,1,2,780,13648.431025,14908.11
114323,1,3263,2,-2,1,5,1550,1820.7671619,13698.67
114324,1182,4669,2,1,1,2,3500,4917.2282485,18331.93
114325,5957,955,2,1,1,2,2760,4168.9401504,11714.72
114326,4515,1232,5,1,1,2,700,7266.6646001,5938.28
114327,5592,1187,2,1,1,1,1760,3684.150815,7588.09
114328,3471,1565,2,5,1,3,3800,4859.4798261,1881.56
114329,6218,268,1,2,0,2,1600,1938.892471,10455.62
114330,5727,910,2,1,1,1,2330,5908.4222407,18742.79
114331,4067,1276,2,5,1,4,2200,5945.9639496,12394.89
114332,4353,1284,3,1,1,5,2250,7069.3432024,19753.48
114333,4624,1160,2,1,1,1,2200,6897.2564053,5977.84
114334,4982,1054,5,5,1,2,1050,5276.38433,5805.03
114335,4501,1121,2,5,1,1,1060,6942.0380635,9305.03
114336,2351,1283,2,1,0,2,2390,9014.3719559,5410.07
114337,5000,802,2,-2,0,3,1000,3936.1371301,5484.75
114338,4288,1097,2,1,1,1,680,6148.4119283,3633.73
114339,4565,1124,2,1,1,2,2550,3375.2843915,20407.51
114340,1855,2844,3,-2,0,2,1280,3999.0178357,5665.56
114341,875,5360,2,5,1,5,7250,4467.6699771,107322.69
114342,5760,855,2,2,1,4,3500,3873.512993,7394.9
114343,3363,1730,2,7,1,1,770,3422.3988898,6342.3
114344,4546,1134,2,5,1,2,3150,2762.6729513,22841.65
114345,6744,581,2,7,0,2,1690,2268.295414,8699.54
114346,6008,950,5,5,1,5,530,17313.249524,7568.47
114347,4793,1130,2,1,1,2,4800,5965.2730768,22239.26
114348,4616,1068,2,1,1,2,1800,2265.1142625,12707.37
114349,3236,1822,2,5,1,4,2100,5553.99643,21810.06
114350,3526,1647,2,5,1,2,6750,3247.3478283,20706.14
114351,4943,993,2,1,1,2,3130,5518.8551932,7910.98
114352,1973,2277,2,1,1,4,3450,3720.5256581,20076.74
114353,3004,1532,2,5,1,1,1400,8430.7181504,6745.37
114354,6316,650,2,3,1,2,2350,2497.7866733,7608.01
114355,3259,1878,5,5,0,2,650,9746.8658659,7816.62
114356,5271,902,5,5,1,2,630,6836.3652569,5026.13
114357,4185,1353,5,3,1,1,550,7324.2198296,1275.95
114358,10796,1,3,1,0,2,1070,568.7088117,4334.66
114359,4331,1157,2,5,0,4,720,5012.7838792,5048.25
114360,3898,1850,2,5,1,3,4650,7871.792624,35554.04
114361,975,3052,5,5,1,1,870,17492.955633,8760.1
114362,2664,1699,2,2,1,2,2740,7243.7479465,13455.02
114363,3036,2386,2,5,1,2,1670,3586.9740595,14228.4
114364,5230,1520,2,1,1,2,2500,5290.1969384,12327.57
114365,4705,1130,2,1,1,4,2600,4849.5461634,20306.21
114366,951,3558,2,1,1,2,2600,13351.019209,8170.31
114367,4224,1400,2,7,1,1,1190,9668.0453221,3614.8
114368,4744,1322,2,5,0,4,2200,5120.5954206,14512.74
114369,4168,1210,3,5,1,3,2710,853.70785523,23250.24
114370,2604,1742,2,1,1,3,4000,6958.4359129,18251.09
114371,1266,3398,2,1,1,1,1760,8689.7070905,15130.43
114372,5516,1225,5,1,1,2,1300,10798.251156,5523.99
114373,5385,873,2,1,1,2,2360,11314.108767,8523.83
114374,7329,534,2,1,1,2,900,13661.161958,8392.25
114375,1156,2157,2,1,1,2,1120,11704.122155,2642.44
114376,4875,1330,2,1,1,6,3980,4157.681605,14246.04
114377,1789,4207,1,2,1,3,400,7353.6098017,5139.67
114378,6361,743,5,5,1,1,850,14367.983214,2745.47
114379,7840,356,2,7,1,4,2550,1003.74066,9138.58
114380,7280,519,2,7,1,4,1900,1108.325853,8676.67
114381,4947,465,2,2,1,2,2560,7258.0678028,5768.96
114382,5887,820,2,5,1,2,1780,6243.7840936,29441.79
114383,4153,1218,2,1,1,1,2270,1337.3918132,6131.22
114384,8441,351,2,1,1,5,2800,12747.835618,6396.12
114385,8089,593,2,2,1,2,1400,892.91680197,11297.56
114386,1439,3130,2,2,1,1,1000,10227.032771,8477.54
114387,5072,907,5,1,1,2,1250,12475.028164,3036.67
114388,5776,1359,2,1,1,4,1300,3732.8324098,9236.86
114389,1867,2797,1,5,1,1,1250,13628.570194,10423.35
114390,153,4561,4,-2,1,3,700,11619.747575,13304.38
114391,2785,2204,2,1,1,1,1400,12204.50669,3776.6
114392,3659,1674,2,7,1,4,1600,6521.1763672,10240.68
114393,4801,965,2,3,0,1,1940,9746.1325083,2303.39
114394,6208,771,5,5,1,1,790,13370.917582,3287.33
114395,6005,849,5,1,1,1,550,5591.5234488,1213.46
114396,2897,2000,2,1,1,2,1880,7308.4926488,10737.15
114397,7867,308,3,1,1,4,1400,1985.2263346,6960.29
114398,4763,1063,2,3,0,4,4200,5483.8824839,9917.45
114399,291,4030,2,5,1,3,1800,10217.489153,15355.41
114400,5496,1229,2,1,1,1,1840,12010.062042,7471.97
114401,1035,1107,4,-2,1,4,650,20373.750698,2772.02
114402,4065,1422,2,5,1,1,3210,3063.4174765,13869.29
114403,4689,1206,2,1,0,3,1130,7964.3012319,9656.04
114404,966,3032,2,1,1,2,2390,8707.8431024,25706.65
114405,4152,1271,2,1,1,3,4680,7071.6379061,13781.15
114406,4157,1215,2,1,1,1,1640,7921.5212919,4715.28
114407,2640,1727,2,1,1,2,2310,9351.1358721,8771.29
114408,2628,1724,2,1,1,2,1960,6523.7686616,1829.49
114409,5225,886,2,1,1,1,1530,15091.185137,5176.04
114410,4519,1106,2,1,1,4,1600,2986.1539631,23741.01
114411,6161,836,2,5,0,2,1390,11544.270652,19337.39
114412,1051,2216,1,1,1,3,970,13020.921013,5043.43
114413,6327,715,2,7,0,2,2700,6060.5911005,7052.64
114414,592,3829,2,5,1,2,1780,12369.81763,15868.47
114415,7486,690,2,1,1,4,2000,6958.5064986,8058.65
114416,4341,1018,2,1,1,7,1550,6822.5680153,15722.63
114417,4437,1240,2,5,1,2,3900,4417.8360792,21429.0
114418,1914,2527,2,1,1,1,3550,9936.9705949,8628.62
114419,7241,873,2,1,1,2,3800,6591.7393159,19093.35
114420,4900,1027,3,5,1,7,1800,7831.0268959,15742.7
114421,2765,1646,5,5,0,1,910,12673.615504,6098.34
114422,3565,1729,2,2,1,2,4800,5691.5532483,17790.22
114423,7298,508,5,5,1,1,800,1973.2742777,5860.91
114424,7065,723,2,1,1,2,2440,6971.6413751,6201.1
114425,1057,2236,2,1,1,5,490,11244.536844,7613.47
114426,2318,415,3,1,1,4,1750,6301.0347956,6820.16
114427,4375,235,2,1,1,3,2600,6904.3175221,15290.36
114428,5862,855,2,1,1,3,3730,5196.600938,14171.3
114429,5560,938,2,1,1,3,2380,6337.730117,19018.3
114430,1403,2614,2,1,1,3,1810,4665.8448809,13208.72
114431,8028,416,2,2,0,2,2100,11936.80836,24259.8
114432,4083,1364,5,1,1,1,1500,8810.6866576,7623.85
114433,8427,140,1,1,0,1,860,2853.7032882,2997.42
114434,5126,946,2,1,1,2,3250,5745.9969758,14415.07
114435,7553,502,2,3,1,2,2800,1043.8110955,8008.93
114436,3332,1553,2,5,1,2,2700,6813.0375475,21083.87
114437,4799,716,5,5,1,2,1450,9892.250356,5135.87
114438,3580,1359,2,5,1,2,3070,8896.218655,21914.51
114439,4275,277,2,5,0,2,1350,5545.1380117,10077.72
114440,7082,330,2,1,1,2,1400,3789.4961549,6487.69
114441,982,2896,1,5,1,1,1400,9658.274585,10149.67
114442,5128,1134,2,1,1,5,4500,2562.102879,10740.92
114443,3396,1686,2,1,1,2,1090,1283.7355402,12684.51
114444,1407,3963,2,1,1,1,800,5634.573218,6891.9
114445,4439,1182,2,5,1,4,2850,5640.7173236,4160.43
114446,6142,752,3,2,1,2,2400,3867.8950245,10008.16
114447,4493,1306,2,1,1,1,3000,6590.0671021,6265.25
114448,7415,688,2,1,1,3,1630,4566.3718482,7423.13
114449,4217,1173,2,1,1,2,2800,6852.4646472,9587.09
114450,6606,875,2,5,1,2,1380,1120.9744531,13061.54
114451,8000,630,2,1,1,2,2850,731.15145547,10527.52
114452,5443,867,2,1,1,2,830,9223.1015115,2486.95
114453,4776,976,5,1,1,1,700,7475.6100285,1615.32
114454,5492,854,2,1,1,2,2750,3819.7651654,7993.78
114455,6298,754,2,1,1,2,2450,9607.2916513,8798.92
114456,4649,1126,2,1,1,2,6600,10669.388942,14012.32
114457,5335,927,2,1,1,2,1680,6342.5422267,5005.38
114458,2226,2427,2,1,1,4,2700,7741.2234797,10958.98
114459,5732,1053,2,1,1,1,1060,8530.7516688,5948.12
114460,6833,509,2,2,1,2,3600,3482.6489423,12381.7
114461,4412,34,2,7,0,5,2700,4990.579614,13770.59
114462,5198,890,1,2,1,1,1500,11913.587867,5142.6
114463,4249,286,5,5,1,2,920,7585.2556147,7407.31
114464,6389,736,3,1,1,2,2000,4242.8648751,9620.04
114465,2262,2059,4,1,0,5,1100,15097.821522,8204.93
114466,1949,2288,3,5,1,1,2100,4126.8497429,8691.79
114467,5566,893,2,2,1,1,3200,16992.755554,9107.07
114468,5210,934,5,5,0,2,840,5164.6476268,3531.81
114469,373,4290,2,-2,1,4,2700,12004.651512,11072.49
114470,5206,604,2,1,0,1,2000,4548.6642156,5785.41
114471,8079,633,2,5,1,3,900,1060.2591876,14196.95
114472,7098,1034,3,1,1,1,1080,1042.1680925,4601.73
114473,6156,1062,5,1,1,2,700,7917.0561201,3200.36
114474,5518,747,2,1,1,4,2200,2069.4359345,10986.69
114475,8426,183,2,1,1,4,1100,9781.742063,21748.59
114476,4880,1275,2,1,1,2,2000,5807.0032278,9854.25
114477,4908,38,2,3,0,2,2160,4851.7329112,10152.87
114478,5899,895,2,1,1,1,3300,5843.970233,7060.27
114479,697,3585,3,5,1,1,1270,6794.6196499,5975.02
114480,6240,602,5,1,0,1,1000,4317.7661076,2089.51
114481,4828,921,2,2,1,2,4500,4300.0585823,8954.18
114482,3368,1488,2,5,1,2,2400,8391.8891725,15812.6
114483,5911,946,2,1,1,7,3960,9312.5872353,16535.04
114484,4259,286,4,5,0,2,1050,12905.022829,7420.7
114485,5850,863,4,5,0,2,1000,13388.105055,19342.09
114486,6113,769,2,3,1,4,1500,3424.8253274,10467.43
114487,1542,2503,1,5,1,3,1200,4834.8711137,13966.57
114488,1948,2730,2,1,1,1,1500,9544.9616631,7265.41
114489,3283,1991,2,1,1,4,900,5863.1566809,11194.15
114490,6482,783,2,1,1,2,3680,7291.418941,9643.25
114491,5810,20,4,5,0,1,800,10006.71395,4396.76
114492,2254,884,5,5,0,3,750,14022.261403,3158.16
114493,3139,1796,1,5,1,3,1700,9939.8229397,11896.13
114494,6578,762,1,2,1,2,1930,1935.6756595,6495.72
114495,6660,734,2,7,1,1,2340,2895.5509311,12168.08
114496,2733,1676,2,2,1,2,2800,8605.0755797,14927.33
114497,5227,943,4,1,1,3,1700,4135.275722,9596.25
114498,5699,807,2,3,1,4,2200,3701.8327887,15316.26
114499,1286,3101,1,5,1,2,1870,11050.720913,18159.96
114500,1138,3624,3,1,1,1,2310,4723.9872599,1908.28
114501,4232,1033,2,5,1,2,2240,4286.0497732,16205.27
114502,4985,1001,2,2,1,2,3130,10013.257252,9614.34
114503,7707,497,2,3,0,5,3500,682.99688748,6618.61
114504,3833,1194,4,1,1,3,1200,11979.229513,9120.4
114505,5428,950,5,1,1,1,700,7862.6444469,1178.97
114506,1,3452,2,-2,1,3,900,1247.5301645,10296.38
114507,2656,1720,5,5,1,1,600,15052.22336,5234.31
114508,9212,442,2,2,0,4,3250,885.72845775,49427.56
114509,5585,1157,2,1,1,1,3060,10877.74655,8465.51
114510,3189,1476,2,1,1,3,2190,11449.407877,12964.55
114511,4988,723,2,7,1,1,3190,2754.7587342,8649.57
114512,923,2075,5,5,1,1,980,12793.026015,3793.89
114513,4429,1272,2,1,0,2,2500,8419.881612,6486.0
114514,912,2162,5,5,1,2,950,14008.893381,3879.76
114515,3757,1599,5,1,0,2,750,7857.5859102,7332.9
114516,1074,936,2,1,1,1,840,15142.633424,1811.16
114517,2858,2034,2,5,1,2,680,7706.7099003,12501.09
114518,3190,1784,2,5,1,2,1500,5241.4613742,24018.13
114519,10121,0,2,1,0,3,3170,693.29447948,11237.71
114520,5043,1032,2,1,1,2,2310,7725.4825884,6883.62
114521,3915,1630,2,1,1,2,1060,3512.1006764,4670.36
114522,5203,1254,3,5,1,2,1200,4497.983717,6280.97
114523,5695,1063,2,1,1,2,1540,8644.4953733,5287.69
114524,3903,1215,1,5,1,5,2100,3155.324277,30768.76
114525,4561,1235,2,1,1,2,3410,5667.0292803,11600.65
114526,5,2993,3,-2,1,6,2200,948.50240706,27096.49
114527,5649,692,2,1,1,2,3150,10183.673488,6129.73
114528,3161,1764,2,1,1,2,2100,5673.5687727,11254.26
114529,5381,821,2,3,0,1,1800,4844.8518928,3005.04
114530,6318,642,2,3,1,3,3600,1432.7445424,8122.85
114531,9749,391,2,2,1,5,2180,826.59281814,22203.7
114532,799,3778,3,5,1,1,2310,3416.1840587,12310.31
114533,334,4418,5,-2,1,2,1200,14806.706685,12191.21
114534,3576,1449,2,5,1,2,1800,4286.0497732,20810.82
114535,5422,1198,2,1,1,2,3900,4849.8244194,13602.06
114536,5486,909,2,3,1,2,3230,1559.7059965,7912.1
114537,8779,78,2,2,0,2,680,3681.9337092,3821.46
114538,4484,200,2,1,0,2,2040,5671.603183,6577.77
114539,5503,1229,5,1,1,2,700,16407.37133,4093.52
114540,384,4328,2,5,1,3,2850,15498.456064,36260.09
114541,7266,466,2,3,1,5,880,1975.5665475,11334.76
114542,2658,1691,4,5,1,1,500,4532.7893119,4119.55
114543,2672,1907,2,1,1,3,2520,10871.17518,10270.81
114544,93,4934,5,-2,1,2,800,20548.362822,9023.31
114545,5938,857,3,1,1,2,2800,4707.9278051,5171.1
114546,7108,661,2,7,1,2,2630,1043.8110955,6370.72
114547,7219,826,3,1,1,2,2700,4426.4544744,5685.67
114548,7991,634,2,1,1,2,3250,1051.9172628,5568.54
114549,3244,1719,5,5,1,2,1200,7793.5529566,5190.69
114550,900,1315,5,1,1,1,830,9696.2159057,2028.61
114551,4651,1147,3,5,1,4,1800,6222.5841574,18591.81
114552,5348,892,2,1,1,4,1930,4026.284059,7559.74
114553,4768,961,2,1,1,2,1550,8790.3259782,7547.8
114554,4457,1411,2,1,1,1,2100,12054.797858,12713.43
114555,2747,2175,2,5,1,5,1860,14676.603176,11218.51
114556,1229,2381,2,1,1,2,3590,9298.3005456,11012.41
114557,934,2212,3,1,1,3,1250,8820.7821925,8727.69
114558,884,5334,2,1,1,2,3200,3835.4453144,16554.48
114559,1028,3209,1,5,1,2,1210,6191.9222163,18189.37
114560,2782,2015,2,1,1,4,1700,4081.2450276,12761.79
114561,3717,1520,2,5,1,2,2780,5072.0293979,9129.0
114562,5601,873,2,1,1,1,3030,6015.7932234,11041.85
114563,4156,1222,3,1,1,1,1200,4643.141773,5104.79
114564,1180,2864,4,5,1,4,1200,6932.3306494,12002.66
114565,4193,1354,5,1,1,3,630,13146.741872,4281.33
114566,1452,2838,2,1,1,1,2590,9014.7530675,14084.66
114567,6302,636,2,3,1,2,1500,1945.6457497,7992.51
114568,5065,1058,2,1,1,1,1400,2335.1236411,6883.83
114569,5994,813,2,1,1,3,2750,2977.4423674,8329.88
114570,4948,1149,4,1,1,1,420,13062.447159,2867.98
114571,5658,1145,2,1,1,1,1510,9809.6080133,6734.67
114572,1924,1877,2,1,1,4,1930,11578.5422,7768.79
114573,3611,1525,2,1,0,4,1600,2287.9115917,14152.31
114574,4419,1404,2,1,1,2,3000,7278.0714789,15059.26
114575,4334,1234,2,3,1,2,1000,6390.1646483,5827.1
114576,5170,1267,2,2,1,5,2060,5217.1476957,12140.19
114577,6271,864,2,1,1,2,3200,5204.0034177,5167.63
114578,7824,571,2,1,1,1,2600,7997.8600875,9033.73
114579,1109,4819,3,5,1,1,1600,2593.805559,17864.37
114580,5850,1147,5,5,1,1,1130,4848.8211671,3648.62
114581,4051,1105,1,5,1,1,650,9469.9358513,10541.94
114582,6222,737,2,1,1,2,3000,4550.1070065,13211.57
114583,4426,1419,2,1,1,1,2300,6610.2533855,11815.79
114584,11034,4,2,3,0,2,2400,862.7570041,6785.41
114585,4708,1108,2,3,1,3,2220,4102.6521746,10296.21
114586,4839,1141,2,1,1,2,1800,9382.9462787,6463.71
114587,1944,2340,2,5,1,4,1900,6675.1893813,19791.86
114588,7383,675,3,2,1,7,2600,3188.8464045,24242.26
114589,7194,642,2,1,0,2,900,7318.1257799,4871.25
114590,7575,465,2,1,0,2,980,9158.2067712,5192.59
114591,4502,317,2,7,0,2,2350,4944.7253832,21248.14
114592,5065,1060,2,1,1,4,2200,3367.1920482,13742.55
114593,1702,2373,1,5,1,2,1390,7226.2018805,13470.19
114594,2831,1638,2,1,1,2,3000,6459.0488948,19980.23
114595,3012,1507,2,1,1,2,1950,7064.7550076,5078.24
114596,3953,1472,2,1,1,3,1000,4029.4617142,8970.99
114597,4295,1225,1,5,1,5,720,3375.6993239,21773.51
114598,1173,3119,3,1,1,2,2350,6350.0454085,11108.35
114599,4427,1240,2,5,1,2,2670,6404.4734522,7724.56
114600,8068,594,3,1,1,4,2410,488.00127219,9495.31
114601,7447,850,3,5,1,3,2000,1568.2042446,4640.89
114602,2773,2034,2,1,1,1,330,6174.401894,14228.85
114603,5273,637,2,5,1,3,2500,4849.0620742,24383.12
114604,7105,883,2,1,0,3,2400,10156.428203,7935.39
114605,6072,787,2,1,1,2,4650,8337.6989777,9836.73
114606,7253,588,2,3,1,2,3400,1075.0445045,6954.31
114607,3814,1485,2,1,1,2,1200,3957.315904,12172.64
114608,1114,3503,3,-2,1,3,600,5468.2652566,8502.94
114609,4180,1284,2,1,1,2,4500,5894.8512544,11951.45
114610,5793,823,2,1,1,1,500,3015.1999083,3418.7
114611,2785,1659,2,1,1,3,2250,8269.391385,3840.68
114612,7357,382,4,1,1,1,1600,4730.9668815,4654.13
114613,1169,2737,2,5,1,2,1400,4394.8529843,20570.58
114614,4571,1264,5,5,1,1,600,13051.079314,4707.59
114615,3362,1702,2,1,1,1,1240,10281.920373,9986.31
114616,7585,210,2,1,1,3,2500,3121.6590913,15912.75
114617,6326,687,2,1,1,3,1750,12887.826476,6464.53
114618,874,5362,2,-2,1,1,1350,5873.5228589,9436.05
114619,3331,1715,4,1,1,1,650,1526.4755975,2149.09
114620,3118,2213,5,5,1,3,1050,10169.152549,10371.78
114621,791,2007,5,1,1,2,650,13968.343923,4663.61
114622,4211,1321,2,5,0,2,1370,14266.653239,14400.01
114623,3672,1658,3,1,0,3,1050,2187.5538452,4097.41
114624,2137,370,5,-2,0,1,900,16117.632018,3556.91
114625,624,3818,2,5,1,2,1460,11401.836213,19668.34
114626,4604,333,2,5,1,2,1200,4539.9034601,11687.62
114627,2837,1605,3,1,1,4,1100,8914.7141903,12818.74
114628,1184,2862,1,5,1,2,900,6210.3862302,10465.87
114629,5657,1100,2,1,1,2,1880,8102.2859479,9182.03
114630,3733,1236,2,5,0,1,1200,6067.8799838,9733.28
114631,1030,3392,2,1,1,1,2300,13583.418072,12771.57
114632,6259,716,2,3,1,2,2950,2416.0893419,12791.72
114633,2671,1730,4,2,0,1,1000,6249.2638915,4289.94
114634,4470,336,2,1,1,2,2800,4384.8582744,10507.28
114635,5023,1620,2,1,1,4,2200,4297.6216346,9907.72
114636,6780,477,2,1,1,4,2700,5130.1247951,8495.35
114637,1423,2772,4,5,1,1,1000,5134.6789104,5548.13
114638,2626,1727,2,1,0,4,1670,7774.7954315,9453.96
114639,4048,1221,2,5,0,1,1190,3831.3305653,12932.86
114640,3493,1366,2,5,1,4,2000,6649.3228756,14829.77
114641,5339,950,2,1,1,2,2910,2233.4322024,10906.6
114642,5568,1051,2,1,1,2,3000,7713.5193522,7377.6
114643,2124,2128,2,5,0,1,1550,12102.360393,15249.21
114644,3605,1509,1,5,1,1,920,2717.6809805,7504.7
114645,7699,540,2,7,1,4,3200,5978.0790495,13358.71
114646,5068,133,3,5,1,1,950,3756.7337017,7539.63
114647,6789,658,2,1,1,1,1650,6800.8754875,3321.47
114648,1070,4531,2,1,1,4,1870,11534.227187,14873.97
114649,5154,971,2,1,1,2,2400,6075.3233167,9622.41
114650,8243,479,3,1,1,3,1340,978.78306087,7634.2
114651,6327,652,2,3,0,3,5730,2024.4114237,9865.79
114652,6630,629,2,3,1,2,3030,4782.5145977,9879.06
114653,6652,870,2,1,1,2,1800,4850.5941184,11043.96
114654,6173,907,3,5,1,3,2000,3155.2042353,27620.86
114655,8426,548,2,1,1,3,3450,1948.4195324,25414.35
114656,5584,1192,2,1,1,2,2430,8598.6154305,7403.15
114657,2305,2848,4,5,1,2,570,11559.09515,9320.18
114658,3251,1909,5,5,1,1,950,9016.9576807,6714.52
114659,5697,513,1,5,1,2,860,3648.8182634,15922.33
114660,4883,1048,2,2,1,3,6800,6685.3201599,11610.05
114661,2158,803,4,5,1,4,1000,13032.78057,11219.91
114662,3449,1607,2,2,1,4,3000,9670.7216148,7581.89
114663,5504,72,2,1,0,3,2800,5264.0202439,14001.0
114664,1197,4632,5,5,1,3,1130,6739.1908366,9791.61
114665,5610,1040,2,5,1,3,4500,6452.8722756,21351.57
114666,2899,1998,2,1,1,1,5400,4279.1607145,15514.03
114667,0,4827,3,-2,1,1,1910,1235.6089923,7945.09
114668,4871,232,2,1,1,1,1290,5032.6533407,9322.45
114669,2136,1852,2,1,1,5,2400,8834.5092836,11446.99
114670,5255,906,5,5,1,2,760,5895.0074337,5868.76
114671,10634,1,2,1,0,1,2400,895.46260424,7111.87
114672,301,4396,5,-2,1,1,810,16411.910915,1156.69
114673,3331,1715,3,1,1,5,2050,870.28885021,12648.27
114674,1926,2162,3,5,1,2,1200,4369.906296,9194.73
114675,5487,1229,5,1,0,1,800,15195.908286,2163.99
114676,4426,1223,2,1,1,3,2200,5084.2157064,18216.1
114677,2759,1875,2,2,1,6,3130,8637.2448044,5720.31
114678,4214,1256,2,1,1,2,3450,2182.6019262,10345.89
114679,2526,1821,2,5,1,4,1600,5271.3328694,12311.83
114680,1553,2503,2,1,1,2,500,6542.2290726,19694.94
114681,7398,636,5,5,1,2,1050,7360.301002,5595.52
114682,4755,1114,5,1,1,2,1200,11000.501827,3285.27
114683,6821,560,2,1,0,4,3220,831.0702147,10075.81
114684,8479,449,3,5,1,4,1200,548.64628493,17364.76
114685,6418,790,2,1,0,1,2020,2206.4724691,1647.34
114686,968,3123,2,5,1,2,1330,11519.885264,14714.84
114687,3558,1426,5,5,1,2,700,8589.2928828,6548.22
114688,6748,655,2,1,1,7,2700,6505.0768364,16666.73
114689,4280,248,5,1,0,1,980,6809.6867922,3073.01
114690,2974,1514,3,1,1,2,840,5011.1253208,9724.63
114691,3853,1500,3,5,1,3,1900,1462.6021243,12875.42
114692,6412,794,2,1,1,3,2490,2219.4847116,8922.43
114693,3131,2698,2,1,1,2,2000,9325.8278174,17995.94
114694,4717,1116,2,1,1,1,1190,7820.9621895,6852.83
114695,1196,2358,2,1,1,5,1000,10833.798183,6871.78
114696,6452,631,3,1,1,2,3280,5958.3428434,6853.06
114697,4696,1132,4,5,1,5,1500,29279.148327,10824.5
114698,3809,1527,2,1,1,2,2250,8848.6727364,14635.3
114699,5712,808,2,3,1,5,2800,3229.4868057,8241.11
114700,6857,534,4,5,0,1,760,1540.0380422,10410.98
114701,2858,2034,2,1,1,2,1580,4772.7513349,13976.47
114702,2501,816,2,1,0,2,900,8999.2867928,4120.19
114703,8133,306,2,1,0,7,2500,1148.5346007,13849.04
114704,1128,1488,5,5,1,2,1000,12068.883149,1809.36
114705,6855,537,2,1,1,2,1020,1432.0768515,5369.8
114706,6067,784,3,1,1,2,1800,2770.3453976,8454.63
114707,4187,1352,5,1,1,2,1400,12224.971844,3500.52
114708,2998,1787,2,5,1,3,2100,4165.2215132,11002.23
114709,4222,1345,5,1,0,1,1200,12759.949069,5015.02
114710,737,3656,2,-2,0,1,600,4728.8372429,8339.25
114711,2333,267,2,1,0,2,2400,11919.374972,6136.54
114712,4066,888,2,5,1,2,1300,3796.7804217,9646.64
114713,2612,1757,2,1,0,3,2990,7325.1188557,9737.54
114714,7942,311,2,3,1,1,1660,971.10159529,3897.76
114715,4182,1272,3,1,1,1,1200,1692.4751489,5831.33
114716,7194,881,2,1,1,4,1300,6061.6803431,12051.08
114717,5875,905,2,1,1,4,3000,4835.1578555,8454.03
114718,5891,751,1,1,1,2,980,6553.9499986,8831.67
114719,4515,1214,2,1,1,4,1700,7061.6609222,13742.6
114720,4254,1366,2,1,1,4,3480,6963.7427633,6952.4
114721,4879,134,2,1,1,2,1750,6236.1701495,8237.34
114722,3846,1784,2,5,1,2,1530,12575.677111,21767.86
114723,7723,221,2,1,1,3,4000,4860.7942623,7717.29
114724,5523,1223,5,1,1,1,1300,10028.989993,4568.36
114725,8914,11,2,7,0,2,2320,862.7570041,9956.5
114726,4358,1281,5,2,1,1,620,6784.5471231,5598.83
114727,5369,887,4,3,1,2,900,6699.1249801,3157.41
114728,4184,1197,5,5,1,2,930,1441.4933608,8015.08
114729,4400,1250,2,1,1,4,6600,6378.9414828,13010.85
114730,5249,643,2,7,1,3,1400,4350.951365,9630.55
114731,10694,1,4,1,0,2,1100,1108.3024282,2348.55
114732,3779,1564,5,5,1,4,1280,8590.0420729,12121.58
114733,4199,1190,5,1,1,1,700,9134.226601,9671.08
114734,5947,822,2,1,1,2,2270,4242.3263561,5909.72
114735,4366,1131,4,1,1,2,1000,4196.7186376,4579.33
114736,3196,1644,2,5,1,2,1600,7002.9371169,11192.88
114737,7184,877,4,5,1,1,1500,14741.765688,3759.94
114738,3521,1527,4,5,1,4,960,6552.6783977,12726.66
114739,5833,862,4,1,0,6,1300,15705.978801,6427.07
114740,739,3651,2,1,1,4,2500,4232.4214197,19371.18
114741,1922,2420,2,1,1,3,800,9632.9780388,3713.4
114742,874,5362,2,1,1,5,1620,7654.3247086,25584.89
114743,6711,976,2,1,1,3,1150,1627.2734251,9722.23
114744,1871,2786,4,5,1,3,850,12428.786337,13815.15
114745,1751,2295,2,1,1,2,1900,4828.376091,9204.38
114746,2999,1542,2,5,1,1,3000,8846.9318067,27273.63
114747,4729,1090,2,1,0,2,1600,4063.4983486,4724.09
114748,404,4148,3,5,1,2,1480,9208.8130909,12719.21
114749,0,5033,5,-2,0,6,930,2264.4063997,8452.01
114750,3960,1464,2,1,1,2,600,6416.1116879,4397.53
114751,6215,1040,5,1,1,1,900,4567.2667101,4762.39
114752,3962,1697,2,1,1,2,2390,7509.8494522,17247.99
114753,2869,1627,4,5,1,2,1100,8652.7193399,16799.39
114754,4577,914,1,5,1,1,980,4353.4825246,10025.21
114755,5973,835,3,1,1,3,900,2518.8293702,6651.87
114756,1775,3429,2,1,0,1,1200,4866.7974599,2932.53
114757,2225,2071,5,5,1,1,500,16033.973324,3454.68
114758,1450,557,2,1,0,6,1700,12884.281583,10525.13
114759,5157,902,4,1,1,1,900,2879.3881455,2956.16
114760,365,4376,4,5,1,1,600,12101.232191,5317.23
114761,2668,1752,2,1,1,1,1700,8154.4804006,8093.77
114762,1110,3014,2,5,1,6,1010,9651.2837271,14821.72
114763,1085,2958,2,5,1,2,1500,5866.7238334,17117.02
114764,4418,1288,2,1,1,2,2500,5917.5187102,7516.02
114765,3937,1421,2,1,1,2,1600,4809.4257427,11429.28
114766,2149,352,2,1,0,7,1800,15673.778146,2436.83
114767,1207,2066,2,1,1,2,1230,9482.6024696,8258.67
114768,4125,1420,4,1,1,4,1020,14620.474554,3247.46
114769,1745,2295,2,5,1,1,2300,4810.551794,12300.49
114770,7478,809,2,1,1,1,1150,5759.728788,5399.5
114771,2883,1866,2,1,1,4,2600,5229.6575376,12804.78
114772,7435,714,2,1,1,2,2970,4887.7546077,22286.89
114773,5810,20,2,5,0,3,1280,5203.4773852,15568.59
114774,4715,1122,3,1,1,1,1900,6666.4352232,9695.65
114775,6699,734,2,5,1,1,3850,3351.0186728,14757.63
114776,3525,1421,1,5,1,2,980,4889.5218096,13548.24
114777,4618,1161,4,5,1,3,1150,12851.152937,11050.52
114778,3747,1291,2,5,1,2,1300,6567.2069576,14162.12
114779,4522,1042,2,5,1,3,3000,5128.1268331,28569.89
114780,5871,771,4,1,1,4,830,12721.545656,3614.52
114781,5674,1063,5,5,1,1,700,8195.7187334,6380.07
114782,4179,1274,2,1,1,3,2050,3733.1495583,13284.58
114783,1082,3341,2,5,1,2,3150,9680.9659589,13792.57
114784,7507,585,2,1,1,2,2950,5625.6735975,15878.35
114785,6971,433,2,1,1,1,2000,2839.0361316,4511.38
114786,4182,1272,5,5,1,3,1190,3624.9369467,6232.42
114787,1859,2858,2,1,1,3,1950,8573.6847822,9031.24
114788,434,4087,3,5,1,2,500,7746.7068698,9084.59
114789,8185,545,2,2,1,4,1870,6683.7370377,9533.49
114790,1716,2358,1,5,1,2,700,7324.3609416,10689.21
114791,2935,1824,2,5,1,4,2220,3437.1519327,18769.45
114792,4909,606,1,5,1,2,450,4062.6003545,16066.51
114793,5502,880,2,3,1,1,2940,3275.4577,4998.31
114794,1156,3297,2,5,1,3,1300,8362.6307371,18438.69
114795,649,5040,2,5,1,2,2320,6554.84027,15586.53
114796,4912,1155,2,1,1,1,2800,4838.414534,2146.28
114797,3788,1237,2,5,1,2,1300,5931.4406092,14373.47
114798,4657,1455,5,5,1,1,870,10167.596344,17250.2
114799,3345,1626,2,1,1,1,990,4891.6716669,6619.39
114800,4178,842,2,7,1,1,2130,4286.0497732,4630.2
114801,7006,602,2,7,1,2,4500,1005.7219375,17018.51
114802,5347,944,2,7,0,2,1800,9140.5375235,7334.75
114803,3376,1497,2,5,0,2,980,4301.2254702,12120.72
114804,4271,1224,2,1,1,2,1600,3388.9727525,8494.38
114805,2347,1956,2,1,1,4,3900,3939.2304805,14080.66
114806,0,4312,2,-2,0,2,3200,2183.8072693,2598.0
114807,2311,2064,2,5,1,4,360,5174.5445179,9218.95
114808,874,5362,2,5,1,4,6550,4768.0381691,4896.98
114809,1789,3405,2,1,1,1,3090,4299.9081302,7037.79
114810,5705,801,2,7,1,4,2810,7101.1585017,11367.89
114811,5886,639,2,1,1,1,1650,15705.598588,4766.17
114812,2776,1640,2,5,1,1,2430,7347.6545022,12889.38
114813,5727,852,2,1,1,3,3800,7880.4226966,14286.75
114814,1135,3626,2,1,1,4,2650,7748.8521754,12477.05
114815,2731,1710,2,1,1,3,2800,6567.1634977,15480.8
114816,2669,1708,2,1,1,1,1750,7407.183462,10558.93
114817,7458,424,4,1,0,1,350,3957.6355399,2148.5
114818,5357,1124,3,1,1,4,2400,3144.0223625,9739.26
114819,2011,2722,2,-2,0,1,1470,13092.820412,2708.07
114820,3247,1720,4,1,1,1,1000,5705.8683168,3482.63
114821,1251,1043,2,1,0,1,1800,10775.268897,1797.9
114822,4846,975,2,3,1,5,1200,6712.9544399,16017.71
114823,3362,1605,2,1,1,2,5120,5245.204396,12308.03
114824,6153,842,2,1,1,2,1570,3836.4175472,6178.08
114825,4183,1135,3,1,0,3,2550,1840.1578316,5826.41
114826,4212,1372,5,3,1,2,1800,12425.917433,11605.44
114827,4630,185,4,5,0,1,700,8510.921767,5369.02
114828,3731,1525,3,1,1,3,2200,5425.2857556,6552.12
114829,3996,1536,2,5,1,4,7620,6600.4513061,42376.54
114830,4936,985,3,1,1,3,4050,5182.4957741,7936.52
114831,6217,812,2,1,1,3,1570,7105.9323078,4821.6
114832,5494,1028,2,1,1,2,2850,16825.254568,5938.75
114833,4965,218,2,1,1,2,2300,5923.7535725,7824.37
114834,1168,3136,2,5,1,2,1550,7564.0806638,10442.47
114835,6819,740,2,1,1,2,1850,7818.8477883,7209.84
114836,1781,2310,2,1,1,1,1450,9168.8237802,10519.08
114837,14074,1,2,1,0,1,1700,769.60417522,9425.41
114838,8004,625,2,1,1,3,3050,724.447027,11237.39
114839,2635,1765,2,1,1,1,1280,10094.421168,7874.58
114840,1134,3439,2,1,1,4,1500,11757.103081,8872.85
114841,4346,1143,2,1,1,1,2250,4415.4790555,11193.09
114842,1022,2202,2,1,0,6,1230,14950.077837,4729.03
114843,2140,832,2,1,1,3,2670,9270.4367901,7924.69
114844,7043,667,5,1,0,2,1200,9105.7958909,7060.49
114845,1016,1197,5,-2,0,1,650,21860.068994,3030.01
114846,4480,1151,2,1,1,2,1400,8836.447573,18830.04
114847,1334,2631,5,5,1,1,700,6867.5714747,6120.67
114848,3144,1599,2,1,1,1,1650,4146.5188733,10037.81
114849,0,4901,2,-2,1,3,1970,1613.2716094,4779.75
114850,1765,4250,2,1,1,2,1500,4230.7630636,5938.69
114851,5095,1076,2,1,1,2,3750,12612.967975,9293.12
114852,5841,1147,3,1,1,1,1750,2343.2790616,8260.25
114853,3998,500,2,7,0,2,1290,7686.5624183,5371.68
114854,5840,935,2,1,1,2,3600,4866.0038939,9577.4
114855,2189,1783,2,1,1,1,1050,10411.815768,3322.02
114856,658,3413,2,5,0,5,4200,8174.3528294,27177.43
114857,4595,285,5,5,0,1,600,7697.745868,3073.44
114858,10148,4,2,5,0,5,2510,595.64450776,17303.22
114859,4936,1364,1,5,1,3,1200,8048.6252597,18443.45
114860,3599,1589,2,3,1,3,4430,5271.7135066,13724.42
114861,485,3988,2,5,0,4,5600,8596.8384226,23671.45
114862,1401,3969,2,1,1,1,2100,4659.6031272,13763.12
114863,8018,623,2,2,1,2,1350,5443.1583222,9070.77
114864,6800,383,2,1,1,3,3500,4881.3832657,7681.22
114865,2858,1608,3,5,1,1,520,6630.410895,6398.27
114866,4719,1104,2,1,1,4,1500,5869.1406126,7135.82
114867,7659,359,2,5,1,6,4800,2354.6045729,6277.21
114868,6045,794,2,1,1,4,3000,5367.6755253,7483.28
114869,7228,879,2,5,1,4,2400,5507.6911889,7420.22
114870,4205,1321,4,1,1,1,800,12596.773138,4422.22
114871,3151,2121,2,1,1,1,1150,6319.3057723,4007.86
114872,395,4211,2,5,1,2,1300,15757.988207,14378.01
114873,5452,1082,1,1,1,1,1060,5775.8770021,8711.63
114874,3768,1528,3,1,1,2,1020,4986.3794671,5459.61
114875,3023,1492,2,5,1,2,1480,7381.8903888,16265.05
114876,5891,869,2,2,1,1,1050,5058.5697371,6912.89
114877,1169,2916,2,5,1,3,2200,5813.1434981,16760.86
114878,10553,1,2,1,0,6,2530,708.98317934,18600.54
114879,3330,1715,3,5,1,2,2200,934.11496197,13547.46
114880,1087,2224,2,1,1,4,4900,9612.8614756,5714.41
114881,5441,822,2,1,1,1,1370,15465.037492,3038.73
114882,8671,665,2,5,1,4,1260,728.84433411,19124.4
114883,4,3073,3,5,1,4,1500,1275.1103951,12630.27
114884,5159,937,4,1,1,1,950,4370.7346611,4979.88
114885,1793,660,2,1,0,1,790,9341.0139516,3304.24
114886,313,4159,2,5,1,2,3500,10279.101978,23964.63
114887,4612,1126,2,7,1,3,1000,2998.9337119,11140.8
114888,4223,1396,2,1,1,2,4030,6877.9564804,17571.27
114889,910,5267,5,1,1,1,600,7370.6030495,3552.17
114890,1187,3392,1,-2,1,4,1150,11474.413303,14102.07
114891,738,3656,2,5,0,3,1930,5814.5405906,19572.11
114892,2048,837,2,1,0,2,1580,10121.603303,7721.24
114893,5496,846,2,2,1,2,4900,4800.6624365,9045.73
114894,4408,1247,2,1,1,1,4200,5348.6108965,9633.75
114895,4420,215,3,-2,1,3,900,5027.4214523,4884.23
114896,740,2106,2,-2,1,3,1500,12042.391554,15709.46
114897,1320,1744,2,1,1,4,2800,9956.1261614,7287.89
114898,4878,1389,2,1,1,4,3600,5101.0423782,13143.13
114899,2670,1751,5,-2,0,2,780,11454.168065,6409.41
114900,5389,906,2,1,1,1,1140,8051.84859,4062.07
114901,4384,1116,1,5,1,1,710,4324.5155618,15293.31
114902,3671,1659,3,5,0,7,1500,2761.831867,14285.15
114903,5110,985,2,2,1,3,1200,6115.8678074,10196.36
114904,6741,480,2,1,0,2,2190,6210.455005,6618.89
114905,1065,949,5,5,1,3,1000,12025.705692,4603.0
114906,4684,1365,2,1,1,4,4000,6987.9572998,15035.16
114907,1272,3040,2,1,1,2,1200,10550.402776,6998.9
114908,7549,91,2,7,0,4,2400,5355.0008344,21923.81
114909,8214,485,2,1,1,1,2220,1053.2943554,10644.75
114910,4860,137,5,5,0,2,1100,7272.0834705,7865.59
114911,4943,1180,1,5,1,2,1000,9783.0650155,20911.92
114912,5561,1206,2,1,1,1,1730,7504.6118638,6346.55
114913,1768,4244,2,1,1,6,1500,8415.374495,10188.85
114914,89,5133,5,5,1,1,840,17385.283574,7216.83
114915,4577,1123,5,1,1,2,1100,17758.106124,3135.86
114916,3277,1892,2,1,1,1,1530,6661.1307036,3125.1
114917,2160,1289,2,1,1,2,2840,7880.8050596,9747.5
114918,5479,1043,2,1,1,2,1630,5532.5028114,3293.09
114919,3822,1692,2,1,1,2,1520,3722.1628575,3716.95
114920,1097,2928,2,5,1,2,1000,12304.602003,9646.93
114921,7158,459,2,3,1,2,2400,6875.2867282,10435.32
114922,3565,1611,4,1,0,1,760,7316.8598508,9619.05
114923,1565,3062,2,1,1,1,2200,7102.8338029,6012.32
114924,1915,2670,3,5,1,5,1100,4813.9329088,8680.41
114925,10636,1,2,1,0,2,2000,697.61966857,7457.9
114926,3336,1629,2,1,1,1,5720,5108.8092186,23888.31
114927,4355,1275,2,2,1,2,1920,7395.830309,13784.04
114928,6380,627,1,3,1,6,980,2940.1204208,19487.69
114929,4197,1356,5,1,1,1,700,10353.477419,3819.59
114930,5201,923,2,1,1,2,2400,5134.6980401,5962.58
114931,4524,1192,2,1,1,4,3600,3661.0616415,19758.1
114932,4932,224,3,5,0,4,950,3817.8098393,15587.96
114933,5427,1010,3,1,1,3,1140,3874.9082482,5370.36
114934,2497,807,2,1,0,3,2310,9320.2533537,13101.65
114935,7172,893,2,1,1,4,2360,7127.6551005,8109.84
114936,4365,245,2,1,1,2,1400,7232.6590218,9844.66
114937,5068,907,2,1,1,3,4200,6148.5581657,16492.06
114938,1989,2236,2,5,1,2,2900,8450.1286765,23550.73
114939,3330,1552,5,5,1,1,900,10182.657654,20366.94
114940,6684,806,2,1,1,2,3580,997.68076629,7332.13
114941,3195,1587,4,1,1,2,1370,6128.2741564,6609.29
114942,1336,2668,2,1,1,2,850,5013.7911547,12695.14
114943,1084,919,3,-2,0,1,1800,6435.6300884,3722.07
114944,6612,613,2,1,1,2,2850,5166.163581,9664.92
114945,5518,747,2,1,1,2,3700,2062.4611042,10445.32
114946,1954,2323,2,5,1,1,2560,5271.3328694,11189.36
114947,5717,1168,2,1,1,1,800,3341.2635617,6101.51
114948,6176,738,2,2,1,1,2250,5371.0912401,7483.83
114949,7060,660,2,3,1,1,1800,5964.595911,14036.89
114950,3031,1789,2,1,1,2,1370,4934.8574576,11050.77
114951,3603,1412,2,5,0,2,3600,4826.1131917,24396.69
114952,3305,1546,4,1,1,3,800,7100.3612384,9900.8
114953,3822,1691,2,1,1,2,1100,4974.1882243,8938.43
114954,1241,3439,2,1,1,2,2250,9030.7413246,12526.85
114955,5839,707,4,5,1,1,550,10135.711043,6135.43
114956,3727,1551,4,5,1,1,1020,4725.656941,7387.88
114957,6729,728,2,1,1,2,3400,3732.3745165,4138.23
114958,1491,1930,3,1,1,3,1130,8383.6903826,6248.74
114959,2858,2034,4,5,1,1,700,5879.4121207,10791.06
114960,6240,638,2,1,1,1,2600,10399.151399,7891.89
114961,4425,1227,2,1,1,3,1330,5265.8364608,16391.44
114962,5975,856,2,5,1,2,2720,4736.9901559,14870.71
114963,901,3563,3,5,1,1,830,5002.6418017,7835.18
114964,4871,135,5,5,0,1,1500,11190.360099,8780.04
114965,3111,1327,2,7,1,2,1000,6948.5255908,8773.56
114966,3041,1772,2,1,1,1,980,5194.1351722,5553.31
114967,5084,1081,2,1,0,1,1530,9001.8801593,5204.84
114968,2510,2393,2,5,1,3,1100,10942.219264,14393.06
114969,5248,920,4,1,1,1,1200,6206.2662345,1953.84
114970,2255,320,3,1,0,3,1700,5612.5384233,4813.11
114971,1560,2792,2,5,1,2,430,10617.799807,8166.29
114972,1955,2276,1,5,1,2,2200,6844.9890057,12405.24
114973,4775,1259,2,5,1,2,1090,6373.0283858,22172.01
114974,2605,1405,2,1,1,2,1850,6721.8371446,8892.39
114975,4223,1175,3,7,1,1,2050,4428.8494475,11366.51
114976,6374,945,2,2,1,2,2800,4042.3064612,16243.76
114977,1020,3451,5,5,1,3,580,17918.807675,7684.34
114978,5986,948,2,1,1,2,1380,6967.3198627,9043.74
114979,3088,1636,2,5,1,1,800,7646.0408445,20543.06
114980,2808,1959,2,5,1,1,3450,6018.7481648,15013.76
114981,3856,1601,2,2,1,2,1200,6972.9381621,10480.88
114982,6061,628,2,3,1,2,3900,3338.7208518,8343.47
114983,1929,2764,4,5,1,4,1100,10930.409324,18661.86
114984,2081,2140,2,2,1,2,1600,10056.397,11541.0
114985,475,4011,2,-2,1,4,2180,8955.163124,17829.37
114986,322,4365,3,-2,1,1,700,12900.66239,4686.32
114987,969,1352,2,1,1,3,1200,10421.632876,4580.19
114988,2090,632,2,1,1,5,1300,13974.17757,8877.09
114989,6085,1109,2,5,1,7,2060,3591.9770191,35491.61
114990,3290,1836,2,1,1,2,1700,6430.7760529,11025.81
114991,4399,1121,2,1,0,2,1370,3970.8311279,11572.35
114992,6063,915,2,1,1,3,2890,13362.975241,9277.41
114993,4424,1442,2,1,1,2,3830,7084.2100743,15729.74
114994,9422,515,2,2,1,1,3880,856.68877866,24160.43
114995,4087,1423,2,1,1,2,2400,10152.022439,5294.45
114996,1191,3049,2,5,1,5,2300,8244.840273,21153.97
114997,3190,1784,5,5,1,1,600,12141.782465,5994.42
114998,5098,208,3,5,1,1,1010,5706.1818526,8422.04
114999,5773,933,2,1,1,6,2550,9303.9189962,14980.24
115000,8698,650,2,1,1,2,3940,912.06587257,14819.99
115001,7188,890,2,1,1,4,1870,6545.9474418,9108.99
115002,1151,3597,2,1,1,4,2700,8401.7935193,11941.4
115003,5164,1224,5,5,0,3,960,10030.842273,6162.67
115004,4588,1097,2,1,1,3,2650,3774.034047,15369.31
115005,2914,1681,2,1,1,1,1680,5685.5600275,10686.06
115006,1992,2607,2,1,1,4,2060,7057.2914777,26074.84
115007,6299,1001,2,1,1,3,1250,3923.3405052,10346.54
115008,5075,924,2,1,1,4,1750,3239.5716884,8001.84
115009,1331,2801,1,5,1,3,1220,11159.380872,24966.72
115010,372,4326,2,5,1,4,2900,10883.586897,22661.86
115011,3071,1612,2,5,1,2,2100,5691.4431166,15974.99
115012,5455,856,4,5,1,1,850,10678.793109,1894.76
115013,3873,1604,2,1,1,2,2000,7386.7789434,8850.89
115014,4253,1145,5,1,1,2,900,9586.9748627,7373.21
115015,2108,881,2,-2,0,1,780,12424.041358,1443.31
115016,6424,719,5,5,1,1,720,10931.801629,5869.4
115017,3708,1467,2,5,1,2,3400,4826.1131917,41549.4
115018,7986,238,2,1,0,1,3500,3068.5460304,4080.15
115019,4393,1241,2,1,1,4,3270,5756.115999,21552.63
115020,5424,972,2,1,1,2,4300,4927.0359868,13634.53
115021,2932,2036,4,5,1,3,2000,4071.293505,5441.8
115022,101,4875,5,-2,1,1,720,18850.94706,9642.02
115023,137,4620,4,-2,1,2,1120,11842.431617,13909.09
115024,1806,2602,2,5,1,2,3500,8769.8369591,22421.82
115025,1692,3501,2,2,1,2,4350,4032.5549869,23213.33
115026,5910,889,2,1,0,1,2610,9624.1612493,5910.1
115027,4247,1267,4,5,1,2,1400,2470.9563606,8448.18
115028,6730,742,3,1,1,1,1630,2822.5025045,3431.17
115029,1,2859,3,-2,1,6,1950,1279.6916491,12396.58
115030,2739,2754,2,1,1,5,2340,3533.7728599,14091.18
115031,7114,320,2,5,0,1,3400,1888.1484528,18043.8
115032,1726,2456,1,1,1,5,1500,5833.161629,17744.58
115033,5532,1180,2,1,1,6,1060,4440.3124818,11511.96
115034,372,3807,2,5,1,2,1300,13506.041697,9231.93
115035,2959,1503,2,5,1,2,2120,5490.4742074,12508.36
115036,134,4646,5,-2,1,2,2000,14044.03327,8738.18
115037,6370,999,2,5,1,2,2200,3519.6222979,17668.16
115038,7268,654,2,2,1,1,1830,1002.7444181,7500.81
115039,6413,621,3,1,1,1,940,1320.1713944,7368.97
115040,4631,1155,2,1,1,4,3050,7005.8312629,14796.81
115041,2282,2034,2,5,1,3,2200,15499.043932,19956.68
115042,1168,1486,4,-2,1,2,980,11735.44071,4386.19
115043,4954,1144,2,1,1,1,1600,7240.9115421,5139.0
115044,5305,939,3,1,1,4,3470,1951.9073646,8501.34
115045,3907,1374,5,3,1,1,450,1722.9822735,2079.44
115046,3123,1647,2,1,1,1,1270,9918.9615479,7808.48
115047,5795,1017,2,1,1,1,1900,7358.480263,6151.18
115048,3959,1196,2,5,1,4,600,5766.4826314,15240.01
115049,7102,605,5,5,0,2,1200,3866.6684877,9745.02
115050,6313,746,2,1,1,4,1730,5893.4234797,7335.39
115051,8045,383,2,5,1,7,2330,1039.0951724,29862.55
115052,840,4574,1,1,1,2,1410,15382.514173,7245.74
115053,2849,1709,2,3,1,2,3200,8770.4504105,11301.39
115054,4464,1222,2,1,1,2,1970,10125.131513,3521.84
115055,2600,1725,2,1,1,2,2300,6767.2776889,12603.47
115056,3249,1921,2,1,1,5,3500,4614.2858066,10107.18
115057,2545,1767,1,5,0,3,1500,6598.5753083,23008.39
115058,6003,736,2,1,1,4,1890,4960.7244255,8446.12
115059,6258,732,2,2,1,2,1800,2712.8211902,11997.68
115060,6557,1058,5,5,1,1,1050,7761.208713,6574.54
115061,499,3955,2,5,1,3,2730,12468.586514,18415.84
115062,7188,881,2,1,1,2,1600,6027.4830674,6582.73
115063,2876,2004,2,1,1,4,1520,3045.9248102,15231.48
115064,5065,1060,2,1,1,2,5790,2193.2356178,18320.04
115065,5244,916,4,1,1,3,900,10049.366311,3686.69
115066,5065,1060,2,1,1,1,3600,2200.7391781,11630.29
115067,616,3769,2,-2,1,1,1710,11399.705395,13576.39
115068,10604,1,5,1,0,2,1210,1155.8562549,6114.02
115069,3760,1459,1,5,1,5,450,4974.466617,11537.26
115070,1724,2458,2,5,1,5,2800,5469.9136971,9807.45
115071,5172,922,5,5,1,1,510,2621.6138043,3607.43
115072,7121,1,2,3,0,1,1210,1231.0633691,3578.27
115073,7258,676,2,1,1,2,1890,5849.2349545,4693.79
115074,6040,945,2,1,1,5,2250,3933.1282152,10129.28
115075,5602,919,5,5,0,1,1100,8108.2705713,3054.74
115076,4158,1188,2,7,1,4,1370,5141.2454884,14737.08
115077,4423,1293,2,7,0,2,1300,6348.8792991,5913.49
115078,5696,513,2,5,0,2,1050,3752.6993894,16317.85
115079,2485,1782,3,5,1,1,900,5497.5040551,6203.95
115080,1783,4216,2,1,1,2,1530,4240.6717666,14474.23
115081,5020,1036,2,1,1,2,2230,9179.0255695,7067.41
115082,2827,1721,2,1,1,2,2400,12090.92429,14098.52
115083,5369,856,2,1,1,3,1500,5258.758095,5936.11
115084,1649,2726,2,5,1,2,1550,8001.9677089,6402.35
115085,5792,1037,2,2,1,1,3200,3961.4693624,8319.95
115086,4440,1234,2,1,1,1,1100,7220.9247397,9302.31
115087,4288,1223,2,1,1,2,1890,4354.1580435,24935.69
115088,10687,1,2,1,0,2,2030,851.96594691,3180.43
115089,6359,615,2,1,0,2,1630,3695.1864875,5853.13
115090,6858,649,2,1,1,2,3000,6883.9969144,7096.79
115091,874,5360,5,5,1,2,730,8456.9488036,7954.07
115092,3459,1851,2,1,1,2,1900,5322.8586915,17502.85
115093,1999,2203,1,5,1,5,1360,6487.0270601,17682.46
115094,10591,1,2,1,0,2,1700,875.02822436,8514.04
115095,3184,2211,2,1,1,4,1200,7820.4045865,11623.44
115096,10741,1,2,1,0,2,2880,755.71998091,5914.49
115097,0,4954,2,-2,1,4,940,1372.7672339,7370.87
115098,1440,2175,2,1,1,4,1570,12860.988725,12442.1
115099,1791,4202,2,1,1,4,1020,4654.19337,10690.16
115100,4985,1001,2,5,1,2,2050,3438.4767447,18077.84
115101,5639,945,2,1,1,5,1400,4286.3246828,7576.75
115102,1100,1438,2,1,1,2,1200,10663.411925,3702.92
115103,1152,3383,2,5,1,4,1640,12169.072788,16208.44
115104,4350,1520,4,5,1,2,1250,11699.935672,5103.04
115105,6556,894,4,5,1,2,1200,6817.4990232,6270.12
115106,5378,792,2,2,1,4,3600,4232.0927244,11542.92
115107,1955,2142,2,5,1,2,3200,7279.9385945,18694.52
115108,1251,4513,2,1,1,4,3700,4264.0257661,15526.64
115109,4836,989,2,2,1,3,2000,8577.9019328,12563.0
115110,6028,600,2,2,1,2,2660,7112.6115067,15082.21
115111,6716,675,2,5,1,4,5250,3357.9313628,19734.74
115112,5547,1211,5,1,0,1,400,13202.489908,1609.9
115113,10230,9,2,5,0,3,3650,1033.387062,65640.53
115114,6114,582,2,3,1,1,1540,10431.819396,4988.13
115115,1578,2247,4,5,0,6,1000,5703.0739846,4243.6
115116,1835,2391,2,5,0,2,850,10446.926184,15679.16
115117,6904,698,3,5,1,5,1550,1013.1000366,2896.82
115118,5445,860,5,5,1,2,1100,10592.057425,8837.58
115119,5467,1038,2,1,1,3,1000,14593.679873,4912.71
115120,3687,1198,2,5,1,3,2800,5829.5808084,14548.96
115121,3247,1824,2,7,1,5,1700,4879.7006795,33030.61
115122,4400,1200,2,1,1,4,1390,5257.495301,6167.55
115123,307,4466,1,5,1,1,1300,13042.898238,11817.8
115124,3970,1073,2,2,1,2,5100,5874.0065541,24398.94
115125,483,4009,2,1,1,1,2400,8078.5209152,7694.17
115126,1513,2652,4,5,1,2,850,9684.780827,5802.72
115127,8694,655,3,1,1,2,3900,521.03666865,9044.92
115128,6187,841,2,1,1,5,2500,2532.4965485,9791.89
115129,2635,1724,2,1,1,2,1000,11282.767855,6016.35
115130,1127,1487,3,1,0,1,400,6141.1141639,1604.71
115131,4531,1149,2,1,1,2,1310,4904.2217438,8025.44
115132,5290,929,2,3,1,3,1810,3955.378215,9829.48
115133,4440,1247,2,1,1,2,2630,4952.1425554,4580.3
115134,5513,810,2,1,1,2,3380,3513.5596821,8691.23
115135,9415,518,5,5,1,1,780,1705.8049073,5645.97
115136,3364,1684,2,5,1,7,4830,5427.8182854,32568.5
115137,5,2999,2,-2,1,4,1390,1715.0047852,7371.67
115138,4244,1353,2,1,1,2,2500,6637.5827164,17163.82
115139,5240,1514,2,1,1,1,1800,7377.295597,3566.31
115140,834,1415,2,-2,0,7,2200,15216.799992,4684.37
115141,98,4894,5,5,1,1,780,19875.267209,5809.25
115142,3842,747,2,2,1,2,2800,8083.1205614,12752.24
115143,0,5014,5,-2,0,4,700,2901.0456963,8373.35
115144,7183,572,3,3,1,2,2600,609.33407149,9450.11
115145,1246,2323,2,1,1,3,1530,9702.5894491,7831.37
115146,1275,4458,2,1,1,4,1100,4720.0922191,13215.79
115147,2686,1677,2,1,1,5,2800,5249.8591796,13058.61
115148,2536,1783,3,1,1,1,1200,6927.2960198,5003.36
115149,904,3551,2,1,1,5,4400,8949.8840548,17756.45
115150,6178,1059,2,1,1,2,2770,3745.6665853,14860.93
115151,1456,2164,1,5,1,6,650,16458.537916,4260.48
115152,7996,631,2,1,1,3,2300,732.11483691,7458.59
115153,4378,1543,2,1,1,1,1550,5670.4951437,10262.78
115154,4557,1345,1,5,1,7,710,11012.178086,19975.05
115155,4204,1261,5,5,1,1,700,3771.7129103,1815.23
115156,4310,235,2,5,1,1,2300,4719.0539162,24600.98
115157,4324,1291,1,1,1,2,1730,8890.9649985,10944.95
115158,7293,524,2,2,1,1,1100,2392.0543827,6080.96
115159,7688,584,2,1,1,3,2030,6581.2621123,12618.83
115160,6718,676,2,1,1,5,2480,7789.0773511,8452.58
115161,5772,969,2,1,1,2,3500,16898.924561,14343.51
115162,4531,1149,5,5,1,2,850,8266.2020066,8790.14
115163,7375,537,1,7,1,1,1680,892.48114581,8226.56
115164,1440,2160,2,-2,1,5,1560,15176.578826,4831.18
115165,4328,1595,2,1,1,3,7800,5146.0152552,11687.29
115166,5102,947,2,5,1,3,3300,9372.8518653,16163.98
115167,4224,1168,2,5,1,2,6000,3388.9727525,25841.88
115168,2480,1785,2,1,1,2,3000,11060.082237,12914.08
115169,1007,1190,3,1,0,1,850,6477.6512751,2720.5
115170,4416,364,5,5,1,7,1130,5496.2905947,11117.18
115171,6060,965,2,1,1,1,2660,7907.2743856,5361.56
115172,3458,1600,2,5,1,3,2870,6080.5477782,13209.98
115173,9104,459,2,2,1,2,2250,1021.3248509,16228.32
115174,7079,1010,2,1,1,1,2200,1607.6248574,7336.45
115175,3676,1656,5,1,1,1,800,7031.0439761,4351.23
115176,4461,321,5,-2,0,2,1000,8721.7255985,8653.45
115177,6634,977,2,1,1,2,2010,3920.6446235,6756.35
115178,255,4154,2,5,1,1,7000,14582.198677,9942.24
115179,4590,1034,2,5,1,4,6750,4913.833576,37184.46
115180,6355,743,5,5,1,2,760,12926.207329,3803.64
115181,140,4605,3,5,1,2,1400,8922.1649275,12781.23
115182,779,1867,2,1,1,3,680,8757.1832459,4975.83
115183,3534,1422,3,1,1,2,1300,2636.6283686,3951.73
115184,4698,1105,2,1,1,2,1960,4259.0146298,8507.38
115185,1115,3521,3,5,1,5,1300,3832.8676779,13546.94
115186,6960,650,5,1,1,1,800,5986.6091479,4071.36
115187,10473,7,2,1,0,4,2000,869.99886756,10224.31
115188,4236,1250,2,5,1,2,1200,2393.5185744,27580.93
115189,2494,1762,2,5,1,2,3350,10879.168399,20723.93
115190,7211,872,5,2,1,1,1000,8798.4045632,1981.84
115191,6561,572,1,1,1,1,900,6815.1934468,5522.56
115192,6010,770,2,1,1,2,1700,5767.1946906,6969.03
115193,2015,2714,2,1,1,2,1900,10121.603303,12230.65
115194,5024,1125,2,3,1,2,2200,4175.7571628,11587.44
115195,3998,1171,2,2,1,2,1550,4360.9933868,3981.31
115196,11052,0,2,1,0,4,4000,645.96456074,6188.5
115197,1771,4237,2,1,1,3,1810,5069.1496213,25435.1
115198,1992,2653,2,1,1,3,2280,7125.01125,13975.44
115199,3827,1691,4,1,1,1,890,6917.800932,2146.06
115200,400,3815,2,5,1,1,1480,9307.6859884,12283.0
115201,1146,3019,4,5,1,1,830,3966.0826247,12638.23
115202,4170,1359,2,1,1,3,9150,4086.7127907,14607.89
115203,1110,3532,2,1,1,1,3030,9271.7639018,15716.9
115204,6071,957,2,1,1,3,2200,9991.2350349,8700.79
115205,4420,1423,2,1,1,2,3130,6956.0913318,7538.21
115206,3369,1682,2,1,1,2,3600,6276.5175127,9785.59
115207,1081,2993,2,5,1,2,2000,5591.235627,12908.88
115208,2363,1820,2,1,1,1,1770,8678.7117644,4808.91
115209,89,5035,4,-2,1,4,980,13636.651455,14478.91
115210,3824,1529,2,1,1,3,5500,5098.6130143,37408.32
115211,10816,1,3,5,0,5,1150,567.12602125,16286.81
115212,10532,2,2,1,0,3,1750,882.86195514,6636.06
115213,8043,584,2,5,1,4,1770,5864.7037579,11810.64
115214,714,3329,2,5,1,3,1300,15283.974245,11679.18
115215,6629,980,2,1,1,2,2400,4385.4412404,5961.25
115216,3067,1798,1,1,1,1,840,8015.0756151,6146.77
115217,5750,668,2,1,1,1,2850,6249.9019421,10686.74
115218,7995,631,2,1,1,2,2160,872.56875974,6793.62
115219,1896,629,2,1,0,4,1800,9676.321091,2913.07
115220,759,3598,5,5,1,1,800,9086.1525491,10715.54
115221,5178,1033,2,1,0,6,1630,7040.5227418,4323.87
115222,7044,893,3,1,1,2,930,7841.2927365,11016.45
115223,8010,620,2,1,1,1,1000,6610.1178842,4591.1
115224,7324,831,2,1,1,2,1250,6344.6458799,2692.73
115225,4696,1145,3,5,1,2,2140,10490.508479,18167.64
115226,1195,3050,2,5,1,6,2020,9918.6820263,39491.99
115227,6678,730,3,1,1,2,1750,1353.5761995,8961.81
115228,4301,1308,3,1,1,4,1770,10085.995427,5154.85
115229,7494,599,2,1,1,4,2100,8556.1309229,9219.05
115230,1697,2521,2,5,1,4,3200,5583.6749612,27748.4
115231,3528,1250,2,1,1,2,900,4550.732671,19077.02
115232,885,5331,5,5,1,1,600,8115.7544486,26945.59
115233,3825,1684,2,1,1,1,1400,5036.6210718,4032.31
115234,1773,2030,1,5,1,1,2200,11821.031846,20505.97
115235,406,4181,3,5,1,2,890,7421.5711687,6797.94
115236,2621,1751,3,5,1,1,1070,4816.2055625,13544.69
115237,1625,3585,2,1,1,4,1280,4182.548179,15497.67
115238,2007,2730,2,1,1,3,870,12065.76095,10956.71
115239,2065,948,5,-2,0,1,550,15946.587533,1878.9
115240,4339,260,2,1,1,2,3750,5909.6806132,8944.52
115241,5137,946,2,5,1,3,1000,14336.505914,14340.43
115242,5013,1103,2,1,1,2,3150,6819.4153694,20245.2
115243,4259,1138,3,1,1,4,2330,4330.8922852,3847.41
115244,5037,1070,2,1,1,2,3610,5100.2171896,9964.22
115245,5516,1215,5,5,1,1,700,12602.645503,2977.18
115246,2242,2015,2,5,1,2,2260,9196.8851019,14552.0
115247,6672,814,5,1,0,2,780,1313.3447144,6435.97
115248,4818,1173,2,1,1,2,1800,15622.303131,7272.99
115249,6273,753,2,1,1,2,5000,8153.0412886,12775.87
115250,4337,1583,2,5,1,2,3600,5122.6570386,21384.09
115251,2500,1830,2,2,1,2,1800,9295.9399244,9482.27
115252,4216,1174,2,1,0,6,3190,7112.9816375,6020.02
115253,419,4142,1,5,1,6,1020,13705.594524,17540.31
115254,4706,1105,3,3,1,2,1500,2815.2838013,11745.88
115255,6295,696,3,1,0,1,2550,1434.6555449,2230.04
115256,4166,1290,2,1,1,4,2000,3905.3741409,13214.58
115257,2940,2001,2,1,1,2,1200,5446.4154054,9738.49
115258,1990,2239,5,1,1,2,1050,13569.501133,8102.48
115259,7344,580,2,1,1,1,1940,7033.0940812,3415.5
115260,4874,1139,2,1,1,2,1300,7510.1459415,8963.78
115261,1570,3055,2,5,1,2,1800,8940.9383491,9972.99
115262,2372,1945,1,2,0,2,1460,8566.9744883,15693.86
115263,3298,1459,2,5,1,1,2200,6482.6723588,28961.03
115264,138,4616,2,-2,1,6,2300,11388.401145,21194.58
115265,5395,983,3,1,1,2,1950,5087.6478846,11146.56
115266,6046,843,2,1,1,3,3500,8053.6314875,27928.13
115267,5159,964,2,1,1,2,1550,7452.4322597,8007.61
115268,906,4701,2,5,1,2,2850,12409.726295,21326.57
115269,4694,1158,2,1,1,5,1840,6003.7902393,11095.44
115270,6683,752,5,5,1,5,780,8767.5936476,6483.54
115271,996,5056,2,5,1,4,1730,6107.9662406,15432.64
115272,7579,419,2,1,1,1,3000,7166.8550282,6259.08
115273,1583,2588,1,5,1,4,1200,13609.193813,17087.73
115274,1480,3847,2,-2,1,2,2500,4253.3314719,17687.12
115275,5925,836,2,5,1,5,3000,6406.5003423,32649.71
115276,6249,711,2,3,0,1,2160,5136.3692944,2302.96
115277,3377,1474,1,5,1,2,1000,5320.0037203,10444.74
115278,4257,1679,4,1,1,1,750,12901.997787,2789.12
115279,4025,1409,1,1,0,2,1440,4478.1024045,4913.49
115280,2577,2435,2,1,0,4,2300,3450.3354734,18486.69
115281,7190,877,5,5,1,2,1100,10861.34755,7224.13
115282,4203,1315,1,3,1,1,840,7406.2135834,3714.37
115283,2797,1751,2,1,1,4,4300,6342.0115895,22780.9
115284,7891,590,2,2,1,2,2500,6216.8030668,8752.06
115285,8112,715,2,5,1,2,3850,1446.3305483,28562.81
115286,5417,887,2,1,1,1,3400,10275.745013,7526.4
115287,5949,964,2,1,1,3,2830,8402.1423005,9657.96
115288,2499,2101,2,1,1,2,3300,8686.8674388,8859.28
115289,1167,2934,2,1,1,3,1400,6924.4280829,8439.0
115290,6855,537,2,1,0,1,720,1190.5627192,4589.57
115291,4550,610,2,1,1,2,2900,3854.1903591,10142.94
115292,7748,363,1,2,1,1,800,10029.095361,2314.09
115293,4290,1607,2,2,1,2,1860,5354.3336128,10231.38
115294,8418,550,1,1,1,1,900,1895.5403148,7315.56
115295,4340,1166,2,1,1,2,1600,3280.2880474,10939.66
115296,2494,1808,4,5,0,2,920,9381.8624082,7834.52
115297,2080,2019,2,5,1,2,1100,10026.064762,14523.44
115298,875,5357,4,-2,1,2,810,8356.6333437,7850.89
115299,5708,1037,2,1,1,5,1500,3846.2907342,14801.34
115300,756,2045,3,1,1,3,1440,5807.2442081,2158.03
115301,5377,845,2,1,1,2,10500,11962.414815,18133.96
115302,3780,1544,3,1,1,4,1750,3861.3432047,10781.89
115303,6038,925,2,1,1,2,3840,4535.8365605,15160.81
115304,6936,554,2,3,1,2,2800,1132.9811283,13211.49
115305,1159,2733,3,1,1,1,1200,2647.2398052,9874.55
115306,1146,2908,2,1,1,2,2400,4948.8799304,14038.86
115307,4173,1471,5,1,1,1,900,10482.65187,3232.19
115308,3668,937,1,3,1,7,1150,10983.381141,37149.76
115309,2804,1405,2,1,1,3,5250,5104.0510159,27419.4
115310,5327,840,2,5,1,2,3230,6777.7053206,21755.76
115311,4330,1262,2,1,1,2,1180,7163.2879143,4719.18
115312,4201,1354,4,1,1,2,700,12582.351453,2648.41
115313,5204,872,2,3,1,2,3130,1895.2853911,12494.62
115314,3467,1638,4,5,1,2,810,1086.5989375,9398.4
115315,5283,921,2,1,1,2,1920,8543.479627,5466.17
115316,1053,1052,2,5,0,5,1790,10085.648877,10702.1
115317,2031,505,2,1,1,4,1260,12304.459522,8881.64
115318,7076,542,3,1,1,6,1600,2907.6249249,6497.79
115319,3252,1845,2,1,1,2,1400,7277.4251467,7165.34
115320,1315,3213,2,1,1,1,620,7172.5290232,5788.42
115321,9705,342,2,7,0,2,1400,6023.480025,12921.3
115322,4399,1251,2,1,1,2,1820,5862.5750806,7703.79
115323,5192,1121,5,1,1,1,1590,6227.1797375,5624.75
115324,5243,1229,2,1,1,6,2130,8223.7175055,18233.94
115325,5453,1139,2,1,1,1,2400,4701.0538671,6533.59
115326,2195,604,3,1,1,4,2080,7021.978868,5447.18
115327,4930,1340,3,1,1,1,880,3518.5518218,5136.51
115328,4978,1014,2,3,1,4,1800,6527.939667,12851.7
115329,5269,956,2,1,1,2,740,13620.843745,7356.69
115330,5,2993,2,-2,0,1,800,1357.5070689,1186.21
115331,2450,1817,2,1,1,4,2530,7323.0538431,8836.16
115332,3252,1854,2,1,1,1,1560,7766.9564555,7478.07
115333,4185,1362,5,3,1,1,900,10621.207669,4224.11
115334,6201,801,2,1,1,2,4560,9432.5262989,10235.68
115335,3192,2022,2,1,1,2,2100,5203.6224662,13826.74
115336,3654,1353,2,1,1,3,4000,6449.9536924,12131.55
115337,3806,1538,3,5,1,4,1160,5368.4718874,12014.16
115338,1067,3350,2,1,1,2,3860,6670.8564667,25738.46
115339,3810,1431,1,2,1,3,1800,4764.6224913,15294.6
115340,4314,1334,2,1,1,2,1880,5655.4529844,7610.3
115341,5367,836,2,1,1,1,2670,10515.250066,5834.17
115342,2679,1748,2,2,1,1,1450,8896.218655,12228.44
115343,4201,1263,2,1,1,4,1900,6510.9930262,8611.44
115344,3562,1525,2,5,1,4,2200,7154.904369,19962.55
115345,3344,1470,2,1,1,2,2700,5736.4465832,12669.53
115346,3134,2168,2,1,1,3,3300,5039.1337132,27685.16
115347,4782,977,3,1,1,1,800,4844.3161909,5574.03
115348,6379,379,5,2,1,2,1100,7789.6420184,10886.63
115349,7465,817,2,1,1,3,3800,6762.7241986,14835.77
115350,4713,1105,2,3,1,2,1170,4022.6635256,12577.03
115351,4696,1144,2,5,1,2,1540,6320.2674656,4979.93
115352,4501,817,1,5,1,1,970,9058.0014563,10894.9
115353,4461,1317,3,5,1,2,1000,6076.1565605,5252.67
115354,4308,345,2,5,1,2,1800,4733.2266742,12639.79
115355,109,4882,2,5,1,2,3600,11002.046084,62029.98
115356,5350,950,2,3,1,4,1830,8449.3404165,18083.99
115357,5792,1084,2,5,1,1,2410,3126.6012688,17987.89
115358,903,1255,4,1,1,2,1150,14316.911452,3481.37
115359,7775,463,2,1,1,2,2550,6988.2413178,7148.15
115360,4139,1206,2,1,1,1,1400,4156.5250358,4223.61
115361,5186,992,2,1,1,2,1350,8040.7844759,5909.75
115362,5289,690,5,5,1,1,1000,7649.4478478,5599.94
115363,4940,980,2,3,1,5,2610,6920.496663,25518.45
115364,7055,320,2,1,1,2,1250,2294.1773478,4944.8
115365,4319,1335,5,1,1,1,800,11228.744198,2439.24
115366,7501,198,2,5,1,2,4450,2493.6690447,19133.49
115367,5728,908,2,1,1,1,1180,7419.7010276,3841.33
115368,3243,1415,2,2,1,2,4900,7038.9679649,24194.97
115369,4230,1388,2,1,1,3,1490,5572.2012009,13906.05
115370,1249,2403,2,1,1,2,2490,12675.738245,7727.6
115371,1779,4222,2,1,1,1,1050,5845.2591421,5914.24
115372,7351,447,2,3,0,2,3400,2032.8515293,27094.94
115373,4515,1171,5,5,1,2,1120,7005.738965,13115.49
115374,5144,889,2,1,1,2,3450,3322.4370537,1523.63
115375,5161,876,2,1,0,2,2100,3958.8866177,5158.03
115376,2624,1734,2,1,1,1,1480,7622.8088759,22474.68
115377,5246,881,2,1,1,3,2400,15014.648696,8833.61
115378,146,4594,5,5,0,2,1250,17330.366128,11400.69
115379,8178,518,2,5,1,5,2590,6308.7590718,25067.5
115380,6505,637,3,1,1,2,2800,5716.3299402,5337.42
115381,361,4437,2,5,1,2,1800,13320.009385,24159.87
115382,0,4454,5,-2,1,1,410,2589.6341031,4367.37
115383,4849,1057,3,3,1,2,1680,8642.6702885,4737.26
115384,6503,725,3,1,1,3,1500,3978.2141861,6589.68
115385,3338,1711,5,1,1,2,500,1344.9314625,4158.83
115386,3522,1611,3,-2,0,5,3000,1079.6708253,10929.08
115387,865,1659,2,1,1,3,1700,12770.533708,9058.14
115388,4413,1255,2,1,1,2,1710,6084.3287345,8397.52
115389,2282,2131,2,5,1,4,7500,6145.9325032,15941.37
115390,2964,2140,5,-2,1,7,670,12106.714806,3915.87
115391,264,4438,5,-2,1,1,980,14894.721103,7079.53
115392,3426,1306,2,5,1,2,1000,8959.1756556,9763.16
115393,370,4312,2,5,1,2,1870,11885.028202,9764.33
115394,4985,722,2,2,1,2,2690,3511.0344829,13125.15
115395,1388,3991,2,5,1,1,850,4922.1984964,13334.06
115396,6151,814,2,1,1,2,4000,2646.5307484,7331.85
115397,4596,1175,2,1,1,2,1500,7232.667296,12448.58
115398,3505,1611,5,5,1,2,1250,9359.9763968,10653.95
115399,3973,1312,3,5,1,1,2100,5751.7345436,13514.64
115400,8075,598,2,1,1,1,2300,864.35146465,4228.37
115401,4453,211,2,1,0,1,2210,7088.600328,1418.2
115402,5099,902,2,3,1,3,4000,6049.4528847,9789.97
115403,4881,1086,2,1,1,1,990,15705.598588,3926.69
115404,0,4857,5,-2,1,2,860,1939.0179947,7169.29
115405,5066,1057,2,1,1,2,3910,2279.4678234,14593.15
115406,5346,889,2,1,1,1,2350,3509.2163784,4277.31
115407,1152,3126,2,1,1,1,1560,10360.052784,5746.47
115408,7127,587,2,2,1,5,3700,911.71677409,12784.17
115409,937,3495,2,1,1,2,840,7502.8782395,9230.16
115410,2668,1893,5,5,1,2,1150,8316.4767501,14336.88
115411,206,4466,2,-2,1,5,1400,13054.150474,15095.65
115412,5127,983,2,1,1,2,2750,6826.4523938,7363.94
115413,5831,762,2,5,1,2,1520,3679.8213182,20199.2
115414,1870,2838,5,5,0,3,1120,14496.052098,10477.97
115415,6125,599,2,5,0,1,1890,9001.7290694,5481.76
115416,1968,1593,2,5,1,1,1600,10913.516379,12031.47
115417,2777,1717,2,5,1,2,1900,8200.2403161,18525.82
115418,4208,1337,5,1,1,1,500,12303.195724,2312.44
115419,256,4478,2,5,1,1,2530,7585.1116378,17760.47
115420,810,3760,5,5,1,1,670,12995.131093,3785.25
115421,3875,867,5,5,1,1,1000,12180.913318,6704.82
115422,6031,792,4,1,1,2,750,8119.7413016,2546.71
115423,2165,2065,1,5,1,3,1500,9581.1456378,9402.84
115424,8750,66,2,1,0,2,1200,837.98102884,4022.3
115425,7255,891,2,1,1,6,1800,1468.6057054,14269.53
115426,4324,1622,2,1,1,5,1640,4752.7519518,10358.79
115427,1169,3137,2,5,1,4,3000,8693.7881932,26856.58
115428,6670,827,2,5,1,2,2800,5147.5719257,29636.39
115429,5632,871,1,1,1,1,1300,7571.7564681,6736.36
115430,6518,731,2,1,1,2,1460,9077.8467482,7592.18
115431,897,3565,5,1,1,2,750,16321.355128,7502.1
115432,5497,1228,2,1,1,1,1630,9241.8533319,6639.93
115433,6527,735,1,2,1,2,2250,2399.6161242,11632.52
115434,4189,1201,3,1,1,2,2600,3377.1606148,22136.19
115435,5802,642,2,1,1,2,2630,13453.655498,8240.64
115436,8742,319,2,1,1,2,1000,7399.2700932,6514.28
115437,7357,601,2,1,1,1,2610,5752.9035972,5630.33
115438,4760,1370,2,1,1,4,1990,4141.1377046,4626.55
115439,3334,1386,2,1,1,2,2600,10118.534153,5800.86
115440,14548,0,2,3,0,1,750,789.52102677,3461.97
115441,1844,2686,2,1,1,2,2000,9946.9504551,8222.87
115442,3131,2698,2,5,0,5,490,5291.7311406,17401.47
115443,1257,3025,5,5,1,2,430,7167.7029428,1717.52
115444,3208,1450,2,2,1,1,1700,7017.3692472,9205.3
115445,3242,1416,2,1,1,2,3200,5853.1827407,7054.06
115446,1167,2793,2,5,1,2,3600,7738.917534,15203.88
115447,6886,725,2,1,1,2,3000,5448.6069102,9770.37
115448,7460,684,2,1,1,2,1630,6974.2196074,6583.35
115449,2074,926,2,1,1,4,1500,11411.114784,7985.52
115450,874,5362,3,5,1,1,800,2785.323679,10365.32
115451,1132,3434,5,1,1,1,800,14401.694977,3592.83
115452,4558,1190,2,1,1,2,1300,8339.9275648,6932.72
115453,5465,885,2,5,1,2,2600,5656.2719249,25363.97
115454,2680,1778,2,5,1,3,3000,6923.2981449,17946.43
115455,0,4959,2,-2,1,2,1020,1761.834151,9217.83
115456,2683,1728,2,1,1,3,1040,5755.6326655,14745.99
115457,7629,516,3,1,1,1,3060,864.31981821,3224.16
115458,5552,1211,4,1,1,1,960,16268.074992,1564.37
115459,6346,789,2,1,1,2,7000,4715.8258539,29133.07
115460,6617,550,2,5,1,2,2700,8249.0065941,20705.46
115461,6035,750,2,1,1,6,1280,5944.0743379,14509.89
115462,2409,1892,2,2,1,2,1530,6074.0517831,18313.24
115463,2524,1746,4,1,1,4,1200,10889.080774,12806.63
115464,7214,662,2,1,1,1,1800,4449.7194783,4704.83
115465,2645,1771,2,1,1,1,2400,8644.2657929,7204.69
115466,6857,534,5,1,0,1,760,2559.7486987,1188.71
115467,5356,891,4,5,0,2,1200,6648.5631391,1068.76
115468,2115,1976,2,1,1,1,680,17038.657474,3437.8
115469,4372,378,2,5,0,2,990,4923.2906762,9000.05
115470,6395,592,4,2,1,2,1200,3385.0025868,3074.28
115471,4332,252,3,5,0,1,1060,3838.7851748,5872.88
115472,4969,976,2,5,1,3,1950,13582.551864,15118.15
115473,6455,629,2,5,1,2,3600,11646.130764,33378.24
115474,6335,646,5,3,1,2,900,3333.8668977,2378.51
115475,7137,625,2,1,1,1,1600,7773.8752501,6010.98
115476,4570,1124,2,5,1,2,1500,5850.4578918,18182.27
115477,5436,1068,1,1,1,4,720,5342.8259734,13827.02
115478,4504,1219,3,1,1,1,1700,5342.6428406,4751.1
115479,2689,1699,2,5,1,5,1850,5774.2241459,26792.83
115480,749,3534,2,1,1,1,1960,10692.568037,6410.59
115481,7387,601,2,2,1,2,1470,6958.4897438,11642.87
115482,5,2986,2,-2,1,3,1500,1408.5783555,8253.42
115483,2853,1655,2,1,1,3,2000,8126.8577686,8870.25
115484,3960,1465,3,1,1,2,1740,2601.3837351,6080.39
115485,4250,1338,2,3,1,4,4600,6706.0416649,10655.02
115486,874,5362,2,5,1,4,1550,7566.8707928,16558.73
115487,5511,71,2,1,0,2,680,5169.6428979,4387.8
115488,4917,129,2,1,1,3,1860,6071.0474316,7612.06
115489,1890,2399,2,1,1,5,4670,5049.076852,53589.76
115490,4337,366,2,1,1,3,1780,4194.9207962,4388.85
115491,321,3941,2,5,1,2,2400,14420.971333,16317.32
115492,815,3704,2,1,1,2,2020,9700.1204295,14449.14
115493,1373,3040,1,5,1,2,1730,11222.79547,16539.68
115494,7461,527,2,1,1,3,1500,910.59817474,16826.2
115495,6905,698,2,1,1,2,2140,997.27655212,5192.04
115496,5568,889,2,1,1,1,1420,15870.504937,3945.31
115497,375,3822,4,1,1,1,600,12495.157388,5116.33
115498,6425,822,2,1,1,2,1550,10118.568921,14652.72
115499,2046,2074,2,1,1,2,1850,14649.882371,5634.03
115500,2527,1743,2,5,0,4,1480,12612.967234,16024.74
115501,10705,1,2,1,0,7,2800,672.4220481,7810.46
115502,1256,2452,2,1,1,2,1800,19371.068112,5147.37
115503,3653,1366,2,2,1,3,5440,4145.7121175,11143.15
115504,5490,1234,4,5,0,2,1290,17602.425544,2706.91
115505,5358,963,5,5,1,2,350,11466.041966,5136.6
115506,1750,2558,2,5,1,1,1150,12247.656607,4446.76
115507,6378,475,2,2,0,6,1800,9755.54883,7900.48
115508,4675,1194,2,1,1,2,3290,8960.6889608,8668.89
115509,1206,4620,3,5,1,2,1600,2576.9480897,12935.42
115510,4490,1393,2,1,1,2,3390,6956.0913318,10145.98
115511,4352,1248,5,1,0,2,1160,11089.243531,2277.2
115512,6671,729,2,1,1,1,1150,1626.6683641,5450.18
115513,8648,584,5,5,1,2,760,1504.4345029,8879.26
115514,1063,963,2,1,1,1,1500,12744.915742,5158.77
115515,1037,3443,2,1,1,4,1540,11008.863356,22792.03
115516,96,4992,3,-2,1,3,600,8059.8380415,16864.06
115517,5099,923,2,1,1,2,3150,11526.656422,13729.08
115518,3313,1679,2,1,1,2,2250,5576.8820588,10473.18
115519,5874,751,2,3,1,6,4000,3294.6288628,14418.81
115520,871,3639,5,5,1,3,1700,13482.076439,11097.44
115521,2458,1835,1,5,0,3,1090,10567.230145,19238.62
115522,7552,779,2,2,1,7,880,7349.0571204,13513.37
115523,4519,334,5,-2,1,1,990,5511.2807901,5248.97
115524,5516,1226,5,5,1,1,1500,10197.473898,3978.41
115525,1097,912,3,1,1,1,750,5951.7763274,2941.41
115526,1256,4523,1,5,1,2,800,7002.7517941,8856.3
115527,5193,1127,1,1,1,2,680,8615.4491893,7543.54
115528,4812,1118,2,1,1,1,710,11935.500247,2897.7
115529,1514,2650,2,5,1,1,1200,11224.201923,17698.27
115530,2860,2164,2,1,1,3,1260,10190.475715,8063.37
115531,4464,1277,2,5,1,3,3360,7481.6886524,19653.18
115532,5008,1029,2,1,1,4,2820,5084.2157064,13890.15
115533,5758,705,5,5,1,1,650,7539.4140841,4264.87
115534,6251,547,2,1,0,2,3000,8454.6078952,10490.09
115535,2432,2310,2,2,1,2,1850,8637.2448044,8438.36
115536,2014,3350,2,5,1,2,2200,5659.0912048,25707.94
115537,2603,1972,2,5,1,2,1400,7016.7329615,20230.7
115538,874,5362,2,5,1,1,480,8111.0354739,8407.85
115539,2678,1720,2,5,1,1,1660,9339.2812534,4542.42
115540,340,3883,2,-2,1,2,2340,8794.9683729,21418.37
115541,0,3994,2,-2,0,2,1500,1509.9582461,3918.64
115542,5518,747,2,1,1,2,1870,2226.4000352,11580.26
115543,979,1435,5,-2,1,1,600,11447.821335,1731.03
115544,6157,1076,2,1,1,3,1460,3424.155638,12436.1
115545,1231,4555,2,-2,1,4,1800,5386.2700198,17062.79
115546,5306,1391,2,1,1,2,780,8136.3020058,4224.06
115547,4716,1143,2,1,1,2,2530,4304.3483133,7185.31
115548,2013,3350,1,5,1,3,1700,6352.027689,16489.86
115549,996,5064,2,5,1,3,1980,5273.888902,15274.94
115550,5693,530,2,5,1,4,840,7023.7558357,13094.06
115551,110,4873,2,5,1,4,2700,12159.623322,28909.18
115552,8680,658,2,1,1,1,1120,1053.0395728,4121.87
115553,2809,1957,2,5,1,2,2900,5895.2230193,14453.49
115554,6397,599,2,3,0,3,2870,2968.7026884,8728.78
115555,8078,578,5,1,1,3,500,9004.3213168,5293.52
115556,3123,1455,2,5,1,3,1800,5744.2809311,15732.4
115557,2742,1712,2,2,1,6,3330,8184.6042748,29460.33
115558,4286,1227,4,1,1,2,650,12656.881914,4306.25
115559,0,4029,5,-2,0,1,1200,2261.3791499,1161.64
115560,5644,1118,2,1,1,5,650,7300.6253007,10605.81
115561,5010,76,2,1,0,2,900,5509.9584895,2766.08
115562,2641,1700,2,1,1,1,4340,7038.6678065,11821.09
115563,3882,1073,2,1,1,2,1500,6563.6228604,11694.09
115564,4377,1148,2,5,1,5,1580,3645.451419,17030.37
115565,6495,726,3,1,1,5,2000,3996.3995903,15678.23
115566,10744,1,5,-2,0,3,1400,915.05545984,3731.54
115567,1928,2660,2,-2,1,2,1020,11757.103081,18542.49
115568,8004,658,2,1,1,2,3050,922.40540486,9741.09
115569,1770,4241,2,1,1,6,3710,4377.9796907,22096.93
115570,5413,556,2,2,1,2,1830,4845.7362226,15366.4
115571,5654,1150,2,1,1,2,4350,11210.200671,14159.47
115572,3653,1365,2,2,1,2,2600,3688.0370252,17224.19
115573,7343,577,2,1,1,1,2550,5700.0980204,2670.04
115574,1849,2585,3,5,1,3,1170,3939.1034014,10260.98
115575,2939,1819,2,5,1,5,1600,3575.8173314,21790.99
115576,4504,1105,2,1,1,1,1150,3639.3861367,7264.88
115577,3160,1584,2,5,1,2,600,4975.6820001,12035.8
115578,1921,1855,2,1,1,1,3000,9878.364048,8372.42
115579,437,4079,2,5,1,5,1300,15246.997639,23494.96
115580,6299,862,3,1,1,1,1340,2751.6214772,3366.07
115581,6712,810,2,1,1,2,2130,919.34745995,8090.16
115582,5876,798,4,1,1,4,1000,9294.66678,3922.12
115583,2614,1760,3,5,1,2,1420,6526.733824,8243.78
115584,4280,1319,3,1,1,1,1140,10991.863668,6599.14
115585,5882,769,2,1,1,1,1600,5526.2947058,6093.22
115586,4273,1267,2,1,1,4,1340,7346.4284585,3226.21
115587,5219,1081,2,1,1,4,1400,7349.4139638,9090.79
115588,4319,247,2,1,0,2,3400,6757.4465073,8487.66
115589,14463,0,2,3,0,1,3070,731.85503498,4207.79
115590,5659,777,2,1,1,3,3400,4310.0845549,10362.77
115591,1435,2541,2,5,1,4,4000,5425.2949849,23744.41
115592,3720,1526,2,5,1,2,3000,5603.2873958,15315.35
115593,2688,1715,2,1,1,4,2200,9208.5413137,8535.24
115594,6033,740,2,2,1,2,2000,10197.776156,6327.07
115595,311,4123,2,-2,1,1,2000,9212.5333793,13529.33
115596,4914,133,1,5,0,3,1700,6500.6565247,23880.05
115597,6476,575,2,7,0,2,1730,668.24449728,5720.69
115598,7805,550,2,5,0,1,1250,4533.0278167,10300.2
115599,4287,284,1,5,1,1,1050,5642.0871679,10584.17
115600,4795,1089,3,1,1,2,4350,4680.0191977,15915.25
115601,4980,1112,2,5,1,3,4730,6372.478079,22098.55
115602,9288,349,2,5,1,5,3300,6168.8954608,17233.38
115603,4312,1303,5,5,1,1,1200,9851.0762697,7607.34
115604,6078,1101,2,1,1,1,2500,5914.6788354,3319.73
115605,5747,808,2,1,1,3,3500,10524.658088,18301.83
115606,5665,878,2,1,1,2,2580,8086.9628257,7141.25
115607,916,3540,2,1,1,2,3300,10180.472912,13280.89
115608,470,3984,2,5,1,1,1400,13122.828572,9209.42
115609,4288,1616,2,1,1,2,3400,4053.5890816,7764.21
115610,5515,747,2,1,1,3,4800,1995.7170866,30294.32
115611,4351,242,5,5,0,1,750,7635.5782395,4967.39
115612,4733,1341,2,5,1,5,3150,6925.7595787,19370.18
115613,2578,2435,1,7,1,2,1400,5367.6981851,1933.11
115614,7345,572,2,1,1,2,2200,8120.8236476,9596.54
115615,7985,322,1,3,0,2,1300,3660.3656243,8312.89
115616,4721,1109,3,5,1,2,1650,2046.1355482,15627.03
115617,1269,4297,1,5,1,2,1280,5513.2237981,21548.48
115618,2745,1660,5,5,1,2,900,10185.755316,12274.13
115619,6045,760,2,1,1,2,4700,6599.8911477,18338.09
115620,4320,1027,2,1,1,2,1880,5146.9450223,21376.39
115621,7416,506,2,3,0,2,1720,2595.1930023,3950.85
115622,7385,827,2,1,1,3,2900,5561.5892401,14079.55
115623,1144,3252,2,1,1,4,1200,9637.126063,12004.15
115624,1791,4202,3,5,1,2,1140,1864.218775,10829.35
115625,5147,950,2,1,1,1,1880,3493.164711,8866.6
115626,5507,796,5,1,1,1,750,10742.341482,4566.0
115627,4580,1725,2,1,1,2,1900,5555.8712296,7229.15
115628,5029,818,2,3,1,4,4390,1586.6456545,10760.09
115629,874,5362,2,-2,1,4,1400,6009.5255923,13305.86
115630,5042,1067,2,1,1,1,4500,4838.8528965,5927.75
115631,6284,862,2,1,1,3,1900,3916.3838065,7172.77
115632,5813,1188,2,5,1,2,2650,3232.9063479,19781.8
115633,5583,1167,2,1,1,3,4800,8155.3040783,23025.99
115634,4175,1328,5,5,0,2,1000,12835.816251,3164.9
115635,5453,1066,5,5,1,1,690,12257.548074,4102.82
115636,1996,2404,2,1,1,2,1700,7780.8700589,9242.06
115637,3907,1243,3,5,1,2,1050,5382.8334433,13821.73
115638,2852,2005,5,5,0,1,1050,9163.7398318,7081.4
115639,6776,545,2,2,0,1,4600,4161.8660612,5244.42
115640,310,4128,2,5,1,2,1700,7585.2638228,12582.16
115641,6105,806,2,2,1,2,2630,2781.28777,16065.83
115642,4992,1244,4,1,1,3,750,9155.3676535,7599.31
115643,4727,1059,2,5,1,2,1500,7807.314666,18136.53
115644,2744,1775,2,5,1,1,1440,9553.7715102,10600.4
115645,5023,896,2,1,1,2,2400,2373.6247005,5984.16
115646,3257,1851,2,1,1,4,2020,6526.3994757,18890.87
115647,7354,284,1,3,1,4,1400,1184.9739838,12157.99
115648,3525,1491,1,5,1,4,1000,8327.9226855,13301.3
115649,8684,656,2,1,1,3,1300,1051.9172628,8370.64
115650,6175,837,2,3,1,2,4250,3334.8129099,18718.2
115651,5570,782,5,-2,0,1,1000,23564.531672,5423.21
115652,7664,754,2,2,1,3,1060,7815.5770735,16262.47
115653,1534,3098,2,1,1,2,2150,6091.003877,8637.35
115654,8279,538,2,1,1,4,2010,7257.5942652,6506.84
115655,91,4964,3,-2,1,4,1250,8251.322512,9376.07
115656,5100,953,2,1,1,1,2930,19375.674248,9788.99
115657,1540,1652,2,1,1,4,3370,11171.494445,10623.32
115658,2593,1686,4,5,1,2,1130,5421.9999786,8391.67
115659,1126,2987,3,5,1,2,1000,8271.4483399,6642.74
115660,3823,1523,2,5,1,3,2000,3591.4299249,17667.74
115661,5132,980,2,1,1,2,2780,8007.7597949,8262.19
115662,1495,2550,2,5,1,2,1000,5791.1313571,11212.27
115663,1410,2579,1,5,1,4,1860,6618.5259224,20036.58
115664,4938,1171,2,1,1,2,1000,9210.5986369,7692.13
115665,1068,945,4,5,0,1,750,14139.213674,1492.4
115666,5674,943,2,5,1,2,3030,5056.2061431,14694.22
115667,1182,2186,2,1,1,2,1440,12633.422636,8506.7
115668,5079,905,2,3,1,2,2190,6841.5168642,8202.67
115669,2897,2000,2,5,1,2,1550,6791.0287797,16518.95
115670,3043,1485,1,5,1,1,1600,7075.8473621,20689.5
115671,5065,1060,2,1,1,1,3000,2015.5488354,9836.38
115672,6273,1007,3,1,1,2,1600,2002.3152226,2754.11
115673,5032,136,2,5,1,2,2400,5798.4067456,21347.99
115674,2751,1940,2,1,1,2,1230,12608.914108,12077.64
115675,1180,4676,2,1,1,5,4800,3903.1064347,32707.08
115676,5360,532,3,1,0,2,1230,1778.796815,4474.37
115677,6185,739,2,1,1,2,3810,4450.8798401,7983.18
115678,324,4415,2,5,1,1,1200,10414.753848,7776.06
115679,5187,1026,4,1,1,2,960,12429.388887,3587.96
115680,5858,786,2,3,1,4,6800,3334.8129099,18848.61
115681,1846,2863,2,1,1,2,1600,8430.3375699,14323.85
115682,5112,991,2,1,1,2,2510,6739.0167936,9969.13
115683,5098,1294,2,1,1,1,2700,3878.0947769,5244.47
115684,2607,2059,2,5,1,2,2000,5351.0024156,14226.58
115685,4476,1196,2,1,1,3,3900,6016.5552615,15999.54
115686,4675,213,2,5,1,2,2400,4815.1967886,21034.97
115687,4660,1181,2,1,1,1,2600,3699.4016587,8057.38
115688,4142,1237,2,5,1,2,1920,6054.2456155,10851.86
115689,7440,745,2,1,1,3,1640,6761.6114475,9218.05
115690,4437,1244,2,1,1,2,1700,4682.2966433,11009.59
115691,6927,630,2,1,1,4,1200,1440.8803465,19638.7
115692,4182,1341,3,1,1,3,3700,2994.9184566,13993.65
115693,7532,400,2,1,0,2,2400,1005.8986662,3399.24
115694,6551,449,3,5,1,4,960,9985.6439905,25087.64
115695,8366,266,2,1,0,4,1300,11021.964941,24827.96
115696,1163,3249,2,1,1,5,3800,7435.9692812,16555.79
115697,2832,1985,2,1,1,2,1770,4362.968466,9488.41
115698,5240,884,2,5,1,2,1630,5771.7334413,24743.64
115699,4132,1282,3,1,1,2,2700,5127.3632598,7401.28
115700,1104,896,5,-2,0,2,1000,12881.61845,4272.87
115701,3374,1759,2,5,1,2,1700,6951.0920601,9537.73
115702,2857,1595,3,5,1,1,1200,5213.3900731,9008.12
115703,2357,2059,2,1,1,1,900,6621.624547,9446.75
115704,737,3659,2,5,1,3,1300,6109.0257209,18700.9
115705,3840,1520,2,1,1,6,1800,5615.8860691,6037.85
115706,5776,1359,2,1,1,1,2200,4118.6048186,6154.08
115707,302,4450,1,5,1,1,1280,17697.724786,13779.97
115708,4476,341,1,5,1,4,1890,4230.9256824,22067.5
115709,466,3986,2,5,1,4,1180,9132.6882807,19961.14
115710,4198,1337,3,1,1,4,1800,10466.551376,5002.87
115711,3347,1720,2,2,1,4,3000,5345.6500966,8886.94
115712,5640,873,2,1,1,1,850,5319.4697897,12159.68
115713,6229,587,2,99,1,2,1540,8065.2197911,10081.12
115714,4501,1048,3,5,1,1,800,4878.9775292,10143.3
115715,734,3849,2,5,1,1,2350,9915.3218931,12936.88
115716,5591,565,2,5,1,2,1780,9416.0219326,21237.65
115717,741,3645,2,1,1,2,2100,6446.1128748,16585.57
115718,6857,534,2,1,1,5,3400,916.48092762,9305.62
115719,4222,1169,2,5,1,3,1040,7224.8141361,6975.52
115720,747,3631,5,1,1,1,1450,9111.0805679,8787.02
115721,3695,1639,2,1,1,2,1400,6338.4940535,15787.26
115722,6195,739,3,1,1,1,2600,4431.1161206,8651.95
115723,5240,880,2,1,1,2,1390,17124.771416,13466.29
115724,3475,1508,2,-2,0,1,530,3594.1659215,4393.24
115725,2544,2120,3,1,1,1,750,3827.7957591,4542.99
115726,7311,841,2,1,1,4,2350,6591.7393159,11610.38
115727,7126,574,2,1,1,3,3750,943.01743845,17250.01
115728,5452,955,2,3,1,2,5200,9140.5375235,11208.84
115729,3819,1696,2,1,1,1,1400,3416.5307294,10616.76
115730,5726,819,2,1,1,4,1960,3824.1726817,4346.6
115731,6026,837,4,1,1,2,900,6721.1569517,6163.42
115732,6632,675,4,1,0,1,600,15598.259651,2045.99
115733,1422,2723,2,5,1,2,3000,6446.0071611,20197.56
115734,10748,1,2,1,0,5,2270,703.77375425,3900.06
115735,6599,435,2,3,1,3,3500,8127.8714038,16191.16
115736,7247,869,2,1,1,2,2520,6210.7280523,9383.65
115737,3247,1334,1,5,0,3,1010,11474.899668,11356.34
115738,2044,3241,2,1,1,2,2600,8415.4284647,13763.31
115739,4570,1190,2,1,1,3,2300,7449.3503423,11363.57
115740,3473,1393,3,1,1,3,580,2184.2414431,3697.56
115741,7787,433,2,1,1,1,1800,898.06882633,5481.89
115742,7563,398,2,1,1,1,4200,1125.6019749,3227.8
115743,1862,2161,1,7,1,4,1400,10005.535132,13227.35
115744,7186,883,5,5,1,1,600,12205.051171,2397.05
115745,4815,1016,3,1,1,5,1350,4627.666794,9461.67
115746,4221,301,2,5,0,1,1500,5797.090053,17306.7
115747,5245,919,2,1,1,3,1580,4839.9506712,12292.88
115748,3785,1533,2,1,1,5,2400,6354.9833959,18934.13
115749,5101,661,4,5,1,2,860,5989.3769791,5323.66
115750,10788,1,2,1,1,5,2200,716.43867379,10469.83
115751,6406,403,1,1,1,3,1600,2009.8933236,9479.36
115752,2036,3255,2,1,1,4,800,10304.045328,10568.28
115753,8531,399,2,3,0,2,2200,3348.3145494,4271.68
115754,3088,1824,4,1,1,1,700,7846.8011063,4210.04
115755,1758,2285,2,5,1,2,2000,6397.2374107,23431.25
115756,4501,1389,2,1,1,2,2900,7278.0714789,10473.52
115757,2462,1973,5,1,1,1,1000,11461.286716,3013.41
115758,5213,899,5,5,1,1,730,4539.9197863,5088.99
115759,3320,1525,2,5,1,1,2200,5696.6286457,18526.72
115760,5517,1225,5,-2,1,4,1250,9869.8755956,4056.52
115761,2451,1973,2,1,1,1,1690,10056.3046,7489.0
115762,2068,910,2,1,0,5,2340,8611.4758773,13073.65
115763,7627,153,2,2,1,7,2750,2543.4743933,20392.32
115764,4404,1295,2,1,1,2,4480,5353.7396973,7114.1
115765,7135,881,2,1,1,1,2420,8155.1953083,5080.62
115766,3800,1535,2,1,1,1,1650,8740.632804,6980.98
115767,5974,974,2,1,1,2,1400,4535.8365605,14355.03
115768,5639,1252,2,1,1,2,1000,3644.035476,5141.92
115769,887,3586,2,1,1,2,2250,7639.9200066,13139.55
115770,760,2072,2,1,1,2,2300,9638.5855053,12575.47
115771,891,1415,5,-2,1,4,650,20165.509781,2184.86
115772,4202,1356,5,3,0,1,610,12029.275529,2056.88
115773,7005,602,1,5,0,4,860,925.10965051,18895.8
115774,1086,935,4,1,1,4,750,17319.835226,3412.96
115775,6568,637,2,1,1,1,4080,8410.8603184,4613.97
115776,4976,435,2,5,1,4,1800,4895.9366128,17989.53
115777,752,3618,2,1,1,2,3300,4903.1769375,16273.19
115778,2604,1740,2,1,1,3,5400,8861.8973947,16142.77
115779,7313,658,1,3,1,2,920,1122.8291463,9689.29
115780,5732,972,2,2,1,7,4330,14498.274805,20950.21
115781,6663,828,2,5,1,2,3300,8681.5890369,40768.92
115782,0,5031,2,-2,0,2,2320,1335.171123,5104.61
115783,7856,583,2,1,1,3,1210,6167.0476969,8640.97
115784,10799,1,3,1,0,3,1900,437.92577799,9673.92
115785,6871,246,2,7,0,5,2220,3350.6598104,19144.55
115786,101,4875,2,5,1,3,1300,17026.056503,15493.45
115787,795,3776,2,5,1,2,1800,8385.8157715,6635.42
115788,7828,404,2,7,0,2,2100,927.79147226,2339.15
115789,2130,446,5,1,0,2,740,10115.60221,2988.37
115790,5811,826,2,3,1,4,2100,3572.0733102,11352.12
115791,4458,1223,2,5,1,2,1800,3364.9245318,14936.77
115792,4161,1349,2,3,1,3,2630,8135.4612109,16731.23
115793,1128,2945,2,5,1,1,2650,8436.5531885,16469.2
115794,5864,972,2,1,1,7,2700,13489.434408,11764.56
115795,7087,419,2,1,1,1,1570,2361.7916091,6407.25
115796,3241,1903,2,1,1,1,1000,5307.2383585,6554.86
115797,2727,1711,2,5,0,3,2800,4507.5897006,21439.45
115798,1637,2547,2,5,1,2,1900,4671.0424858,16235.35
115799,1986,1054,3,1,1,1,1400,8832.5362953,3742.4
115800,1613,2667,2,1,1,2,4400,6298.4262173,30818.6
115801,4203,1360,5,1,1,1,750,10268.033205,3591.98
115802,6038,770,3,1,1,4,1800,2128.7517097,11301.47
115803,7485,457,2,3,1,2,1500,2450.2144678,9343.06
115804,3331,1714,3,1,1,1,1140,5543.0071983,4989.4
115805,2160,799,5,1,1,3,830,13607.438617,5812.39
115806,2609,1401,2,5,1,2,530,7752.332846,10049.07
115807,1786,2984,1,5,1,4,350,15222.989582,10184.53
115808,8686,657,5,3,1,1,980,1535.3295336,6857.84
115809,10525,2,4,1,0,2,1100,969.3977626,6897.47
115810,1108,3026,2,5,1,1,1600,8340.8924689,12419.68
115811,3900,1456,2,1,1,3,1200,3786.7489059,11342.36
115812,6067,834,5,1,1,2,1000,13146.741872,4619.43
115813,4449,1229,2,5,1,1,1640,4801.7629049,15669.0
115814,4719,1333,2,1,1,2,1530,4992.8289663,12908.3
115815,1539,2693,2,5,1,2,900,8471.6335281,25080.89
115816,6341,726,2,1,1,2,1610,15182.447194,8376.11
115817,3587,2644,2,7,1,1,1950,5480.2823496,6677.27
115818,5690,878,2,3,1,4,4000,3573.9578838,15174.67
115819,7084,1034,5,5,1,1,1300,3163.8357639,3891.03
115820,3236,1720,2,1,1,2,3750,3693.7522995,18150.93
115821,5208,1112,2,2,1,5,2630,3796.9095026,8331.52
115822,2619,1876,1,5,1,2,1200,5974.2277941,185.94
115823,1328,4093,2,1,1,1,2800,3946.0255117,14411.51
115824,6056,736,2,1,1,3,2820,4356.1306177,8979.97
115825,6032,793,2,1,1,2,2630,4177.6943903,8149.54
115826,8321,0,5,5,0,1,1600,1087.7730136,7413.09
115827,1119,2992,2,5,0,3,1600,12004.651512,14443.49
115828,5109,206,5,5,0,2,1050,9098.6878326,6875.92
115829,7139,895,2,1,1,2,2480,5571.388455,3320.05
115830,5668,852,2,1,1,2,2840,4104.9387515,8100.65
115831,1544,465,4,5,1,5,700,20331.506091,3006.68
115832,3206,1560,2,1,1,2,3400,4179.3847811,9064.82
115833,5256,982,2,1,1,2,3040,13453.655498,3441.42
115834,5886,638,2,3,1,4,2400,3356.2180595,8904.76
115835,7182,885,2,1,1,1,2600,6170.9945284,4040.14
115836,4093,470,5,7,1,3,1000,6481.894243,3511.38
115837,8817,537,2,3,1,4,1860,907.80197916,21506.4
115838,5965,828,2,1,1,1,1860,6369.3319054,7522.19
115839,1770,2026,2,5,1,1,1500,10446.926184,22419.06
115840,1080,929,5,5,1,1,650,11898.330345,3155.12
115841,655,3857,2,2,1,2,600,12435.491208,9172.49
115842,10128,4,2,1,0,4,3900,712.15056077,10953.96
115843,6790,647,2,2,1,3,3120,3214.3179163,5493.73
115844,2639,1902,2,1,1,1,1800,7228.6885425,14115.62
115845,3907,1137,2,1,1,3,3400,6240.0598223,12015.82
115846,7009,465,2,2,1,1,5400,1414.0366054,32061.42
115847,1111,2962,2,5,0,4,1700,5805.1362784,16957.54
115848,1768,4245,2,1,1,2,2600,3533.7728599,10652.61
115849,4973,1132,2,1,1,2,1550,12379.539912,10360.44
115850,3449,1654,3,1,1,5,1800,1059.8055136,10554.96
115851,1231,2362,2,1,1,4,2600,8836.5432951,17725.83
115852,5002,1072,3,1,1,1,1460,5777.7004997,4630.72
115853,878,5346,2,5,1,1,2400,5004.4538666,18401.03
115854,1178,3385,2,5,1,2,1500,9561.3450831,12105.92
115855,2001,1124,4,-2,0,5,550,18318.087773,3513.3
115856,2645,1853,2,1,1,4,1800,14420.493069,10271.66
115857,228,4340,4,5,1,1,1100,10254.583598,6636.33
115858,4805,1106,4,5,1,2,800,13530.052477,9528.29
115859,4423,1240,2,1,1,3,1400,9041.3573845,12539.23
115860,7497,549,2,1,1,2,2800,5395.3375927,11089.09
115861,2069,2345,2,2,1,2,1700,14666.023258,6370.41
115862,2950,2159,2,5,1,2,580,5087.1261269,25484.2
115863,5966,863,4,5,0,3,560,18311.152657,6433.11
115864,7195,757,2,2,1,2,1400,3811.9574567,9058.82
115865,7362,771,2,1,1,4,2700,4857.7746279,16824.38
115866,2854,1486,2,1,1,2,1810,6197.0391934,2596.78
115867,943,5182,5,5,1,1,700,7465.7615424,4168.97
115868,5065,1060,2,1,1,6,6350,2065.1196346,43415.51
115869,4832,985,2,1,1,2,2620,4962.0439669,8102.86
115870,4282,1226,5,1,1,1,500,7561.5649633,2261.24
115871,5176,966,2,1,1,2,4050,5698.3153831,14441.5
115872,5547,1001,2,1,1,1,1630,5261.1831907,3351.48
115873,2529,789,5,5,0,1,680,12705.228367,1669.82
115874,0,3845,4,-2,1,5,2900,2008.6033211,10767.65
115875,2558,770,2,2,0,2,3000,9791.8863376,9901.26
115876,2794,1718,3,1,1,2,1750,4261.2175701,6879.91
115877,6325,776,3,1,1,1,2320,5424.6605329,7846.47
115878,5511,838,2,2,1,3,1550,2880.1406272,7296.64
115879,1533,3100,5,5,1,1,800,14329.056348,11849.48
115880,6151,771,2,1,1,1,1860,4292.4750586,4904.03
115881,0,5070,5,-2,1,1,320,1979.1367079,4608.27
115882,749,3623,2,5,1,2,450,6131.7272202,8188.21
115883,3786,1527,5,1,1,2,460,8690.5853453,3306.82
115884,5123,68,4,5,0,1,800,12530.136022,4485.9
115885,6122,780,2,1,1,3,3100,8079.8928114,10154.21
115886,3331,1713,2,5,1,3,1640,6005.8198565,17474.77
115887,2566,1806,2,5,0,3,1600,5636.6040518,15920.35
115888,1161,2176,2,1,1,2,1630,9289.153234,5559.38
115889,3330,1715,3,5,1,3,1380,800.01980907,10494.36
115890,4251,1361,3,1,1,5,990,8041.4241455,6919.57
115891,5268,871,2,1,1,2,1510,10792.375855,9558.98
115892,1764,4251,2,1,1,2,2390,4722.957735,20485.72
115893,5488,946,2,1,1,3,1500,6492.6553091,9397.51
115894,7580,468,2,3,1,3,2910,2392.0543827,20481.96
115895,4184,1335,5,1,0,1,950,13124.868877,2833.87
115896,3168,1796,2,2,1,1,1140,6607.9985766,12713.14
115897,2720,2006,2,5,1,7,3000,5627.9125732,34183.54
115898,4061,898,2,5,1,2,1870,5016.518368,18504.35
115899,6352,736,2,3,1,2,4300,3114.7064094,15357.17
115900,1,3454,2,-2,1,2,1600,1417.2137042,4453.87
115901,3832,1521,2,5,1,3,1500,5218.4577052,14975.99
115902,6669,736,2,3,1,4,2400,2692.3996178,13635.84
115903,6917,415,2,99,0,1,3000,8129.8849268,10098.01
115904,8005,285,2,1,0,5,2500,2803.1873209,8340.56
115905,1865,3312,2,1,1,2,2800,4165.30868,12908.62
115906,4189,1018,2,5,1,2,3000,7431.7006472,20462.91
115907,4448,1130,2,7,1,4,3300,6950.2891118,10483.86
115908,5995,818,2,7,1,2,2500,14716.574312,12291.15
115909,4660,1127,5,5,1,1,730,6401.482917,1916.1
115910,5080,1085,2,1,1,3,3730,8485.8187066,11426.86
115911,2080,662,2,1,0,2,1360,11353.213573,4338.96
115912,994,2142,3,5,1,1,850,6772.9917315,3460.72
115913,4900,130,2,1,0,2,1120,7382.7680514,4527.25
115914,2089,2538,1,1,1,1,1200,11941.973264,8601.12
115915,3833,1514,3,5,1,4,2100,3947.0360384,13313.45
115916,4639,627,2,1,1,2,2670,3910.0871543,18684.97
115917,392,4166,3,5,0,1,740,9241.4211229,4672.22
115918,4647,1199,2,5,1,2,3400,8892.6901685,12032.38
115919,7078,720,2,1,1,2,2850,7732.3338634,7261.92
115920,5073,1002,2,1,1,3,1700,6529.4872968,6932.39
115921,118,4738,4,-2,0,3,1200,11857.023188,10384.76
115922,2012,2719,2,1,1,2,1300,14649.882371,5266.32
115923,2219,2434,2,1,1,5,2600,7560.9498819,7360.86
115924,1828,2249,2,1,1,1,1200,10515.143545,7935.91
115925,4453,1206,2,1,1,7,1730,8916.968873,11411.38
115926,7353,817,2,1,1,2,2200,6653.1742665,4646.82
115927,3190,1470,2,7,1,2,1950,8790.1607157,9271.35
115928,3681,1651,2,1,1,2,1070,3195.4647057,11923.39
115929,4678,1135,2,1,1,2,2510,3790.2209636,6095.06
115930,7066,653,2,3,1,2,2250,1060.9186694,6401.91
115931,5264,929,1,2,1,1,1200,6871.2623888,7181.7
115932,6133,791,2,1,1,1,3150,8507.0187614,4790.22
115933,4741,1317,2,1,1,5,2550,4704.6780499,12573.05
115934,8056,600,2,1,1,4,4050,721.65045509,16556.6
115935,139,4605,5,-2,1,1,1230,15339.943342,10896.27
115936,9414,518,5,5,1,2,700,1370.0894629,5943.54
115937,1160,2945,2,-2,1,3,1900,4726.6155289,9168.72
115938,4439,1131,2,5,1,2,2500,3001.1205561,18896.76
115939,2523,1749,2,1,1,2,550,9348.2268718,10569.7
115940,5392,894,5,5,1,1,650,7804.8112659,3754.74
115941,2966,1805,2,5,1,1,4000,4580.2127856,29394.46
115942,5848,840,5,5,1,1,880,11551.774287,6333.73
115943,5811,1087,2,1,1,2,2300,10077.002365,8965.64
115944,1135,906,2,1,1,4,1570,10055.962725,6214.57
115945,5596,996,5,5,1,1,900,11236.650354,5621.26
115946,4435,1253,2,1,1,2,2130,5911.015086,5910.42
115947,5169,979,2,5,1,1,2700,7002.632381,16359.16
115948,8437,557,2,1,1,5,1600,6897.8089386,20079.81
115949,2718,2256,2,1,1,2,3280,9122.5410816,15998.16
115950,3994,1428,2,5,1,5,1540,4635.60017,16122.02
115951,4839,1132,2,3,1,1,670,4441.6089096,4100.61
115952,2167,618,2,1,1,3,2200,8739.6228256,11696.34
115953,5215,913,2,1,1,4,2200,5828.6733302,23153.34
115954,6853,537,2,1,0,2,2400,988.96245336,3672.98
115955,4541,1059,3,1,1,4,2050,2901.8815773,5133.83
115956,6532,552,2,1,0,1,3910,6413.4965748,2602.93
115957,4251,1267,2,1,1,7,5250,5995.6006875,19316.19
115958,5656,890,2,5,1,2,1650,5685.446167,17818.25
115959,7060,201,2,7,0,2,800,2350.0250316,8618.43
115960,6036,965,2,1,1,2,3600,7897.9950111,9698.4
115961,3070,1582,2,5,1,3,2200,4796.929886,12326.74
115962,1765,4251,2,1,1,2,2400,5132.3773676,11808.97
115963,2623,1725,5,-2,1,1,770,15582.244911,5504.92
115964,0,4948,5,-2,0,1,960,2426.8309102,5334.3
115965,4173,1207,2,1,1,1,2700,1171.8637248,10928.45
115966,3821,1695,2,5,1,6,2200,3933.3937152,14452.56
115967,1594,1798,2,1,1,2,2410,9255.0444508,10202.73
115968,6007,903,2,1,1,2,2990,6516.5636843,8519.77
115969,3500,1360,1,5,1,1,1200,5495.6985109,11146.61
115970,6691,854,1,5,1,2,980,1494.9296916,17894.03
115971,6749,738,2,1,1,5,2240,5415.0806508,8695.47
115972,2718,1673,2,5,0,3,850,9465.5735915,10161.81
115973,2136,2516,5,5,0,1,1700,12981.55068,15059.72
115974,5986,782,3,1,1,4,4230,5708.262006,15782.78
115975,159,4519,2,-2,1,3,7320,12152.382441,29630.13
115976,6832,702,2,5,1,2,1880,3193.0811235,8311.05
115977,6235,777,3,1,1,3,1600,4683.5015577,3407.47
115978,3090,1755,2,1,1,2,1900,3788.7333438,14703.88
115979,4668,1380,2,1,1,6,600,9061.7279472,9684.46
115980,1427,3931,2,1,1,2,2650,3584.9899501,7358.63
115981,6757,735,2,1,1,1,2750,7776.6053622,6980.36
115982,7638,589,2,2,1,2,1550,6974.2196074,18077.95
115983,7901,692,2,1,1,6,3200,879.6235416,11269.36
115984,7889,302,5,1,1,2,610,3888.0581325,3268.61
115985,419,3830,2,-2,1,2,1500,11575.715192,11087.44
115986,4166,1477,2,1,1,2,1550,7422.3650835,7720.35
115987,4709,1024,2,3,1,5,3250,5322.3571902,25511.0
115988,6675,821,2,1,1,2,2300,913.20660089,5835.99
115989,5247,982,2,5,1,2,1000,5898.6968566,15571.76
115990,8308,466,2,1,1,1,3270,906.33887747,3473.87
115991,5652,954,5,1,1,1,1040,6545.8903172,7352.58
115992,4938,1171,5,5,1,1,620,11773.092576,5698.22
115993,6628,544,2,1,1,2,4500,6123.5040576,18812.62
115994,0,4949,2,-2,1,4,1390,1399.7628928,36882.9
115995,2182,1789,2,1,1,3,1100,13399.925041,6455.48
115996,8172,355,1,3,1,1,1900,1277.4179348,505.2
115997,2121,1972,5,5,1,4,880,14607.437003,4175.25
115998,4197,1359,5,5,1,5,1200,10300.883425,15815.4
115999,1831,2855,2,2,1,2,3400,7296.6088053,10741.62
116000,7712,334,2,1,1,4,3600,2032.0134048,7266.07
116001,5289,690,2,1,1,1,1520,7431.344263,24025.95
116002,4921,1347,2,1,1,3,2250,5058.4499655,5996.74
116003,3105,1318,2,5,1,3,3200,7184.8890127,18342.53
116004,948,1415,2,1,1,3,1360,13502.062958,7442.72
116005,786,3767,2,1,1,2,1800,9019.1338298,7829.06
116006,1138,2980,2,5,0,1,2980,5118.8594501,12867.96
116007,1223,2997,2,5,1,2,1850,9400.9707085,15744.74
116008,5401,840,2,1,1,2,1390,4620.8238771,10664.74
116009,5795,875,2,1,1,5,2800,5850.7102225,18713.72
116010,5306,760,2,5,1,2,6670,1995.305727,3750.97
116011,4814,1016,5,5,1,3,960,10719.178467,8432.86
116012,6344,397,4,5,1,2,900,6566.8964739,12081.24
116013,6375,609,2,3,0,3,1900,2471.7892039,4206.31
116014,1804,2346,2,2,1,2,1900,8458.0033014,3595.98
116015,4785,768,2,5,1,1,1600,4000.2131342,14026.53
116016,1428,3230,2,1,1,2,3470,8021.7218428,14803.04
116017,740,3649,2,1,1,1,1190,6019.7349969,10988.29
116018,6587,566,2,3,1,4,2100,4314.2979518,13016.66
116019,874,5362,1,5,1,2,2200,5506.8136817,14808.53
116020,5124,1390,1,2,1,2,970,4707.9392661,20961.77
116021,5510,937,5,1,1,2,1050,6790.4185439,3061.69
116022,7410,396,1,2,1,1,900,2934.1322097,3070.47
116023,4409,1128,2,5,1,4,610,4585.024464,19895.4
116024,8099,648,2,2,0,1,1540,2136.0793714,2436.15
116025,1139,3403,2,5,1,4,1030,10942.219264,11537.86
116026,5812,879,2,1,1,4,2400,6443.0550449,9519.86
116027,4332,1196,2,5,1,3,550,6963.1168046,23423.67
116028,397,4213,5,5,1,1,1100,19887.417493,5788.81
116029,5807,1192,2,1,1,4,1680,5060.9332449,9784.22
116030,5500,825,2,1,1,3,3400,3624.5236485,12965.14
116031,125,4686,2,5,1,4,1970,10041.391256,27970.54
116032,5809,1056,2,1,1,6,1010,7024.7382404,11031.36
116033,6091,1102,2,1,1,1,2100,3885.766347,10075.3
116034,5074,1063,2,3,1,2,5000,8326.2159873,11764.38
116035,1687,726,2,1,1,3,1770,8892.5450002,3334.72
116036,4983,1061,3,5,0,1,1240,6514.577162,8556.72
116037,7791,635,2,1,1,1,2400,5075.5591519,3060.84
116038,8505,559,2,2,1,2,1100,885.72845775,16004.65
116039,7630,443,2,3,1,1,3000,1040.1505118,5530.83
116040,5208,899,5,1,0,2,600,6776.1971537,4736.16
116041,1244,2328,2,1,1,2,800,13502.062958,2379.63
116042,2859,2034,2,5,1,4,3310,5068.6093643,14275.4
116043,4578,965,2,2,1,2,1400,4199.4053714,9172.37
116044,2357,1849,2,1,1,3,2400,12167.55996,9370.07
116045,6246,780,2,1,1,4,1800,11285.383967,4989.06
116046,4573,1020,2,5,1,4,1600,4583.4700604,12442.2
116047,5384,1046,2,1,1,2,4500,4356.4283407,8966.47
116048,4996,974,2,1,1,3,1100,6075.3233167,9702.31
116049,367,4373,2,-2,1,2,3020,10187.635446,15372.81
116050,8206,608,2,1,1,6,2070,1713.6242833,14420.8
116051,2015,2714,5,1,1,1,680,15254.699126,1859.73
116052,904,5280,2,1,1,2,1600,4164.1303761,10802.28
116053,8033,612,3,5,1,1,1840,717.17245582,5332.77
116054,5060,1174,2,1,1,2,1800,4142.0794947,6016.49
116055,7090,1034,3,1,1,1,1520,1720.3987952,2006.82
116056,4289,1314,3,1,1,2,2100,9039.7440454,1388.52
116057,5869,783,2,3,0,1,2750,2294.8653062,3255.14
116058,5396,864,4,5,1,1,800,12288.561898,5470.71
116059,3725,1550,2,5,1,5,3500,5080.566666,27850.92
116060,5133,1142,3,1,1,2,2850,2041.4851962,5751.25
116061,4529,1124,2,1,1,2,2700,7204.8814251,11899.73
116062,3682,1666,2,5,1,2,1800,3052.2363418,11731.52
116063,2745,1627,2,1,1,4,1600,5784.3453294,17588.89
116064,3920,1524,1,1,1,3,2050,8232.2161895,20311.43
116065,5572,1002,5,1,1,2,500,8187.868876,4335.45
116066,5,2986,2,-2,1,2,3000,1408.5783555,9156.25
116067,5662,893,2,1,1,4,2130,8395.6728912,16201.38
116068,5936,1214,2,1,1,2,2100,3432.341646,11360.63
116069,2081,2107,3,5,1,1,1890,2704.343428,5548.14
116070,2000,2826,2,5,1,2,800,11710.922654,8329.26
116071,4700,1111,2,1,1,1,2500,4932.4431547,2363.4
116072,4160,1296,2,1,1,3,2000,4084.5144057,22969.17
116073,5586,910,2,1,1,1,1400,5718.5854936,6283.85
116074,4273,1322,3,1,1,3,1470,6045.31888,3546.13
116075,353,4431,1,5,0,2,1450,16094.085419,6979.29
116076,5518,747,2,1,1,5,2000,2483.0210074,17828.98
116077,10807,1,2,1,0,2,2950,736.88670648,6173.86
116078,5219,1083,2,2,1,1,1860,7387.6929101,9037.2
116079,5479,881,3,1,0,2,1500,2257.4177383,4964.67
116080,3810,1432,3,1,1,2,880,911.74170022,7648.41
116081,4398,1286,5,5,0,1,1160,5315.7872384,6118.03
116082,4715,1121,5,1,1,1,1240,12823.896604,2636.82
116083,2328,2846,2,1,1,3,1600,12610.009056,13213.04
116084,2072,2068,2,1,1,2,2200,7653.7116703,6813.73
116085,1648,2727,2,1,1,1,2480,11647.009995,24633.45
116086,2152,356,5,5,0,1,680,14464.103865,5089.09
116087,7110,410,2,1,1,2,1760,1878.8405206,7081.44
116088,2837,1680,5,5,1,7,820,11152.055837,12808.27
116089,4314,1615,2,1,1,2,3200,4480.8362349,10027.06
116090,4722,1121,3,5,1,3,1430,6327.5668992,13973.2
116091,5700,906,2,1,1,2,2850,6373.0665762,9327.75
116092,958,2206,2,1,1,3,2200,13382.331708,3898.42
116093,2439,1779,5,5,1,3,1300,12798.816515,12772.74
116094,4173,422,2,5,1,3,1210,5327.2703278,18596.81
116095,4301,1325,5,1,1,2,830,11052.189428,5571.78
116096,1082,922,2,1,1,4,2600,9533.2513261,9067.66
116097,1066,4901,2,5,1,3,1500,4545.6362525,20997.41
116098,1866,2735,2,1,1,2,3460,9639.9778791,21762.56
116099,2610,1737,2,1,1,2,2600,4369.4596426,12948.94
116100,6996,564,2,1,1,6,2800,6101.8256181,13313.16
116101,4332,1227,2,2,1,3,5250,5786.0452335,16463.09
116102,1302,4427,2,5,1,2,1050,6594.9488405,13775.89
116103,4200,1372,5,1,1,3,910,13251.767519,6843.46
116104,1953,2290,2,5,1,3,1500,6162.5682931,30583.53
116105,3772,1462,5,5,1,4,1350,5616.9376692,7071.82
116106,2257,1858,2,1,1,1,4100,10548.180906,18944.8
116107,5511,1247,4,5,1,2,1350,13384.36954,9039.58
116108,6170,815,2,1,1,2,2250,6255.7384,4462.79
116109,4273,1269,2,1,1,2,2400,6691.0179729,2100.59
116110,5172,930,2,3,1,2,680,2056.80904,2882.02
116111,668,3463,5,5,1,2,600,14813.179325,5778.25
116112,7200,881,5,5,1,2,1950,9395.0833183,6339.8
116113,5518,747,2,1,1,6,2630,2338.5614469,8558.68
116114,2669,1677,1,1,1,3,1000,6616.6152364,10508.45
116115,6712,162,2,1,1,4,3220,3230.9631124,11054.65
116116,5801,850,2,3,0,4,3850,1569.468646,12099.02
116117,6144,921,2,1,1,2,3200,6193.1627702,5625.06
116118,6503,577,3,5,1,3,1600,6859.0720169,7634.19
116119,5302,782,2,3,0,5,1410,3554.8289393,8414.01
116120,3379,1509,2,3,1,4,840,7075.5197938,7342.07
116121,7946,703,1,2,1,2,1700,2107.4198846,16353.61
116122,4169,916,2,7,1,2,1200,4455.9771729,12232.85
116123,4272,1348,5,5,1,2,900,10299.522409,8205.36
116124,2915,1559,5,5,1,1,1100,9087.4201375,4752.6
116125,2967,2251,1,1,1,3,750,14390.172229,13215.45
116126,4677,1133,4,1,0,2,830,11605.489224,2986.54
116127,1604,2427,2,5,1,2,1780,10698.612436,14073.0
116128,2286,365,2,1,1,3,2250,8933.9843055,7485.98
116129,1354,2776,2,5,1,2,1250,11291.683123,14442.85
116130,2070,1039,2,5,1,3,1000,8671.0676706,8813.44
116131,7447,850,2,5,1,2,1250,2701.4627026,5765.6
116132,4456,932,2,5,1,2,2500,5093.7059026,19805.29
116133,7339,803,2,1,1,2,1930,1290.2187391,7461.11
116134,5780,893,2,1,0,5,1650,8591.4745091,10554.14
116135,4660,1162,2,1,1,2,3360,6409.9676921,5883.57
116136,3505,2010,1,5,1,1,2350,6452.6015614,22944.16
116137,3171,1830,5,5,1,2,700,9736.1389245,16570.11
116138,5121,1064,2,1,1,2,1870,8411.3875545,4023.03
116139,6052,732,4,1,1,1,1000,6605.7830826,2646.45
116140,7469,803,2,1,1,1,2600,4275.1149394,4987.39
116141,6162,735,3,1,0,2,840,6589.3520401,2304.77
116142,1598,2496,2,7,1,2,1900,5589.853036,6294.01
116143,4827,612,1,5,1,4,1300,7433.6567231,19120.88
116144,2835,1707,2,5,1,4,2800,6683.8085509,16473.23
116145,12164,3,2,3,0,1,1030,1035.0141008,5550.01
116146,2915,2268,2,1,1,3,1440,8136.4730695,12820.79
116147,6719,700,2,3,0,1,4000,3470.303102,5851.41
116148,8814,332,2,1,1,2,2250,8296.0058458,6811.13
116149,7168,621,2,1,1,2,1950,5883.0816987,8558.57
116150,6220,807,3,1,1,2,3060,4840.2902794,4791.47
116151,1308,2640,2,5,1,3,2800,7312.8870169,19981.89
116152,6964,478,2,3,0,2,4030,2890.9185134,8317.32
116153,1725,2458,2,1,1,3,2700,5200.2252747,21633.8
116154,5431,1171,2,5,1,2,2700,8338.7020564,17399.62
116155,950,1483,2,1,1,2,3600,9176.1985023,5832.51
116156,7076,458,2,3,1,4,3890,3054.6019877,7969.74
116157,4300,1342,4,1,1,1,800,12395.598206,4363.06
116158,306,4136,2,5,0,1,840,11155.422134,9221.57
116159,4669,1552,2,1,1,1,1000,5736.1273827,12195.97
116160,2395,1903,2,1,1,2,3360,4496.3751555,30704.7
116161,3809,1256,2,1,1,2,1650,9637.7605844,9432.29
116162,4700,1107,2,1,1,4,2580,3857.6780514,6029.08
116163,5655,816,2,3,1,2,2700,4579.3509629,9334.35
116164,4501,1693,1,2,1,4,1000,5764.3347219,6456.72
116165,1055,1143,5,5,1,1,900,15780.682794,3777.6
116166,5380,1285,2,1,1,2,2300,6909.1920908,8999.22
116167,5008,1059,2,5,1,3,2250,12294.298081,14225.7
116168,2753,1732,3,1,1,3,700,1898.9973814,18390.62
116169,4888,1024,2,1,1,4,7810,6685.3201599,27424.45
116170,3294,1860,2,1,1,1,3800,4850.7244387,7455.39
116171,4325,1109,5,1,1,2,1100,10087.473457,4939.1
116172,4200,1314,2,5,1,2,1010,4871.0527541,9993.28
116173,4175,1288,3,1,1,4,1250,2527.8105697,9939.24
116174,7414,277,2,1,1,1,3370,1827.4689267,11080.98
116175,5068,133,1,5,1,2,680,5051.1102915,14573.31
116176,6024,755,2,3,1,3,1850,3264.2617625,12184.76
116177,4919,1140,2,5,1,2,2070,5542.3735693,27113.26
116178,4941,1174,5,5,1,1,450,12363.869143,4292.22
116179,1240,3320,2,5,1,2,2000,9895.498532,9756.69
116180,3244,1890,2,1,1,2,1900,5566.2671342,7973.63
116181,755,1947,5,5,1,2,700,12025.705692,3380.05
116182,6848,708,2,2,0,2,1500,1765.9505942,2688.55
116183,4230,1362,2,2,1,2,1540,11073.811004,4295.25
116184,7321,520,2,2,0,2,2250,11064.166415,4431.78
116185,6450,566,2,1,1,2,1150,3940.2918199,6795.76
116186,3111,1544,2,1,0,1,2850,10068.98347,1702.71
116187,4165,1438,4,5,1,2,600,12269.45959,11712.57
116188,6927,596,1,1,1,1,700,7892.936499,6487.7
116189,4600,281,2,1,1,2,2100,5002.3180457,6865.03
116190,163,4510,3,5,1,4,1700,7715.1534606,7447.45
116191,6062,838,2,5,0,3,2490,4287.9253738,11706.96
116192,2834,1638,2,1,1,1,1800,7577.3478119,9995.34
116193,5109,1038,2,5,1,2,1400,5038.7856533,15331.75
116194,5841,707,2,2,1,1,4000,2410.4652916,7526.27
116195,5568,973,2,1,1,4,2000,6112.8914376,5331.82
116196,310,4734,2,5,1,1,1500,10942.219264,8451.49
116197,6679,954,5,1,1,1,900,7210.0282357,3167.81
116198,2597,1764,3,1,1,1,480,4410.2880189,6095.06
116199,1168,2921,5,5,1,1,1560,13772.698677,5252.82
116200,5535,893,2,7,1,2,3000,7530.9293112,10822.64
116201,5535,950,2,1,1,1,2000,4480.1336366,6190.51
116202,5415,690,2,3,1,4,4800,3448.4029564,11511.99
116203,5517,1225,2,1,1,2,1380,11849.961644,4387.66
116204,2141,2356,2,5,1,1,3000,8517.0516407,19261.99
116205,897,5301,2,1,1,3,1640,4148.9148166,9597.13
116206,4742,1047,2,1,1,3,3200,5706.5879198,7605.61
116207,2757,1618,2,1,1,6,2520,11448.209678,18972.81
116208,10794,1,4,1,1,2,950,1197.5570464,6769.01
116209,8000,629,2,1,1,2,4500,841.60592797,15854.42
116210,5065,1060,2,1,1,4,1900,2008.5488169,8576.04
116211,4279,1125,2,1,1,4,3230,4892.545599,14077.96
116212,6862,531,2,1,1,2,3700,1013.7317182,10145.98
116213,4469,1203,5,1,1,6,1800,6533.2519727,11141.64
116214,736,3662,2,5,1,3,1600,5805.1362784,7714.41
116215,2558,1798,2,1,1,2,3700,7256.0078358,4774.26
116216,6908,411,2,3,1,1,1950,2721.0810768,3780.11
116217,3171,1574,2,2,1,1,3000,8903.168277,12887.59
116218,8165,559,2,1,1,1,1350,1186.9270361,4775.34
116219,1085,2950,2,1,1,2,4950,5197.1968153,22863.51
116220,3320,1232,2,5,1,4,3350,7579.1329793,19449.39
116221,5331,1027,2,1,1,2,850,8200.899123,6253.94
116222,3641,1466,2,5,1,2,4400,2878.324605,24394.21
116223,4641,1081,2,3,1,4,1200,5130.1247951,20547.09
116224,3603,1354,2,7,1,1,1910,3719.3759295,4591.9
116225,5015,774,2,7,0,2,1200,6495.7110198,13335.52
116226,2209,2114,2,5,1,2,1850,7798.8361461,10338.51
116227,5071,1029,2,5,1,4,2800,7049.6003932,36924.63
116228,5470,962,2,2,1,2,2630,16780.300818,11889.68
116229,4761,1110,5,1,1,4,1460,11565.986822,8528.64
116230,10610,2,3,1,0,3,1800,513.09341602,5906.36
116231,716,3532,2,5,1,2,1600,12713.2662,14766.79
116232,3344,1709,3,1,1,1,1120,1236.5159083,6909.29
116233,3739,1522,2,1,1,2,3000,6871.6630751,12859.19
116234,5955,825,2,1,1,4,2450,4401.0623675,11003.73
116235,7166,826,3,1,1,1,2300,4808.5459334,6713.02
116236,2892,1583,2,5,1,2,7050,7161.081308,453.83
116237,1991,2237,2,5,1,4,6260,5792.8867402,27515.02
116238,6717,489,2,1,1,3,2400,2230.328483,14420.15
116239,4787,1208,2,1,1,2,670,7480.6071037,4790.36
116240,6000,1103,2,1,1,5,1510,3361.643241,17058.62
116241,1139,2992,4,-2,1,2,1750,5171.9560594,10068.85
116242,4219,1307,2,1,1,3,2250,5857.4677686,7039.88
116243,4315,1300,2,1,1,2,3130,6381.1465754,14956.55
116244,5566,985,5,5,1,4,600,7102.411531,2494.35
116245,1901,2784,2,1,1,1,3100,7719.5688554,5914.0
116246,2239,2418,2,1,1,4,3000,7537.7549231,16034.75
116247,5572,1199,5,1,0,1,1100,10455.210099,2675.78
116248,2068,2607,1,1,1,1,400,15417.758917,2998.6
116249,5513,997,2,5,1,3,2400,12043.439247,31112.85
116250,4811,983,2,1,1,3,6400,7839.8684419,12351.56
116251,4183,1271,2,1,1,2,6340,2122.8651675,10248.19
116252,5050,1226,2,1,1,1,2050,5169.0161999,4590.45
116253,10577,1,2,1,0,1,4200,1105.6269143,13339.53
116254,3853,1194,1,5,1,1,1010,5495.6985109,12368.23
116255,6175,327,5,5,1,4,3200,6084.0625065,35314.85
116256,993,1047,5,5,0,1,1200,13781.133127,3478.24
116257,1255,2644,2,5,1,2,2000,5061.2371849,14335.65
116258,8202,245,2,7,1,2,1600,3377.4652508,6021.88
116259,3328,1553,2,5,1,5,2260,6040.6511787,18975.41
116260,2213,2117,2,5,1,1,1170,10918.470671,11695.55
116261,6531,552,4,1,1,1,1100,7382.0676606,6191.12
116262,2385,1329,2,1,1,5,2580,9672.0438897,5954.46
116263,3036,2386,2,5,1,2,1320,3969.8398753,10103.56
116264,6374,736,2,1,1,4,1980,8400.393817,14636.27
116265,7844,383,2,3,1,1,1700,2565.7384308,11054.32
116266,8287,0,2,3,0,2,2750,794.26150082,7284.14
116267,5537,860,2,1,1,4,2550,4283.481539,4116.1
116268,3036,2386,3,5,1,4,950,1845.9758324,13218.41
116269,4400,1128,5,5,1,1,750,9215.1468073,5800.25
116270,1088,907,3,1,1,3,1650,4882.824223,6727.43
116271,5877,899,2,3,1,3,4400,3294.6288628,19391.95
116272,2095,1989,3,1,1,2,1750,6202.1670328,11086.73
116273,4299,269,2,5,0,2,700,7044.6919188,5086.27
116274,4187,1200,3,5,1,3,1250,4735.8687137,5978.9
116275,3564,1547,2,5,1,1,2050,2469.6193385,14956.61
116276,3894,1389,4,1,1,5,500,1616.813462,5383.41
116277,1170,2915,5,5,1,2,1200,13447.429458,5352.41
116278,2006,2511,2,5,1,2,4000,9762.8928006,32088.5
116279,4924,1160,2,1,1,3,2100,5496.0280683,27196.28
116280,4196,1337,5,1,1,4,650,12742.134374,7959.03
116281,2789,1822,2,2,1,2,5100,5122.6640583,27333.13
116282,5435,1011,5,5,0,1,700,6916.2787279,10541.73
116283,2733,1871,2,5,1,4,3000,5191.7437794,40712.86
116284,5668,805,2,1,1,4,3000,5185.6303867,13531.79
116285,7356,648,2,1,1,4,1600,6970.235104,5960.15
116286,5901,391,2,2,1,2,4000,3936.1371301,10260.64
116287,5850,1036,2,1,0,1,2240,6232.8696394,2889.52
116288,1218,2013,2,1,1,2,1850,9811.126867,10960.52
116289,2137,2369,5,5,1,2,1010,15221.837519,10296.98
116290,3009,1800,2,5,1,2,1040,4444.48334,10440.96
116291,7262,610,1,3,1,4,1000,1228.5979121,9771.17
116292,5837,794,4,1,1,6,1000,9826.4258749,7454.25
116293,2870,1588,2,5,1,6,1020,9065.4278007,11642.55
116294,4353,1518,4,1,1,2,1020,10094.985318,10902.51
116295,4436,416,2,2,0,2,1050,4602.4606454,8233.3
116296,5225,1128,2,1,1,2,1460,13454.212199,6942.5
116297,9719,355,2,1,1,1,2560,847.99347215,7830.9
116298,7231,853,2,5,1,1,6600,4225.7780117,24620.36
116299,552,3691,2,5,1,2,3300,8914.0639618,18592.89
116300,8073,361,4,3,0,1,1700,1444.3627301,6298.92
116301,4726,1393,2,1,1,1,2500,6066.9771092,4249.66
116302,4091,1256,5,5,1,4,750,8084.7877443,8449.97
116303,5225,1012,2,5,1,1,3280,11949.294767,25622.11
116304,5720,1121,2,1,1,2,2100,8124.4088454,8611.22
116305,4226,1368,2,1,1,2,2500,11828.20305,8786.86
116306,7031,1044,2,1,1,4,2000,1716.4594388,10505.59
116307,5328,904,2,1,1,1,1500,8272.0538341,2826.14
116308,373,4320,3,5,1,4,1800,10360.770552,8887.67
116309,3148,1809,2,5,1,1,3200,5379.5466044,18652.77
116310,7146,397,2,1,1,4,3350,2048.9472108,15083.18
116311,3650,1466,2,5,1,2,4030,4230.695985,15419.36
116312,3816,1428,5,1,1,3,970,1635.4268131,4365.52
116313,3171,1591,2,1,1,2,1800,3368.8819332,15181.3
116314,5518,747,2,1,1,2,3100,2069.4359345,10403.62
116315,6913,614,3,1,1,2,3500,771.80684641,5142.7
116316,1138,3017,2,5,1,3,3000,5180.0112181,17168.99
116317,7048,319,2,1,1,7,5490,2123.4515056,36232.21
116318,351,4409,4,-2,1,1,820,11584.387615,8833.43
116319,5314,883,2,1,1,2,2600,6611.6724948,5126.48
116320,4291,1506,2,1,1,2,1800,6875.8306073,6467.46
116321,3338,1712,5,1,1,2,1150,1536.1906099,7340.66
116322,3930,1273,2,7,1,2,1500,4233.0455706,13354.32
116323,4676,1136,2,1,1,2,770,8175.9679461,3320.4
116324,4766,1169,2,5,1,4,4000,7254.5768007,18361.52
116325,5947,962,2,1,1,2,2030,4785.3730507,13715.07
116326,0,4840,2,-2,0,1,2200,1579.8383727,5365.59
116327,2049,3233,2,1,1,3,1200,10460.613797,8034.44
116328,7347,391,2,2,0,4,2630,1432.7445424,9985.98
116329,966,5119,2,5,1,6,2350,8104.7216028,20609.59
116330,5349,927,2,3,1,2,5850,3138.6374884,10462.55
116331,3830,1689,3,1,1,2,900,1613.993723,4751.96
116332,6241,602,4,3,1,4,1330,4383.5692152,11319.76
116333,3938,1560,2,5,1,3,3500,4752.0949621,24700.64
116334,1968,901,5,5,1,2,1050,12038.058515,5949.72
116335,2695,1724,2,1,1,2,1600,10933.982891,8114.76
116336,8671,490,2,5,1,1,2400,951.16102985,32147.55
116337,6662,829,2,1,1,6,3830,625.44293955,4464.98
116338,3819,1696,5,1,1,1,2000,5462.9757142,3278.78
116339,6353,641,2,7,0,2,1650,2148.1569866,4388.17
116340,8361,393,5,5,1,1,540,10007.619128,13172.66
116341,4519,1210,2,1,1,1,1880,5409.946286,2866.03
116342,1169,2823,2,5,1,1,3000,13040.016323,18110.95
116343,876,3661,2,1,1,3,2100,12435.491208,9183.77
116344,1767,4246,5,5,1,2,780,7942.7178304,9272.78
116345,4360,1093,2,5,0,3,3020,6778.2362373,15706.54
116346,6932,584,5,1,1,2,640,9600.3214425,7831.37
116347,789,3780,2,1,1,3,1900,13449.801563,8742.14
116348,4168,1435,2,1,1,1,1220,8220.7270231,6013.89
116349,5911,881,5,5,1,1,700,11552.243894,8165.63
116350,1255,4510,2,-2,1,1,1600,4217.961777,18602.66
116351,5871,999,2,1,1,1,4130,13820.526666,1169.68
116352,1827,2714,2,1,1,1,2500,12137.857699,12826.02
116353,6654,445,2,1,1,5,1600,7053.2176799,14262.68
116354,1780,4222,5,5,1,2,1200,6811.3896843,10230.26
116355,0,4903,5,-2,1,2,980,2003.4842648,2935.92
116356,3413,1622,3,1,1,1,1000,2626.047868,5556.36
116357,2180,1936,3,-2,1,3,700,10212.123012,5339.83
116358,5090,1012,5,5,1,3,1150,7127.8307908,6146.91
116359,6127,1076,5,1,1,1,990,7126.9523347,1920.4
116360,3211,1464,2,1,1,2,2500,10933.982891,7644.23
116361,2271,531,5,-2,1,1,890,11026.701115,3884.79
116362,4305,1198,2,2,1,1,2970,3232.6509891,8348.49
116363,3466,1634,3,5,1,3,2810,4562.0188086,10341.72
116364,908,5277,2,5,1,2,2100,6028.9978778,17831.28
116365,3821,1694,2,1,1,3,1770,3797.0513273,13874.66
116366,2631,1854,2,1,1,1,5500,5517.3077567,5686.95
116367,1775,4230,5,5,1,1,680,8755.3952761,6916.74
116368,5504,981,2,1,1,2,2800,5437.7958809,6746.32
116369,4349,1309,4,5,1,5,750,11145.468894,2708.74
116370,5979,823,2,1,1,2,3040,4572.8306138,15346.35
116371,2542,1776,3,1,1,1,1800,4720.6792629,7203.89
116372,3227,1726,2,1,1,2,1740,6445.2881376,6696.93
116373,7445,388,4,5,1,1,2000,4953.4948019,5572.5
116374,1032,1250,2,1,1,3,1260,11524.956323,5702.39
116375,2028,2511,2,1,1,3,2200,8686.7443234,9212.73
116376,7477,693,2,1,1,1,1800,6824.3761521,7311.54
116377,5303,825,2,3,1,1,4380,4507.2146209,9409.14
116378,8073,356,2,7,0,2,1980,3302.3929676,4871.2
116379,3121,1252,2,2,1,2,2300,8368.3165823,8134.66
116380,5289,690,2,5,1,2,1600,5229.0811252,14804.36
116381,1244,4522,2,5,1,2,800,7118.767193,12361.61
116382,3395,1523,2,2,1,2,1600,6738.2175845,4652.91
116383,3264,1572,1,5,1,3,750,9939.8229397,15864.67
116384,5641,789,2,1,1,4,3130,4516.6004179,8582.52
116385,9077,321,2,1,1,2,3240,6870.8395816,8708.81
116386,1791,4204,3,1,1,2,1000,3374.8482197,7753.57
116387,1764,4251,2,1,1,3,2280,6003.7902393,26009.53
116388,3444,1287,1,5,0,2,1220,10236.00265,13409.84
116389,4184,1271,2,5,0,3,3200,2476.755883,4922.47
116390,10681,1,2,1,0,7,1500,926.66123097,5897.51
116391,2676,1714,3,5,1,1,650,6970.4192807,5213.13
116392,10973,2,2,1,0,4,2000,676.26500375,3806.2
116393,3575,1627,2,5,1,1,3000,2986.935421,13291.03
116394,4752,1114,2,1,1,2,3000,9246.752969,13589.48
116395,885,5332,5,5,1,2,1400,7178.0075384,10059.64
116396,8692,652,1,5,1,3,1280,1010.3979789,26736.08
116397,763,1994,5,1,1,2,1000,13472.784882,3785.64
116398,3336,1712,3,5,1,2,1630,1034.4806737,8286.37
116399,2860,1722,2,2,1,1,1410,4210.9914878,4313.59
116400,103,4871,2,5,1,1,870,14398.598684,13953.86
116401,1255,2793,2,-2,1,4,1800,5449.1793039,34052.66
116402,6475,762,2,1,1,1,1410,2091.9063293,5206.75
116403,106,4684,2,5,1,2,4200,15473.404922,34399.0
116404,4736,1002,5,3,1,2,650,9824.6738857,2672.48
116405,3025,1884,2,5,1,2,1700,5868.3318805,18783.95
116406,4614,1061,2,1,1,3,3630,5375.8393813,10358.48
116407,1299,2659,2,5,1,2,1400,5875.2465682,13392.71
116408,3365,1551,2,5,1,4,1020,7631.6998649,10062.5
116409,992,1321,1,1,1,1,970,11559.707523,3931.61
116410,4563,185,2,1,0,2,1710,4792.3601471,5483.72
116411,5625,1004,2,1,1,2,1500,7006.1290656,6978.71
116412,1771,2343,2,5,1,3,5700,8703.4283729,35864.01
116413,6048,937,2,1,0,3,1500,3608.1616258,9446.55
116414,4564,1176,2,1,1,6,2000,2931.8952419,22758.4
116415,4531,1149,2,1,1,1,1550,6703.3670062,4519.88
116416,4354,1299,2,1,1,3,2800,7449.3503423,11194.88
116417,3461,1675,2,5,1,3,1200,3654.0177067,18465.07
116418,113,4865,3,-2,1,2,3000,11090.147801,23650.83
116419,6210,797,2,1,1,2,2160,8329.3864985,5230.68
116420,8677,414,5,5,1,1,700,1253.9674953,2140.79
116421,5961,937,5,5,1,1,1110,10256.322184,5217.4
116422,5273,930,5,1,1,1,1500,4586.1365678,2027.16
116423,3409,1600,2,5,1,3,3800,4708.6632356,32689.23
116424,3748,1361,2,5,1,4,2460,4469.6688043,18833.3
116425,5985,833,2,1,1,1,3500,9023.1790293,7345.53
116426,2582,1773,2,5,1,1,2850,5878.423504,14008.27
116427,7081,640,2,1,1,3,2250,1552.305917,7119.19
116428,3158,1389,2,5,1,2,2400,7168.0406193,7665.07
116429,3772,1429,5,5,1,2,1200,10979.108903,9142.13
116430,8184,316,2,3,0,1,1660,3462.7461834,1456.41
116431,2320,279,5,-2,0,1,800,15615.58044,970.75
116432,3503,1525,2,5,1,1,2640,5316.8592051,12667.95
116433,4328,1622,2,1,1,2,2230,4429.1368707,11180.25
116434,1532,2507,2,5,1,1,2100,4010.6593475,11205.08
116435,4244,1152,2,5,1,4,6730,5556.4754761,44298.78
116436,4826,1032,2,7,1,2,1550,4842.4181447,10484.62
116437,875,5357,4,-2,1,1,1080,8367.813154,6946.8
116438,2631,1743,2,1,1,2,2800,5064.8047944,9219.87
116439,5068,1011,2,1,1,1,3100,8449.3404165,4152.15
116440,10983,2,2,1,0,3,2900,850.45995704,5824.06
116441,4654,170,2,1,1,2,1860,5992.4747957,16682.78
116442,4716,1100,2,1,1,7,900,4056.0788389,8608.67
116443,3648,1281,2,5,1,3,1600,6649.3228756,11484.33
116444,2140,3353,2,5,1,1,1430,5555.2935387,14143.25
116445,3570,1571,3,5,1,4,840,1642.3965217,5913.55
116446,4511,1111,2,1,1,5,3600,2248.6632954,18376.69
116447,6951,620,2,1,1,1,1900,839.72378992,3676.24
116448,4171,1343,3,5,1,3,570,1744.0987249,15104.12
116449,1183,3086,2,5,1,1,1050,10803.426774,11344.14
116450,4413,1283,5,1,1,2,850,10726.305889,3002.61
116451,0,5079,2,-2,1,2,1490,1527.881364,9817.67
116452,1093,3135,2,1,1,3,5800,7057.982132,26480.63
116453,5296,946,2,1,1,2,2360,1936.3532747,7367.57
116454,6670,826,2,2,1,2,2770,863.16363442,6897.43
116455,1749,2297,2,5,1,3,2050,6515.6661791,4671.75
116456,5457,824,2,3,1,2,1880,3908.9941044,9286.54
116457,2315,2051,2,5,1,1,1300,4363.4221957,11706.64
116458,2713,1680,2,1,1,4,3130,6736.2308623,15622.88
116459,954,3017,2,1,1,2,1800,8631.7787561,8046.47
116460,3337,1712,3,1,1,2,1530,960.43060071,9572.08
116461,2775,1656,2,5,1,2,3200,6399.054537,18369.53
116462,8639,292,2,3,1,3,2800,992.99495996,7642.7
116463,4404,1272,2,5,1,1,3060,7676.1729818,17377.53
116464,2930,1860,2,1,1,2,1400,3805.3230861,10581.48
116465,4939,913,2,2,1,2,1500,4749.659539,9770.66
116466,2774,1632,2,1,1,4,1850,9799.8776387,10739.73
116467,6974,753,2,2,1,1,3400,3904.5081502,10973.39
116468,3888,1481,2,5,1,1,1770,6267.242139,15910.38
116469,4203,1362,5,1,1,2,900,11899.232482,5795.32
116470,4484,1308,3,1,1,2,1750,2984.7365096,9342.37
116471,1963,2679,2,5,1,2,1730,6873.5729785,24361.87
116472,175,4496,5,5,1,2,2900,19182.418709,12049.86
116473,1160,2730,2,5,1,6,2210,5798.1832656,25846.28
116474,5542,1627,3,1,1,4,1450,3739.2928807,9765.86
116475,5282,894,2,1,0,2,3750,17393.54129,749.28
116476,4723,13,2,7,0,2,1580,6786.6716797,10176.18
116477,4801,1118,2,1,1,2,3000,8761.0077396,31012.09
116478,5212,1319,5,5,1,1,530,7193.1253578,5948.24
116479,3869,1081,3,5,1,3,930,2341.047442,8729.14
116480,0,3993,2,-2,1,3,2700,1480.9899928,12016.13
116481,5019,1029,2,1,1,1,2450,7938.8549142,5370.34
116482,5367,961,2,1,1,2,640,11275.598429,4204.32
116483,3126,2190,2,1,1,4,5100,4750.276072,18002.25
116484,5890,708,2,5,1,2,1800,10360.198598,17671.49
116485,4430,1255,2,5,1,2,3150,5125.4904238,14537.95
116486,4193,1016,2,5,1,3,5400,6347.8203782,33720.42
116487,3832,1203,5,5,1,2,1200,11916.334716,7070.83
116488,1033,1018,2,1,1,4,3340,14982.89607,6179.05
116489,629,5096,3,1,1,2,1520,8566.7002471,8632.21
116490,3717,1436,2,5,1,2,3000,3669.0078994,33369.24
116491,4892,1131,3,5,1,1,1500,7710.7643561,8656.12
116492,4692,1114,2,1,0,1,1380,6689.8978947,5074.43
116493,3603,1309,2,5,1,3,2100,3796.7804217,26946.42
116494,7679,648,2,5,1,2,1870,6275.5961279,24507.05
116495,6047,838,2,1,0,3,1700,10652.460002,3449.84
116496,5686,890,5,1,1,1,700,9458.1247508,4935.38
116497,1317,2624,2,1,1,4,1700,6726.4332934,23034.32
116498,5223,851,4,1,1,1,750,8507.6155567,2320.38
116499,5354,915,2,1,1,2,2600,4124.7057726,7986.88
116500,6648,981,2,5,1,2,1880,3435.9866282,21461.16
116501,4761,1050,2,1,1,3,3450,6506.2518797,20557.64
116502,1199,2468,2,-2,0,1,1250,10804.377572,4271.83
116503,5887,850,2,1,1,1,3030,4492.9573183,6990.58
116504,6653,979,2,1,1,5,2400,3838.6763401,11498.38
116505,7429,389,4,1,0,4,1300,3980.6238895,10160.13
116506,2719,1704,3,1,1,1,1530,5382.7807435,4245.61
116507,6075,785,2,1,1,7,1630,6056.1981686,12784.81
116508,10977,2,2,1,0,2,2800,846.70558197,4890.34
116509,7207,886,2,1,1,5,3000,6708.4297009,13422.78
116510,1245,2709,2,5,1,5,1980,4677.3107435,22031.63
116511,5527,837,2,2,0,2,2920,9010.4457726,9760.37
116512,5656,882,5,1,1,1,780,5475.0963563,3392.41
116513,7799,392,2,3,0,2,3500,2726.8091253,4618.71
116514,355,4554,2,-2,0,5,620,11139.812192,5292.92
116515,4207,1360,5,5,1,2,500,12159.447044,7039.08
116516,2782,1561,5,5,1,1,1330,11539.082167,7029.99
116517,3065,1890,2,1,1,5,2400,4489.83085,17413.92
116518,4746,1138,2,5,1,2,1030,5629.3291656,16203.45
116519,6189,914,3,1,1,2,3330,3444.188914,5029.21
116520,3490,1546,3,5,1,2,1400,2044.5569311,13715.87
116521,3350,1696,2,1,1,2,3200,6140.0312607,11346.57
116522,6955,433,2,2,0,2,2800,5726.4945871,7185.72
116523,7106,342,2,3,1,1,1680,7391.6031063,2476.42
116524,1055,2061,3,1,1,1,400,6301.4956892,2256.01
116525,5826,1301,2,1,1,5,1680,6753.3042787,10501.59
116526,4701,168,2,5,0,1,900,6026.5463185,7595.44
116527,7390,254,2,1,1,1,1940,2157.7985919,2625.07
116528,3336,1712,5,5,1,1,580,1512.0330188,4099.15
116529,5796,1060,4,1,1,4,1000,11241.613631,4086.51
116530,6064,750,2,3,1,4,1800,3145.7982657,6393.45
116531,5617,1190,2,1,1,1,1840,7504.5985171,18092.75
116532,367,4373,5,-2,1,2,1400,20555.175447,4928.36
116533,5232,936,5,1,1,1,780,2943.7989766,2123.79
116534,4786,1180,2,1,1,2,1180,8413.9150817,3899.84
116535,7578,483,2,2,0,1,2400,874.47518734,2726.06
116536,5629,790,4,5,1,2,650,7204.355398,6157.15
116537,4553,1042,5,1,1,1,850,9914.4903639,4432.65
116538,7538,476,2,2,1,2,3500,868.20622967,11256.11
116539,5380,887,3,1,1,1,2200,2432.8375965,2899.08
116540,3560,1529,2,5,1,4,1100,2493.1316392,18166.18
116541,1164,3151,2,5,1,2,1100,9120.1766542,17542.55
116542,2363,1913,1,5,1,1,720,9268.405731,16431.21
116543,1452,2556,2,5,1,1,1980,5122.6640583,11256.52
116544,796,3785,3,1,1,1,1340,4278.7964575,9903.31
116545,4208,1370,5,1,1,1,700,11098.219003,4957.36
116546,3331,1715,5,5,1,2,840,1462.8050389,4878.8
116547,7388,638,2,1,1,1,750,6907.2399287,3980.2
116548,6508,953,5,5,1,1,750,9313.5955571,6840.87
116549,4437,1419,2,1,1,2,2450,6822.1086693,11269.8
116550,4025,1498,2,1,1,2,1390,5523.2031111,6064.08
116551,2828,2003,2,1,1,2,1070,5316.8592051,11235.73
116552,4990,1321,2,1,1,2,1130,5346.7005382,9312.17
116553,4945,1163,3,1,1,2,600,2831.4341737,6894.77
116554,6092,1103,2,1,1,2,1710,3539.1093281,6737.09
116555,4726,1302,2,5,1,1,2000,5060.2992266,22016.69
116556,1683,1753,2,1,1,4,2750,10497.231023,15507.53
116557,3028,1507,2,5,1,3,2700,8444.6949768,20973.7
116558,303,4416,2,5,1,2,1150,12591.273884,7178.62
116559,737,3659,2,1,1,4,1500,5989.489336,26455.24
116560,6629,612,1,1,1,2,2000,7379.5966597,4529.51
116561,3890,1427,2,5,1,7,2700,3243.459065,24076.22
116562,4353,263,3,5,1,3,1240,4483.5341155,11365.69
116563,6396,615,2,5,1,4,3350,4886.4572433,11694.25
116564,2538,1785,2,1,1,2,3870,7011.4472029,11611.58
116565,4096,461,5,5,1,1,900,9032.1912086,4021.71
116566,1237,4541,4,5,1,6,1010,10806.44905,10398.41
116567,5643,1084,2,1,1,1,1700,3801.9343809,7757.34
116568,750,3620,2,1,1,1,2400,5094.1513131,18243.11
116569,5300,929,3,1,1,1,2400,2128.8155594,5813.35
116570,4684,147,2,1,0,1,2210,5907.630901,16950.98
116571,6018,340,1,7,0,2,450,6433.788232,8857.14
116572,4998,860,2,7,1,2,840,3290.2393681,14770.75
116573,1774,2543,2,1,1,1,1500,5610.7513209,5907.2
116574,4242,1329,2,1,1,4,1730,6617.9067537,8660.72
116575,5101,1149,5,5,1,1,1800,10996.099171,10060.95
116576,2854,1891,2,1,1,3,910,8130.4541672,9344.79
116577,5487,1234,3,1,1,4,3500,4283.2810262,9854.59
116578,6152,276,2,1,1,2,3460,2249.0077565,9920.97
116579,5247,909,5,1,1,2,1500,3090.6807248,4833.28
116580,5727,811,3,3,1,1,2250,2313.8814467,12591.35
116581,522,3559,3,5,1,1,1800,7073.3508101,14342.29
116582,3152,2119,2,1,1,1,1130,7227.0795791,8854.35
116583,6148,278,2,1,1,2,980,2313.7076215,10713.38
116584,1264,4483,1,5,1,2,450,4781.3889712,6895.85
116585,6699,796,5,1,1,2,1000,1168.3908376,6136.49
116586,5489,824,3,5,0,1,940,7180.6213631,5994.54
116587,6192,564,2,3,0,2,1080,2499.0528467,5236.18
116588,1782,4219,5,5,1,7,1140,8047.0645141,18413.53
116589,4776,1026,3,1,1,2,1500,3343.4990379,4805.21
116590,4182,1273,2,1,1,2,3250,2142.3175596,7625.38
116591,5065,1059,2,1,1,1,800,1858.9870158,6693.73
116592,4765,1234,2,5,1,2,2300,7167.5200324,22304.61
116593,1748,2297,2,5,1,2,1440,5872.7147441,8457.17
116594,4803,1105,2,5,1,2,2070,4531.1710037,6112.1
116595,1286,2632,2,5,1,4,2300,4941.2795307,23912.05
116596,6691,819,2,1,1,2,1920,840.96372133,5300.93
116597,3620,1553,5,1,1,2,680,1640.1090404,5878.35
116598,515,3856,2,5,1,5,3760,9359.3295439,28267.82
116599,2,2327,2,-2,1,4,1050,1420.1387534,5055.64
116600,6142,828,5,1,1,1,750,3939.4676093,6042.72
116601,8702,653,2,1,1,2,3900,783.55519418,12775.42
116602,3549,1638,2,5,1,2,1900,3447.9766938,23356.86
116603,1831,2855,2,5,1,4,2880,8690.092705,13314.65
116604,5659,783,2,1,0,1,530,6613.6077529,2916.6
116605,6328,972,2,1,1,2,3700,2932.2413429,9917.09
116606,5832,916,2,1,1,4,900,16901.078608,4766.92
116607,7154,527,2,3,1,3,1000,2716.8136298,10164.53
116608,5008,1061,4,1,0,2,2000,10762.69123,5152.33
116609,4490,1220,5,1,1,1,850,11367.508889,2751.9
116610,1296,2807,2,5,1,1,1420,10386.180445,12252.13
116611,5364,851,2,1,1,2,4590,5002.5456454,19152.95
116612,1726,2459,2,1,1,2,1400,5650.6054439,16431.55
116613,5086,1158,3,1,1,2,3830,2587.2472661,10593.25
116614,5592,818,2,3,1,4,4600,6071.0528526,17501.92
116615,5180,1269,2,1,1,2,1940,9300.6996724,9966.25
116616,7898,375,2,7,0,3,1600,1011.2051995,2692.14
116617,1767,4247,2,1,1,2,2700,4059.5962999,23070.02
116618,5044,1599,5,1,1,1,600,9075.390175,484.57
116619,3884,1071,2,5,1,4,1580,4278.9495902,18667.36
116620,968,5115,2,5,1,4,4000,4182.548179,25258.77
116621,6461,442,2,7,1,3,2200,4247.3450851,27802.49
116622,8703,650,3,1,1,2,3760,521.03666865,9942.61
116623,4616,1127,2,5,1,2,1530,3463.8667841,13078.93
116624,3192,2023,2,1,1,2,1020,5981.6749739,5451.73
116625,4179,1326,5,1,1,2,1150,11375.386126,4093.31
116626,5996,1171,5,1,1,1,1400,7650.4123096,5047.32
116627,7536,323,5,5,1,1,900,10410.370681,6864.56
116628,419,3832,2,5,1,6,1000,16744.218033,19306.43
116629,5930,630,2,3,1,2,1800,9929.5192638,10638.14
116630,6259,895,5,1,1,1,800,8454.8773446,2828.85
116631,1156,3313,2,1,1,2,5700,8416.9673385,13733.96
116632,3691,1469,2,1,1,2,1950,3909.0353854,8570.61
116633,5023,1000,3,1,1,1,1200,7334.8354948,4355.93
116634,6493,580,2,3,1,2,3600,941.1299543,9203.3
116635,1296,877,2,1,1,5,3800,9980.0315341,5943.76
116636,6145,747,2,1,1,2,2570,5532.1282016,12551.53
116637,6075,810,2,1,1,2,2700,4952.5270712,26502.9
116638,331,4426,2,-2,1,4,2420,8276.4612519,11889.43
116639,506,3900,2,5,1,3,1300,9579.6825123,13773.02
116640,3207,1490,2,5,1,2,2150,7289.0993593,10179.45
116641,4321,1202,2,1,1,4,2380,10161.059599,12642.17
116642,5560,938,2,3,1,2,2630,7859.8228212,9497.21
116643,5547,1213,5,1,1,1,900,11475.209589,3442.81
116644,3789,1409,2,5,1,3,1480,4906.7964273,20151.45
116645,5905,847,4,5,1,1,1000,16198.25071,7895.55
116646,9187,446,5,3,1,1,1100,1128.1675874,2184.26
116647,3437,1973,2,5,1,1,1880,12369.81763,22094.01
116648,6696,647,2,1,1,2,3200,6819.8679244,15572.43
116649,328,4419,2,5,1,2,2650,9264.1843192,14806.76
116650,1220,3209,2,1,1,1,2200,6678.8037018,9904.0
116651,4578,1184,3,1,1,2,2800,10146.372777,19015.98
116652,6199,732,2,1,1,3,2130,6240.1750033,11244.35
116653,3335,1713,5,5,1,1,750,1905.4066629,4332.4
116654,3903,1216,2,1,1,2,2000,3543.7866902,8570.37
116655,488,3631,2,-2,1,5,2200,7515.0858143,20818.84
116656,7542,514,2,2,0,4,2400,10058.33785,10781.67
116657,5540,1217,2,1,1,3,2100,11824.295727,9673.12
116658,6889,756,2,3,1,2,2000,886.52250724,4055.49
116659,4183,1207,2,2,1,2,4500,5673.3272483,22526.45
116660,3097,1818,1,-2,1,1,320,7153.0344403,12860.78
116661,5290,946,3,1,1,2,2200,1378.9293019,6499.13
116662,5340,828,2,1,1,3,2380,2069.4359345,14244.29
116663,6638,522,4,5,0,2,1050,4472.5055461,9884.8
116664,4956,1078,2,1,1,2,1300,8393.3144524,6057.56
116665,2569,1769,2,5,1,2,5000,5313.8656262,19706.77
116666,3804,1405,2,1,0,2,1050,4723.1640555,7207.04
116667,4972,981,5,5,0,2,650,13268.195491,6566.57
116668,1571,2443,2,5,1,1,5800,6907.9879682,30280.63
116669,0,5008,3,5,1,4,1200,1262.7665678,5400.06
116670,3765,1543,3,5,1,5,1200,4206.3895055,12586.22
116671,4542,1271,2,5,1,2,3200,4673.925992,18099.71
116672,327,4346,2,5,1,2,2800,14440.684221,15238.09
116673,1174,3116,2,5,1,5,1900,7236.7740538,26365.18
116674,3949,1478,2,1,1,1,2000,3209.6688371,11370.02
116675,1195,3103,2,5,1,4,2100,4333.3253287,16851.43
116676,5237,925,2,1,0,2,2200,3641.8170022,7518.0
116677,10505,6,2,1,0,2,1840,660.42108167,3209.47
116678,3811,1414,2,5,1,2,2260,8460.8000674,15057.75
116679,5476,1031,2,1,1,2,1700,17259.090663,6581.3
116680,5281,911,2,3,1,1,870,7645.4834546,5141.98
116681,1168,2082,3,1,1,2,1400,4576.6580611,6483.38
116682,4775,1141,2,1,1,3,4650,5043.1724376,10801.1
116683,3805,1199,2,1,1,2,3300,4812.9768324,6684.03
116684,1900,1984,2,1,1,5,1010,14554.796321,6631.68
116685,6975,665,2,1,1,4,2330,5851.0896413,14465.25
116686,5031,771,2,1,1,2,5030,3764.9028653,9803.17
116687,3752,928,2,1,1,3,1980,8347.5855559,12234.78
116688,3672,1658,2,5,1,2,1200,3324.3208503,4142.38
116689,4729,1091,1,7,0,6,1840,5587.7882271,7053.54
116690,4640,1151,2,2,1,2,3820,8939.7223901,11524.36
116691,3948,1511,2,1,1,4,830,4552.6478806,12624.6
116692,4885,232,2,5,1,4,3250,4690.356039,19371.77
116693,5328,1297,2,1,1,2,1200,4037.5462861,3910.1
116694,5624,1005,2,1,1,4,1680,7380.4576829,10494.8
116695,0,5035,3,-2,1,3,860,1299.1131024,5089.87
116696,5114,949,2,1,1,1,980,1786.58481,1696.82
116697,3841,1240,2,2,1,2,3800,6267.7775061,9748.2
116698,6814,667,2,1,1,1,2690,5744.7649516,6106.38
116699,6897,215,2,1,1,1,3450,4870.1744592,13656.4
116700,4583,996,2,1,1,1,1000,3811.0209472,4458.01
116701,4894,1019,2,1,1,2,4880,4149.4192014,14865.89
116702,5906,894,5,1,1,1,480,5894.3135328,2082.08
116703,1809,2253,2,5,1,2,650,9756.1860266,15939.06
116704,2390,1796,2,5,1,4,2000,7491.21092,23118.35
116705,4893,228,2,5,1,6,1000,5850.3440598,31875.14
116706,5138,1020,2,2,1,1,3000,11084.005108,6793.04
116707,6032,791,2,1,1,2,1750,4692.4976397,5607.78
116708,813,3750,5,-2,1,1,800,12367.353972,4575.74
116709,2867,1628,3,1,1,2,2090,4216.2650432,13205.32
116710,3324,1623,2,5,1,5,2500,5231.18142,14330.74
116711,7440,387,4,1,0,3,1730,4536.3724589,3599.88
116712,2620,1704,2,5,1,1,1900,11714.622413,12836.05
116713,4860,1116,2,1,1,1,2600,7103.3049026,15280.67
116714,5112,1071,5,5,1,1,640,11456.425091,4659.43
116715,5751,511,2,1,1,2,2510,5961.0982803,13777.57
116716,6132,828,2,1,1,2,2000,2504.6209671,7520.82
116717,1135,2954,2,1,1,5,1120,5487.5572171,13837.18
116718,7447,850,2,5,1,1,1400,2123.3721287,15530.3
116719,2551,1787,2,5,1,3,2000,6337.9773134,12445.39
116720,6209,1026,2,1,1,2,3380,3619.2305381,7382.25
116721,10604,1,2,1,0,1,980,803.19844561,4752.32
116722,3863,1607,2,1,1,2,1800,3787.0459108,8041.05
116723,8177,586,5,5,1,1,850,1717.9560338,11936.19
116724,4183,1353,3,3,1,4,800,10676.338175,2951.33
116725,4208,1183,3,1,1,2,1430,3524.0427405,5055.11
116726,5697,878,2,1,1,1,990,5968.1060247,5898.18
116727,4949,948,2,1,1,1,1230,5800.1242503,3546.06
116728,5482,1060,5,5,1,3,1200,7189.7923646,8035.38
116729,0,5057,5,-2,0,3,1000,2159.8994588,23286.36
116730,2895,1484,2,5,1,4,1900,7420.8030533,21198.41
116731,2275,2125,2,1,1,3,1500,5174.5445179,10379.22
116732,4183,1271,2,1,1,4,3230,1998.3372637,7337.47
116733,2928,2262,5,5,1,1,680,16884.842668,4770.9
116734,308,4465,2,1,1,2,1900,10323.676625,24084.16
116735,2779,2003,2,1,1,3,1900,6687.2527156,11664.55
116736,7276,664,2,1,1,2,2000,1203.1693229,9577.55
116737,6573,689,2,1,1,1,2700,8983.5957414,4572.91
116738,2857,1487,2,1,1,5,3280,6222.2466907,16530.52
116739,1087,2947,2,5,1,2,700,5073.1010727,18361.91
116740,3336,1416,1,5,1,4,1600,7508.3530674,21431.73
116741,3869,1276,3,5,1,2,1540,1617.5153004,12299.21
116742,4618,1199,2,1,1,2,2920,6764.0995917,10990.51
116743,6212,579,2,3,0,2,2410,2419.5150684,4659.89
116744,1974,2130,2,5,1,2,1700,8495.1857893,17759.27
116745,4211,305,2,1,1,2,2350,4729.7371049,5544.89
116746,6848,718,2,1,1,2,3150,5763.9505884,8180.14
116747,5296,898,3,1,1,2,2000,2432.8375965,5470.63
116748,877,5350,3,5,1,3,1100,1891.74991,16222.9
116749,4202,1356,5,3,1,2,850,11958.413986,2195.31
116750,4302,1294,2,1,1,3,2400,4617.1337929,7076.99
116751,876,5351,2,5,1,2,2800,5695.9424483,27479.22
116752,3436,1516,2,2,1,4,640,4455.9771729,5551.08
116753,4827,960,2,1,1,2,3460,10627.150932,17140.47
116754,5558,882,2,1,1,4,1940,4869.9707412,10667.17
116755,5071,1054,2,1,1,2,2900,2201.1474337,2574.74
116756,5055,985,2,1,1,2,1400,10711.606685,6323.98
116757,5067,1056,2,1,1,2,800,2421.6439095,10374.68
116758,2468,1973,2,1,1,6,4030,10157.598984,17681.43
116759,4969,938,2,5,1,2,4600,3144.6523597,26477.53
116760,6213,800,2,1,1,3,1700,8689.3101156,2132.45
116761,5390,872,1,3,1,1,970,4596.4964548,3574.85
116762,4984,1032,2,1,1,4,3150,4907.5133211,7575.71
116763,5422,1190,5,1,1,2,530,7329.4809332,1419.25
116764,4924,1018,2,5,1,3,3650,6685.1230789,15020.0
116765,1017,1199,3,1,1,4,1100,9779.5917852,5180.03
116766,2940,1480,1,5,1,3,1700,7503.9568858,17875.35
116767,7694,275,2,1,0,2,2400,6471.4618899,7209.13
116768,4201,1352,5,3,1,2,980,11830.931495,4068.08
116769,3336,1713,3,1,1,1,1250,959.54454889,4531.0
116770,4255,1353,4,1,1,2,1150,12509.101024,4457.79
116771,5930,836,2,1,0,2,3000,4664.8884469,2843.14
116772,880,5345,5,5,1,3,660,9627.626256,1088.03
116773,1865,2266,3,5,1,4,1000,7101.6173093,16021.5
116774,3830,1203,3,1,1,6,1370,8121.8261033,9569.6
116775,4168,1222,5,1,1,1,820,9537.0859277,3269.08
116776,5741,1102,2,1,1,5,4070,6422.4424684,7915.04
116777,6774,616,2,3,1,2,2950,2859.8236097,2082.8
116778,3582,1556,2,1,1,3,3500,5517.3077567,7820.88
116779,5886,714,2,3,1,2,2600,3527.591178,6324.48
116780,4288,1220,2,5,1,2,2080,5998.2973626,18132.5
116781,4457,328,2,1,1,3,1650,5570.723463,3931.37
116782,4311,1050,2,2,1,3,1500,7324.8625023,16841.28
116783,1570,3056,2,2,1,5,3180,7371.9551741,21939.1
116784,7158,703,1,1,1,1,680,4847.1904535,8908.97
116785,3557,1426,2,1,1,5,1850,3253.1792338,6781.47
116786,314,4143,2,5,1,2,930,8657.9555673,20387.53
116787,5288,33,2,5,0,4,1980,7227.8378781,19835.92
116788,9526,0,2,1,0,5,1200,683.70462057,3761.53
116789,4091,1247,2,1,1,2,2000,7210.6486758,6437.38
116790,6945,793,2,2,1,2,1600,4400.3971337,12520.72
116791,6426,787,2,1,1,2,3400,2273.639209,9812.93
116792,6713,560,2,3,1,3,2400,4399.9391929,8705.16
116793,6378,236,2,1,0,2,1600,3671.5998154,12188.56
116794,5501,69,1,1,0,2,1500,6089.0293802,3426.66
116795,5890,741,2,1,1,2,2580,3986.7593884,5258.94
116796,1168,2921,2,1,1,1,1030,6617.5280241,11486.57
116797,4736,1379,2,1,1,2,3400,10421.661415,11160.89
116798,3420,1564,2,2,1,1,1500,4539.5844398,11814.84
116799,9356,351,2,1,1,2,1600,7363.3223563,8122.91
116800,5537,1217,4,1,1,2,1700,15069.041064,5587.58
116801,6187,787,2,2,1,4,4240,2544.7503425,18394.77
116802,4580,1279,4,1,1,2,1000,11961.472162,6777.93
116803,1829,2359,1,5,1,2,2680,8926.6754959,20471.91
116804,8105,553,2,2,1,2,3100,6542.5955522,5517.49
116805,4401,1093,2,5,1,2,5400,2701.6411827,27530.72
116806,2714,1888,2,5,1,2,3800,7815.1701496,13638.4
116807,5961,854,2,1,1,4,1800,4286.2644124,9938.32
116808,1247,2321,5,-2,1,1,780,17652.572936,7135.47
116809,5457,1009,2,1,1,1,2180,4218.7398434,11850.34
116810,5222,1112,2,2,1,3,3500,11789.065473,10438.07
116811,1931,2857,1,-2,0,1,620,9576.5251735,465.17
116812,3715,1518,3,1,1,2,2950,3426.002854,11107.99
116813,943,1525,4,5,1,2,900,16868.90128,6718.89
116814,3971,1542,2,1,1,2,2550,8803.2960103,15024.48
116815,4483,1358,2,5,1,2,3160,5934.6699499,12919.83
116816,5274,961,2,1,1,3,3750,8534.9378545,10599.42
116817,4421,1252,3,1,1,4,2200,9707.5483284,11818.75
116818,4755,1194,2,3,1,1,900,7285.7590366,5618.11
116819,3339,1671,5,5,1,1,750,7363.6716864,6774.82
116820,6422,787,2,1,0,2,1800,3095.5858899,7504.77
116821,1179,2864,2,5,1,2,6800,5210.1531905,12708.14
116822,204,4476,3,-2,1,2,1000,10568.359876,8089.29
116823,6900,563,2,3,1,2,1820,3076.9750979,5145.6
116824,6472,720,3,3,1,3,720,3080.7950365,2667.89
116825,1127,3477,2,1,1,5,1910,10778.494889,11644.12
116826,2113,640,5,1,1,1,1110,17308.437749,2449.12
116827,5962,797,2,2,1,4,2400,6712.2618902,13029.32
116828,4191,1337,5,3,1,1,700,13251.767519,1673.8
116829,493,3907,2,5,0,2,2590,13719.781884,8223.1
116830,2319,1871,3,5,1,3,1500,8259.4084148,22254.99
116831,1931,2857,1,5,1,6,2130,11711.537414,23399.36
116832,3194,1846,2,1,1,4,2000,4349.2274625,5173.08
116833,6187,894,2,1,1,2,2000,8964.8008589,7173.65
116834,1036,1010,2,1,1,3,1600,13283.372619,5139.1
116835,5948,964,2,1,1,2,1650,9746.1325083,4585.74
116836,6149,743,2,1,1,2,3070,7743.9229283,9471.72
116837,4574,291,2,5,1,3,1520,4431.5993459,9702.83
116838,4499,1303,2,5,1,5,4200,6739.5782143,28817.98
116839,4069,1283,2,1,1,2,3210,6179.6785284,9588.83
116840,4161,1233,2,1,1,4,3800,4852.3465488,14726.35
116841,1530,3773,5,5,1,2,880,6414.0751696,27270.14
116842,5200,921,2,3,1,3,2380,4573.6184049,13223.51
116843,1071,942,4,5,1,2,600,19691.290505,4642.24
116844,5245,1516,1,5,1,1,350,5738.4403452,6896.29
116845,6039,226,2,5,0,1,1160,4523.5170808,7956.69
116846,1875,2599,2,5,1,2,2100,11268.138117,27405.77
116847,1789,4208,5,1,1,1,830,7697.0999442,7907.49
116848,6232,1050,2,1,1,2,2710,3139.8598733,14518.75
116849,3252,1848,5,5,1,1,430,12314.024427,5027.93
116850,5664,829,2,5,1,2,1600,6106.2355458,21623.14
116851,6262,616,3,3,1,2,3150,1759.4839128,13911.02
116852,1250,4536,2,1,1,4,1320,5178.2905484,13721.3
116853,4654,1302,2,5,1,3,1570,7253.8312316,24955.2
116854,9748,385,2,5,1,3,2400,859.41347373,19900.39
116855,6807,133,3,1,1,1,500,3824.0825566,4336.63
116856,6590,561,4,5,0,2,1100,13397.608954,24896.63
116857,4840,951,2,3,1,2,2800,8060.4720008,14178.04
116858,3149,1488,2,3,1,2,2400,7696.0836537,13426.61
116859,6124,902,2,1,1,1,1350,5623.5833147,3717.98
116860,5341,1148,2,1,1,4,2250,5960.9057364,6281.39
116861,4569,1429,2,1,1,3,1250,5398.2843582,13512.59
116862,2850,1595,3,5,1,2,700,5767.5518978,4173.22
116863,9084,582,2,2,1,2,8830,899.44529162,280.56
116864,6360,782,2,3,1,1,1470,865.77743406,3639.38
116865,7388,556,1,2,1,3,980,6641.1839837,10236.01
116866,5318,885,2,7,1,2,1000,4954.4795043,5032.44
116867,6112,817,2,3,0,1,2600,5168.1377196,4012.42
116868,5525,1223,3,1,1,1,1520,5749.5648684,6586.87
116869,1035,3145,2,5,1,1,1800,5623.8407895,10371.04
116870,1775,2543,2,5,1,4,4700,4898.8247948,35258.05
116871,4600,1253,3,5,1,1,1400,4827.9042872,11895.16
116872,6836,656,5,5,1,2,720,6801.0491282,5650.33
116873,4312,1303,5,5,1,1,800,9689.1386583,4535.52
116874,6234,777,5,1,1,1,340,10749.718342,1557.03
116875,4199,1366,4,1,1,2,800,13415.333905,3827.89
116876,5006,1129,2,1,1,4,1150,12450.069168,5458.88
116877,2638,1825,2,5,1,4,1440,7433.0767322,15820.13
116878,2660,1701,2,1,1,4,1800,10055.849372,10432.01
116879,7999,630,3,5,1,3,2480,547.85604479,14558.18
116880,7018,539,2,3,1,2,2000,2416.4317055,10556.0
116881,2210,2479,2,1,1,2,4200,6871.9611933,10080.13
116882,4558,1181,4,5,0,1,650,4626.1850619,8308.04
116883,6644,707,2,1,1,1,2830,6325.7937717,8751.38
116884,7010,542,5,2,1,1,560,4074.1713038,2221.58
116885,5533,1220,2,1,1,3,1370,14027.291633,9855.54
116886,4030,1311,2,5,1,3,1100,3144.6523597,34877.73
116887,4181,1273,2,5,1,2,4000,2718.4716595,14444.04
116888,3405,1526,2,5,1,1,1200,5561.1586432,9886.68
116889,4211,1371,5,1,1,1,900,10940.683231,3355.71
116890,679,3411,2,5,1,2,2420,9120.9892229,10171.66
116891,5377,723,2,1,0,1,1650,6433.4864241,2578.91
116892,4244,1160,2,1,1,5,3710,5984.4127813,10298.29
116893,7167,892,2,1,1,2,1800,6236.6913191,6490.06
116894,7557,808,2,1,1,6,1600,1665.8322315,7937.66
116895,7830,404,2,2,1,2,1400,872.52145759,6131.98
116896,923,1208,3,1,1,2,1800,10482.762551,3055.82
116897,2712,1713,2,5,1,6,3500,5525.4154124,12134.21
116898,5907,802,2,1,1,1,2620,6206.115749,3686.74
116899,2568,1762,5,5,0,1,730,12789.988677,4156.51
116900,0,5057,5,-2,1,6,1100,1619.8015382,4691.61
116901,1733,2455,5,5,0,2,890,8597.5244215,8712.06
116902,3267,1490,2,1,1,3,2900,5773.3177508,19507.2
116903,3620,1274,2,1,1,2,1070,4862.2515299,17102.95
116904,2011,2723,2,1,1,4,1500,12902.813539,7732.09
116905,1253,4510,2,5,1,6,1800,4182.548179,14902.61
116906,2501,1759,2,1,1,2,4000,10698.612436,13046.44
116907,976,3511,4,-2,1,5,1000,12637.106264,10870.01
116908,4862,951,2,1,1,7,2350,8363.5417754,4527.99
116909,8256,268,2,2,1,4,3070,4511.5430818,7123.08
116910,7569,226,4,1,1,1,530,3931.8529367,1715.62
116911,5246,872,2,3,1,4,4500,1774.8423149,8718.5
116912,5197,939,2,1,1,2,3250,2016.4008424,8832.63
116913,3900,1255,5,5,1,1,700,7072.5157207,1352.94
116914,4409,1129,2,1,1,2,5500,3024.6051694,12056.6
116915,8687,654,5,3,1,1,700,1630.8004312,2554.07
116916,2159,1949,2,1,1,2,3620,9865.6567635,22418.51
116917,1726,2458,5,5,1,1,700,11578.823948,9025.92
116918,7784,785,5,1,0,1,600,3730.5505561,1907.83
116919,7532,584,2,1,1,2,1880,6465.4691697,10512.96
116920,1124,929,2,1,1,3,1220,13611.631692,4333.61
116921,4342,1532,4,1,0,3,800,11194.567105,8875.32
116922,0,4916,2,-2,1,2,2300,1270.4882034,4098.42
116923,1010,3311,1,5,1,6,1250,5427.7221652,22821.43
116924,1897,2165,2,5,1,2,5600,7385.9305374,15581.78
116925,6072,818,3,1,1,1,2100,1858.7647255,4371.5
116926,1159,3052,2,5,1,4,1400,12173.809089,23858.54
116927,4841,1165,1,2,1,2,1600,5375.7512758,16733.44
116928,6068,727,2,1,1,4,1130,13207.686023,16693.12
116929,4406,361,2,1,1,2,2050,3921.9807875,5783.12
116930,6105,585,2,2,1,5,2630,7061.0919407,10269.81
116931,2962,1797,1,7,1,3,900,4384.7236686,16532.55
116932,6963,542,2,3,1,3,2190,1111.6655084,5889.82
116933,4411,1135,2,5,1,2,1520,9509.9661315,12409.3
116934,4718,1010,2,1,1,4,3100,3540.2463786,9956.13
116935,10778,1,2,1,0,5,2860,707.28113977,8285.85
116936,2740,1597,2,7,0,3,1600,5628.9282862,12339.71
116937,1767,4247,2,5,1,1,2220,5221.6100849,10745.84
116938,2162,599,5,5,0,5,900,10578.463715,6836.54
116939,1176,3106,2,1,1,4,1600,9151.0859036,9972.32
116940,5189,1128,2,1,1,2,3830,6309.1401117,7614.86
116941,3905,1475,2,3,1,3,2030,6640.7848505,19618.34
116942,3858,1166,1,5,1,1,1300,5938.8741398,18823.6
116943,1930,2856,1,5,1,5,1250,8591.2093578,23118.53
116944,5590,949,2,1,1,2,1400,13057.510278,5634.12
116945,4608,1253,1,5,1,1,2500,10136.238794,27313.46
116946,1573,2700,1,2,1,2,1540,6868.0964469,20673.77
116947,3146,1597,2,5,1,5,1950,3918.3530729,21578.5
116948,5362,888,4,1,0,2,650,7225.6260182,1751.65
116949,1895,2697,2,1,1,2,1300,12369.81763,10321.91
116950,4638,1168,1,1,1,1,800,14055.024641,5337.41
116951,2058,2431,5,5,1,3,730,17079.862436,10481.13
116952,5628,1154,2,1,1,5,3700,6365.405438,9269.17
116953,1373,3022,2,5,1,1,1600,8792.2220683,13779.92
116954,6970,233,2,5,1,2,2100,2213.9626757,13113.41
116955,3359,1499,2,5,1,1,1380,5369.8595817,12012.48
116956,7141,650,2,1,0,2,800,1068.9902377,9816.91
116957,3810,1535,2,3,1,1,1930,6572.7101882,12846.13
116958,5488,1229,2,1,1,4,1700,9076.2119294,10696.53
116959,3873,867,2,5,1,2,1530,7131.2043357,16063.77
116960,6874,522,2,1,0,1,2340,1070.1482575,3969.98
116961,5979,844,2,1,1,4,4280,5125.8414193,17631.25
116962,5219,947,2,2,1,3,3600,14423.461279,19519.68
116963,3131,2698,2,1,1,1,760,4562.8297313,6855.85
116964,2703,1637,2,1,1,2,5760,6830.9417922,9837.14
116965,4835,1153,2,5,1,4,2770,7020.8383692,29444.88
116966,3172,1308,2,7,1,3,1950,10518.239813,5580.72
116967,4801,1125,4,1,1,3,1000,8402.1519794,3132.41
116968,843,3678,2,1,1,4,2360,8338.5456889,13979.13
116969,4160,1335,1,1,1,1,1840,4809.2753596,13257.01
116970,6391,608,2,3,1,2,3600,3923.6800373,11429.24
116971,7100,891,5,1,1,1,800,11716.567088,1970.03
116972,7077,637,3,1,1,2,2280,2890.3621098,6283.69
116973,5947,807,2,1,1,4,3500,3684.6695148,6962.37
116974,5289,852,2,5,1,2,3300,14556.253804,36153.63
116975,1863,2161,3,5,1,5,950,4040.2776968,18507.36
116976,2818,1632,2,5,1,4,1200,10792.473744,15595.89
116977,1787,2529,2,1,1,1,2700,4025.5534433,10623.58
116978,2227,2151,2,2,1,1,1500,11975.027437,1697.34
116979,5316,762,2,2,1,3,3000,1190.2422521,7338.91
116980,3511,1325,2,5,1,3,1510,7521.7325019,15957.84
116981,4129,1406,2,5,1,1,5000,6932.4853489,24381.0
116982,2609,1956,3,5,1,1,2250,5846.8328248,9469.56
116983,6168,1022,2,1,1,1,2800,3752.7000905,5050.95
116984,1326,4097,5,5,1,1,340,8147.3755516,5220.4
116985,2952,1977,5,5,1,4,1300,9905.4209992,12479.98
116986,629,5096,2,1,1,5,1830,10117.27975,10173.27
116987,2837,1605,5,-2,1,1,680,10578.718284,4815.04
116988,1080,3001,3,5,1,1,950,2251.90894,5888.43
116989,4528,1183,2,1,1,3,4230,5060.1027971,6286.46
116990,2,2948,2,-2,1,7,2600,1622.4997024,15647.27
116991,142,4583,2,5,1,1,2100,10218.506633,10224.17
116992,3611,1513,5,5,0,1,1100,5346.9806792,5809.57
116993,954,3017,1,5,1,2,900,15409.679136,11210.37
116994,1259,1304,2,1,1,2,610,10633.018876,3973.29
116995,4177,1324,5,1,1,1,640,13023.60859,2222.92
116996,6903,446,2,3,1,3,3830,2237.4747097,6593.48
116997,4272,1355,2,1,1,3,2090,6235.5087677,4364.0
116998,3591,1420,3,5,1,2,840,2341.9804138,6251.08
116999,1936,2339,2,1,1,4,4060,5782.8897447,30575.68
117000,4291,1611,2,1,1,4,1600,7268.0150395,18527.09
117001,1907,2432,2,1,1,2,3200,10818.564731,17782.33
117002,5279,1045,3,1,1,1,1850,2806.9082333,2662.61
117003,5167,1346,2,1,1,3,3000,5977.9062846,4669.66
117004,3432,1583,2,1,1,2,5550,3904.3818159,14869.63
117005,5871,966,2,1,1,1,1530,10838.306629,4187.52
117006,5165,1351,1,1,1,1,980,6753.9420166,7743.07
117007,2164,857,2,1,1,2,2800,7982.0377778,17455.17
117008,1011,5019,5,5,1,1,870,6574.5648292,4251.88
117009,4526,1221,2,3,1,1,2600,6588.6121758,6397.92
117010,1153,1462,2,1,0,2,1400,10273.404347,5139.11
117011,6084,740,2,1,1,4,1600,7022.3665169,10478.88
117012,4045,1165,1,5,1,3,1200,3195.8852945,17598.45
117013,5587,1194,5,1,1,1,900,10323.769407,3732.85
117014,4259,1262,5,1,1,2,370,10941.694346,1611.17
117015,947,5176,4,5,1,2,800,8804.4902043,8877.56
117016,5315,874,2,1,1,3,880,3727.4225723,5940.14
117017,7107,412,2,1,0,1,1900,2267.7660938,2833.44
117018,5511,1247,2,1,1,4,2400,5596.9620735,13564.68
117019,4690,1180,2,1,1,2,3150,5265.8364608,15143.92
117020,4224,1324,5,1,1,1,1150,12031.595971,3880.02
117021,2750,1681,2,5,1,2,1320,6945.4278043,10352.09
117022,2314,2115,1,5,1,5,1410,9615.9871156,24125.71
117023,5990,874,2,2,1,4,3500,12000.085779,14382.18
117024,1848,2841,2,1,1,2,2220,10472.035852,18605.89
117025,2094,2168,1,5,1,1,1450,7198.8981142,18031.68
117026,1790,2307,2,5,1,3,1850,8550.6437054,20872.82
117027,1177,3295,2,5,1,2,2200,7423.5097194,25078.91
117028,3904,1452,2,1,1,1,1900,3570.7738203,7897.62
117029,899,3559,2,5,1,4,3190,8166.7545639,21855.69
117030,3156,1732,2,1,1,6,3300,3210.1081944,10022.73
117031,1170,2795,2,5,1,1,1200,5722.1385362,6992.76
117032,5359,82,2,5,0,2,1200,7538.0175124,16215.08
117033,7351,588,2,1,1,3,1340,974.87679143,6304.54
117034,6670,815,5,1,1,5,1200,1724.8861988,8001.18
117035,2460,1765,2,1,1,1,1030,7845.8347223,10069.31
117036,3245,1423,2,5,1,2,1940,5856.397585,11849.23
117037,1624,2579,2,5,1,4,1600,7649.5316667,15036.74
117038,341,4940,1,1,1,2,1600,16644.472355,28142.65
117039,97,4904,5,-2,1,2,1100,17584.831943,11060.37
117040,133,4649,5,-2,1,2,1170,18209.820974,11138.99
117041,4783,1316,2,1,1,6,730,6230.7479247,7233.63
117042,5538,1026,2,1,1,4,3100,5194.09748,6709.94
117043,3819,1530,4,1,0,3,980,8204.4207528,6715.1
117044,3181,1854,2,1,1,5,1710,6169.5648579,11364.83
117045,6948,750,5,5,1,1,720,7836.0409329,4881.92
117046,8417,506,2,1,1,3,2450,1039.0951724,9035.26
117047,5354,996,2,2,1,2,2550,14716.574312,12447.26
117048,2756,1719,2,1,1,3,1800,8069.5330656,5822.27
117049,5611,1095,2,1,1,2,3150,9809.6080133,9505.06
117050,5517,877,2,1,0,1,1650,6617.9303688,2712.42
117051,6069,827,3,3,1,2,1880,1392.9145374,11223.72
117052,8522,429,2,1,1,2,3330,853.55800653,8202.05
117053,738,158,2,-2,0,1,2200,1366.5676055,3789.02
117054,5517,747,2,1,1,1,1820,2285.7812347,4793.63
117055,5212,861,4,1,1,3,1050,10315.897054,3072.46
117056,1017,1194,2,1,1,2,2500,8742.1192648,8475.31
117057,8003,12,2,1,0,3,2900,3191.699674,3193.18
117058,2605,1733,5,5,1,2,710,9950.2692025,5157.22
117059,4620,983,2,1,1,2,2280,3877.1272359,8629.72
117060,5182,1460,2,1,1,2,4000,5057.5575479,11837.43
117061,4667,25,2,5,1,1,2800,4623.7420712,23241.79
117062,3131,2698,2,1,1,3,3750,4410.7390939,22369.95
117063,5886,958,5,-2,1,2,900,12732.818375,3448.4
117064,3780,1292,1,5,1,1,1220,3582.7168979,18098.01
117065,6045,800,3,1,1,5,1650,5364.5988522,11035.95
117066,3446,1423,4,5,1,2,600,6823.50247,7384.0
117067,5976,831,4,1,1,6,1250,8676.3946166,6820.44
117068,6272,999,2,1,1,2,1900,3554.5261776,11643.32
117069,7737,474,2,3,0,2,960,5826.6195424,5831.97
117070,148,4644,2,5,1,2,4600,10968.080518,16809.61
117071,2012,477,2,5,1,2,1200,9570.1076641,4508.44
117072,5192,887,2,1,1,1,3400,1807.220292,3933.59
117073,5071,1053,2,1,1,1,1150,2078.9794783,3880.6
117074,4539,1146,2,2,1,4,3500,5507.5344743,13299.48
117075,7413,854,2,1,1,2,2650,3694.7732533,11743.15
117076,7744,589,1,2,1,2,1100,5794.6959379,6302.34
117077,4423,217,3,1,0,2,700,6138.1763806,3886.36
117078,4203,1340,5,1,0,1,700,13251.767519,1245.4
117079,5329,998,2,3,1,3,1700,6442.0506805,8941.67
117080,2636,1765,2,1,1,7,2720,6363.8047806,3706.5
117081,4593,1196,5,1,1,1,700,5582.6993469,3185.2
117082,1110,3540,4,1,1,2,840,9912.6048186,11700.78
117083,2139,369,2,1,0,3,1750,12439.124132,7813.53
117084,2181,2029,1,5,1,6,1500,13451.411159,20786.06
117085,6890,609,2,1,1,2,2200,8054.6129069,8474.4
117086,4298,1310,3,1,1,2,2720,8466.3792315,12023.73
117087,4585,1176,5,5,1,1,730,10982.782751,5534.95
117088,3461,1850,4,5,1,1,710,6856.5867006,10884.8
117089,1885,2863,2,5,1,1,2500,8646.5467745,18633.49
117090,6111,756,5,5,1,1,510,6644.6808528,4862.67
117091,1086,2940,2,5,1,2,2000,5720.847965,15710.24
117092,4937,1171,2,1,1,3,2000,8521.9721227,9674.82
117093,3765,1523,3,3,1,1,2000,4376.7919373,5896.83
117094,7207,559,2,1,1,1,4800,910.31584764,10269.76
117095,6106,844,2,1,1,3,2260,15744.035117,10656.77
117096,1500,2524,2,1,1,3,2200,5784.3453294,16507.44
117097,5535,897,2,1,0,2,2200,6044.6251705,1300.59
117098,4459,1305,1,5,0,1,900,11785.528909,4501.99
117099,871,2169,4,5,1,6,800,14571.94392,5257.89
117100,4118,1247,2,1,1,1,2400,10094.781078,10263.55
117101,676,3417,2,-2,1,3,900,8617.6501651,12057.65
117102,4274,1242,2,5,1,5,3200,3608.9604192,21759.62
117103,5916,665,2,1,1,2,5200,4782.7404876,13148.69
117104,7539,509,3,2,0,3,700,597.36820989,4213.77
117105,4347,265,2,1,0,4,1900,4976.713566,2780.09
117106,1132,1489,2,1,0,2,1700,9831.392603,3485.92
117107,3886,1389,5,5,1,2,900,8221.8127127,8293.67
117108,5690,531,2,1,1,2,1400,6955.28084,5581.65
117109,5,3007,2,5,1,1,1450,1763.6475186,10393.72
117110,8726,68,2,1,0,4,1680,917.97234493,5549.33
117111,1344,2573,2,5,1,2,1550,4677.3107435,17547.94
117112,2650,1713,2,5,1,2,1860,5845.4301612,12909.55
117113,3845,1495,3,5,1,3,1900,5434.5128196,18024.41
117114,3093,1554,2,5,1,3,1500,8495.1857893,23793.88
117115,1265,4502,2,1,1,3,2300,4356.2825032,12123.05
117116,2645,1712,2,5,1,1,550,7183.8676034,8777.29
117117,274,4063,4,5,1,1,1250,14700.960084,10015.95
117118,3331,1715,5,5,1,2,780,1576.3064963,6741.14
117119,14553,0,2,3,0,4,2000,808.54015335,8299.22
117120,712,3632,2,5,1,4,2200,10883.586897,18022.31
117121,7247,850,2,1,1,6,1500,7014.84718,7924.16
117122,4330,1628,2,1,1,2,1750,4403.7007788,7910.51
117123,4531,1149,5,1,1,2,900,7651.2536502,8717.8
117124,4201,1265,2,1,1,4,860,4319.7209913,9450.35
117125,4835,1074,3,1,1,1,1300,6344.7426498,3641.98
117126,0,4418,2,-2,1,7,2000,1662.9288017,11741.99
117127,8136,260,2,7,0,2,5000,1078.7147661,2610.97
117128,2370,1043,2,1,1,5,2800,11468.871181,10249.93
117129,1136,3626,2,5,1,4,2650,8194.5361128,10727.76
117130,4952,1040,1,1,0,3,980,23836.91436,1922.88
117131,3677,1654,3,5,1,2,1500,1976.6596184,6156.57
117132,5148,1140,2,1,1,4,2880,3828.442189,7225.37
117133,1434,2764,2,1,1,1,1200,5745.7688028,32225.66
117134,926,3545,2,1,1,1,2600,7710.4886393,12357.24
117135,6653,979,2,1,1,2,3100,4535.8695617,11241.52
117136,6790,607,2,2,1,1,2700,2629.357244,8230.19
117137,7209,660,2,2,1,5,1380,6958.4897438,19229.26
117138,2621,1729,1,5,1,2,1250,7555.6148942,14282.81
117139,4939,1031,2,5,1,3,2750,5173.9919019,15009.14
117140,4268,393,2,1,1,4,6000,5694.99032,23170.72
117141,5722,1017,5,1,1,1,1280,11106.226002,4519.88
117142,5772,504,2,1,1,2,1100,7261.0273162,5969.87
117143,5518,747,2,1,1,5,2400,2201.1474337,14348.53
117144,2623,1863,2,1,1,1,2800,5788.5474219,11427.35
117145,5075,1091,3,1,0,1,950,11688.013311,3483.26
117146,4264,1258,4,1,1,2,1290,13820.034958,1752.91
117147,5178,1033,5,5,1,1,650,12867.739389,4455.82
117148,11605,0,2,1,0,2,3300,649.43953206,10521.59
117149,2511,1791,2,1,1,2,1650,11015.410056,5928.53
117150,3131,2698,2,1,1,4,2800,4562.8297313,9246.05
117151,3821,1695,2,1,0,1,1550,5464.4398175,4774.78
117152,4372,1157,2,5,1,2,1600,6363.2800106,15751.94
117153,4222,1327,3,1,1,2,1800,8683.2807012,7520.77
117154,4539,1228,5,1,1,1,850,11356.758625,2271.68
117155,4776,1075,2,1,0,2,3300,5884.7816856,4113.1
117156,2762,1648,5,5,1,1,650,8517.4847212,5595.22
117157,5936,862,2,1,1,1,1800,7452.7723319,13316.72
117158,4208,1362,5,5,1,3,1560,9187.2029372,13149.28
117159,5939,699,2,1,0,2,1900,4646.5211506,5674.91
117160,6722,806,2,3,1,2,1300,913.02809425,10460.6
117161,7785,785,2,1,1,3,2700,2148.1188523,4814.22
117162,3191,1681,2,2,1,2,1100,7962.8748025,5324.98
117163,5199,865,1,2,1,1,350,11418.935597,3720.14
117164,4005,1225,2,5,1,2,1650,4174.4748375,18554.83
117165,5323,872,3,3,1,1,1200,5175.2365807,2853.58
117166,6953,550,4,-2,1,1,970,1833.4857028,14385.59
117167,8690,655,5,5,1,2,2400,1419.5334004,17351.83
117168,4264,1343,2,1,1,5,2750,5773.14372,12637.16
117169,6482,554,1,3,1,1,1400,7744.1826404,6732.58
117170,1717,2456,5,5,1,1,580,12057.801446,7562.05
117171,1949,597,4,1,0,2,1100,14226.893862,2883.37
117172,4788,1292,2,1,1,4,3900,4376.8908613,10887.76
117173,4168,1450,2,5,1,1,1200,5627.9125732,25621.27
117174,4635,1129,3,1,1,4,1010,6406.428365,2966.13
117175,6342,349,2,1,1,1,880,2285.9712201,9894.45
117176,5507,1229,4,1,1,2,1100,15189.128661,6653.65
117177,5307,1170,5,5,1,1,650,8665.0427874,3934.32
117178,5568,1197,2,5,1,5,1490,13917.60766,13533.54
117179,5065,1060,2,1,1,3,900,1998.1798987,9254.08
117180,7982,171,2,7,0,1,1970,5676.643384,7987.63
117181,2944,1959,3,1,1,1,1210,2543.3866627,6458.99
117182,5316,1070,2,3,1,2,1800,4771.5307067,6272.66
117183,3250,1840,2,1,1,1,1250,6088.9124977,8160.59
117184,5068,133,1,5,0,2,1440,5325.5686809,12128.81
117185,5655,1011,2,2,1,1,3800,7489.2979802,10297.64
117186,141,4597,3,5,1,2,1700,8117.2524989,5211.04
117187,3407,1677,5,1,1,2,700,2521.256618,3233.41
117188,7315,809,3,1,1,2,1920,3888.2868318,4302.16
117189,4662,1180,3,1,1,5,750,5690.1871629,10524.98
117190,5244,934,5,5,0,2,700,6389.7964199,5118.76
117191,6254,773,2,1,1,2,2800,8108.1522896,8025.85
117192,2050,2073,2,1,1,6,830,12186.505179,5998.7
117193,901,3562,3,5,1,6,1100,5311.6835718,32352.7
117194,5976,819,2,3,1,1,2620,3490.945906,8147.98
117195,7649,149,3,5,1,3,1000,1846.2762305,20023.15
117196,8038,609,5,5,1,2,1180,1147.9954337,7219.54
117197,519,3915,2,5,1,2,1900,9582.216967,19805.83
117198,4316,1334,2,1,1,2,1370,8710.8976404,3650.16
117199,4646,1112,2,5,1,1,1600,3045.3207979,11627.3
117200,0,4424,2,-2,1,7,2050,2007.8342887,8927.8
117201,6903,436,2,1,1,5,3500,7902.0367142,22769.22
117202,1915,2521,2,5,1,2,1440,10566.774947,10307.38
117203,1678,2576,2,5,1,1,770,5449.1793039,20968.42
117204,1846,2694,2,5,1,2,2050,7439.1752796,16833.47
117205,6091,939,5,5,1,2,680,12046.454461,7457.83
117206,7179,449,2,2,1,1,1800,7648.9871617,2405.05
117207,4240,1388,2,1,1,1,620,9029.4163517,10586.47
117208,2642,1725,2,5,1,2,2000,9070.0549352,19777.91
117209,2590,2419,1,1,1,4,1220,3961.156472,4103.68
117210,3414,1429,2,1,1,4,3150,6377.2506749,12605.13
117211,8624,651,2,1,1,1,4900,843.68365144,9567.43
117212,7006,996,4,5,1,1,1000,3033.1908147,3292.68
117213,194,4529,5,-2,1,2,810,18177.915714,4571.19
117214,7416,595,2,7,1,5,5000,5879.2398031,25968.41
117215,0,4472,2,-2,1,3,1400,1411.1427415,10946.67
117216,6253,610,5,5,1,1,900,3451.7123187,3780.5
117217,4649,751,2,5,1,2,4650,3971.48475,19548.35
117218,1863,2399,2,1,1,3,3470,5116.0784977,9059.65
117219,794,2044,2,-2,1,2,1950,14656.760425,3302.06
117220,1895,629,3,1,0,2,1200,6565.7953228,3239.03
117221,877,5351,1,5,1,2,1340,6139.7128939,12497.09
117222,1594,750,2,1,0,4,2940,11934.72181,5571.54
117223,4529,1041,2,1,1,2,1500,8251.1719049,6586.16
117224,10508,6,4,1,0,2,900,1113.1721574,2779.92
117225,4470,1460,2,1,1,2,1430,4841.6662813,7042.48
117226,10471,7,2,1,1,2,2100,770.76920537,15056.62
117227,4131,1260,2,5,1,3,4420,5697.9525831,19989.12
117228,4923,129,2,5,1,2,3800,5938.8132894,13938.73
117229,3239,1904,2,1,1,5,1010,6100.5683401,9061.54
117230,2808,1959,2,1,1,2,3300,6410.9157776,14261.06
117231,5313,894,2,1,1,1,1650,5670.3268745,4707.56
117232,7964,334,2,2,0,1,3020,942.00861362,4591.37
117233,6835,615,2,1,1,4,1960,9781.6768242,7632.01
117234,1144,3297,2,1,1,2,2500,7470.9399279,20779.11
117235,1085,2952,2,5,1,1,1310,4560.5357167,12823.57
117236,5479,908,2,3,1,3,3270,3560.4507472,23107.32
117237,5471,852,2,1,1,2,2550,9088.5380114,10784.84
117238,4975,1027,2,3,1,2,2560,5850.3969443,4196.96
117239,5092,67,2,1,0,2,1550,7501.5051235,5542.39
117240,5289,905,5,1,1,1,820,4946.8073973,2664.67
117241,3628,1110,2,7,1,2,1920,13119.574992,6172.53
117242,7027,273,2,1,1,2,3600,2290.7688939,7047.01
117243,2071,932,2,1,0,2,2200,8676.9238238,5074.11
117244,4207,1361,5,5,1,1,450,7175.2771716,2692.56
117245,7442,719,2,1,1,5,2090,4467.1980149,9339.85
117246,4537,292,2,1,1,2,1570,4894.0670331,11050.08
117247,9750,385,4,5,1,6,750,982.30704797,9049.55
117248,5613,726,2,3,1,4,9400,4857.7329439,42239.12
117249,7201,437,2,3,1,3,2000,2450.2144678,10449.42
117250,4657,177,2,1,1,4,2350,5663.4847317,8364.92
117251,969,1447,2,-2,0,5,1480,9176.1985023,6752.17
117252,874,5362,2,-2,1,2,2880,4484.3699456,16194.98
117253,3319,1629,4,5,1,2,1120,6457.8905818,15291.42
117254,5747,832,2,3,1,2,2400,3229.4868057,7856.75
117255,6333,852,3,1,1,2,1230,3152.5909934,4844.04
117256,3291,1712,5,-2,1,2,540,8937.9484997,11343.17
117257,4195,1369,5,5,1,5,1500,7658.6110038,2769.24
117258,1994,2322,1,2,1,2,1440,9892.9092959,20521.69
117259,1205,3087,2,1,1,2,1400,4443.4693354,7195.94
117260,1782,4216,2,1,1,1,2430,4859.4092058,13610.9
117261,3623,1099,2,5,1,2,3640,3981.886816,19581.2
117262,6214,1032,2,1,1,2,3160,3605.8912517,10705.34
117263,3152,2119,3,5,1,1,700,3467.0647224,7534.92
117264,1015,1045,3,1,0,1,1000,10126.59359,3398.55
117265,4382,1509,2,1,1,1,2280,6577.6307925,8831.57
117266,3170,1501,1,5,1,5,1700,4826.3828886,21059.95
117267,14087,0,2,3,0,2,1250,890.61207555,12912.3
117268,4945,1051,2,3,1,2,3000,6177.3160347,7249.68
117269,445,4241,5,5,1,3,880,15203.724705,9721.27
117270,2320,282,2,-2,0,4,1500,10046.244687,11701.16
117271,7784,785,2,2,1,2,4000,2050.0086969,11547.23
117272,8087,720,2,1,1,1,1930,1966.404504,4516.62
117273,1463,3873,5,1,1,1,500,7715.396758,3154.03
117274,4970,1140,2,1,0,1,1800,20366.115393,10780.64
117275,5667,853,2,1,1,5,1890,5525.4045089,12225.37
117276,1028,3397,2,5,1,3,1290,12506.707514,15202.25
117277,5462,1033,2,5,1,2,1560,13398.204533,19188.86
117278,1447,2184,2,1,1,3,2670,9941.4877933,10541.5
117279,10786,1,2,1,1,1,1070,887.47161514,2873.88
117280,4954,1151,2,5,1,5,3150,5776.5547509,13349.6
117281,5558,938,5,5,1,1,780,6389.7964199,3320.2
117282,6618,884,2,1,1,1,2400,5269.0179732,4035.56
117283,4816,1529,2,1,1,2,3600,4335.8544851,9171.47
117284,1148,3605,5,5,1,2,1000,11584.244921,11769.57
117285,5283,912,3,5,1,4,1270,2647.7067841,12455.09
117286,4752,1139,5,5,1,2,530,7724.6347928,7016.09
117287,83,964,2,-2,0,2,1750,1749.1584555,5628.2
117288,1011,1192,5,-2,1,1,1000,15871.107981,3943.53
117289,4184,1243,2,1,1,5,8300,5635.6330567,19266.08
117290,2216,2117,5,5,1,1,550,13431.029802,5165.34
117291,2060,2065,5,1,1,3,640,18512.087402,4794.51
117292,5982,784,2,5,1,3,1880,4691.4897109,15064.84
117293,304,4403,5,5,1,1,780,12828.875592,6628.43
117294,1,3584,2,-2,0,2,1500,1461.9158131,5185.64
117295,7133,610,1,1,1,4,1580,8738.656816,12321.65
117296,5776,907,2,3,1,3,2700,3560.1431419,11523.07
117297,4396,629,2,1,1,3,2750,5838.4153731,26296.19
117298,4825,123,2,1,1,4,2650,5003.9283404,19006.73
117299,1309,864,3,-2,0,4,1180,6512.1671579,3301.4
117300,953,3017,5,-2,1,1,600,16198.181881,3871.19
117301,5948,965,5,1,0,3,600,11376.961257,2205.85
117302,4000,1675,1,1,0,1,900,11734.801351,2194.75
117303,5866,904,2,1,1,3,4350,13185.06213,4464.01
117304,6231,738,5,5,1,4,1400,9379.7020972,12022.12
117305,2244,1878,2,1,1,1,800,6312.4199842,4666.83
117306,6063,797,2,1,1,2,1200,5801.2102063,15515.63
117307,98,4965,2,5,1,2,2400,10313.15042,27218.67
117308,5105,1157,3,1,1,1,1950,1942.5541214,6429.66
117309,3018,1756,2,5,1,1,800,3872.4572369,11507.22
117310,3121,1442,5,5,1,2,1600,8886.4938618,9296.82
117311,4879,1087,2,1,1,3,1150,12038.198554,6949.73
117312,2580,1751,2,1,1,4,4000,9508.7943167,13649.96
117313,4343,1235,2,1,1,3,2560,3390.8553598,19573.37
117314,5518,747,1,1,1,1,680,2989.2622569,3417.54
117315,8353,344,2,2,0,2,1500,892.17486645,6105.34
117316,2561,1795,2,1,1,4,3850,7428.0462795,9881.09
117317,4208,1697,2,1,1,1,550,12369.81763,6667.34
117318,2237,333,2,1,0,2,1680,10796.252978,6509.6
117319,5596,831,2,1,1,4,2610,6706.0416649,5181.33
117320,4893,1118,2,1,1,3,2250,11327.271886,16480.98
117321,3251,1905,2,1,1,3,2160,5089.3077529,12707.7
117322,9063,311,4,5,0,2,1000,11866.268901,3189.17
117323,3846,1508,4,5,1,1,750,4854.5833649,6276.71
117324,2517,1781,5,5,1,1,680,13397.005653,7445.5
117325,4603,1223,2,1,1,2,3050,5669.7125669,11504.72
117326,2907,1563,2,1,1,3,2900,10534.453427,20658.16
117327,4986,1066,4,5,1,1,500,14769.341266,7802.36
117328,2099,2584,4,5,1,2,600,10252.233689,10569.16
117329,1180,2865,1,5,1,1,830,6558.0731696,9570.57
117330,7359,443,5,1,1,1,800,3665.173828,1774.13
117331,5479,783,2,5,1,1,5500,5715.2574952,24721.59
117332,4187,1329,5,1,1,2,1200,9547.8285653,2441.72
117333,4657,262,2,1,0,2,1800,5017.0781919,4095.35
117334,2652,1741,2,1,1,2,1400,8648.1402152,7845.96
117335,4164,1211,2,1,1,4,1880,1177.3993092,20356.52
117336,6763,891,5,5,1,1,1100,7606.9679253,5369.55
117337,1711,2455,2,1,1,3,790,7171.1649912,9309.27
117338,1210,4588,2,1,1,2,1160,5774.2350443,6031.76
117339,3426,1628,2,5,1,5,1600,6052.8678045,17458.07
117340,0,4780,2,-2,1,7,1500,1626.3443921,11916.96
117341,7168,888,2,1,1,3,1500,7309.2466155,8928.27
117342,2194,317,4,-2,0,1,700,17127.358803,1738.66
117343,874,5362,2,1,1,5,610,8497.4128386,19316.18
117344,0,4986,3,5,0,6,4200,985.53232212,11760.98
117345,4165,1261,2,1,1,3,3700,5478.6238451,15034.2
117346,1424,824,2,1,1,4,1770,8134.8439041,5424.07
117347,4074,1055,2,5,1,2,5180,5773.3177508,15299.97
117348,3133,1675,2,-2,1,1,1130,11031.406182,2821.74
117349,4640,1166,2,1,1,2,1300,3515.3476478,9021.05
117350,4744,1335,2,1,1,5,3850,9247.492428,34033.76
117351,4413,12,1,5,1,1,350,12017.225605,5035.6
117352,5271,909,3,1,1,3,2470,2698.2681133,13668.9
117353,368,4352,2,5,1,5,1500,12884.773173,26277.5
117354,1791,4202,5,1,1,4,940,6834.2467616,10304.67
117355,5263,90,5,5,0,1,840,11958.517352,4539.1
117356,6043,698,5,5,0,1,900,9243.2767626,4473.16
117357,910,3273,2,5,1,2,2010,8077.6589149,16211.16
117358,5932,971,2,1,1,2,3220,6955.3825301,7494.23
117359,4753,995,2,3,1,1,2010,5492.3992304,5815.16
117360,1780,669,2,1,0,3,1800,9776.581506,8551.31
117361,5791,884,4,1,1,5,1250,9279.0089857,10201.43
117362,2760,1676,1,5,1,7,620,8417.9795509,29781.28
117363,7284,203,2,5,1,4,1500,6420.5046997,28433.24
117364,4667,1139,2,1,1,3,1350,7416.0742454,7787.84
117365,10687,1,3,1,0,1,1170,548.03689347,3679.95
117366,2903,1620,2,5,1,2,3400,7761.2611376,11938.39
117367,1255,2446,2,1,1,7,3100,15355.95245,8318.37
117368,112,4868,5,5,1,2,1050,18387.033593,8793.88
117369,5303,825,2,7,1,2,2930,6715.4781847,11936.37
117370,4291,1313,2,1,1,2,1600,7578.213538,10881.33
117371,4229,422,2,1,1,3,2700,4317.8021836,13974.72
117372,4482,1062,2,5,1,4,2210,3146.4417784,17865.57
117373,5897,869,2,1,1,2,4800,5586.199523,25231.42
117374,3608,1508,2,5,1,2,3400,2133.9180282,9354.26
117375,4943,1153,5,5,1,3,1010,7416.7954007,14320.37
117376,7145,646,2,1,1,1,950,6496.8996521,6451.4
117377,2368,1936,2,1,1,2,2140,4727.4152785,1979.82
117378,6887,698,2,1,1,2,2250,7394.7837669,12400.78
117379,4432,1085,2,5,1,3,1200,4532.2085047,16689.29
117380,5114,1004,3,5,1,2,1370,5255.7510515,8485.17
117381,4441,1371,2,2,1,2,4000,6671.8136353,10987.08
117382,1246,2340,2,1,1,4,2000,9988.3473788,12697.59
117383,6830,641,2,1,1,1,3450,7809.0303038,7064.2
117384,875,5360,5,5,1,1,1200,8550.6957373,5764.8
117385,6025,742,2,1,1,5,3400,4782.8131889,13762.72
117386,5698,1128,3,1,1,1,1700,6860.8267402,6848.87
117387,140,4604,5,5,1,1,1650,13734.444164,11445.07
117388,6261,763,2,3,1,2,2750,3882.7670327,14199.08
117389,1791,4204,5,5,1,1,680,8361.7163293,3525.02
117390,3336,1713,4,5,1,1,600,1329.2756991,12156.82
117391,6763,666,2,3,0,1,2130,3751.8159831,2820.49
117392,5082,878,2,1,1,5,1400,3682.2201958,13324.79
117393,1151,3008,1,1,1,2,1800,7050.001482,14481.03
117394,7989,448,2,1,1,1,2340,864.76722557,7917.34
117395,4555,1349,2,1,1,4,3190,6852.387321,10709.46
117396,1078,970,4,-2,0,1,800,16437.745139,653.7
117397,4467,1121,4,1,1,1,1800,14893.435852,6794.59
117398,3565,1518,3,2,1,3,1800,1891.6201764,12488.83
117399,5205,871,5,5,1,1,600,2597.7002086,1508.98
117400,5,2993,2,-2,0,3,1850,1357.5070689,4934.75
117401,7043,742,5,1,1,1,640,7346.7682219,3978.0
117402,2167,735,2,2,1,2,2780,13023.902782,3664.0
117403,5482,1173,2,1,1,1,1930,8371.3864254,10844.45
117404,4465,1389,2,5,1,4,3250,6323.4669934,24728.77
117405,3366,1486,2,5,1,2,1820,3188.0220776,17587.1
117406,3235,1623,2,2,1,4,2800,5451.3686268,9448.2
117407,5697,1014,2,1,1,2,1150,8480.5281234,8593.36
117408,3005,1783,2,1,1,4,9440,3458.5757934,74118.93
117409,5469,909,5,5,1,1,600,5251.0194334,3156.51
117410,3303,1571,2,1,1,2,2000,5661.4279978,8518.41
117411,6151,830,2,1,1,5,4500,6019.8867418,13976.85
117412,1006,3317,1,5,1,2,1100,5571.196958,19704.59
117413,5068,1173,2,3,1,2,1740,7283.7632228,3864.85
117414,811,3757,2,1,1,1,2200,11111.98769,13169.1
117415,1114,3319,2,1,1,2,1820,7748.8521754,6704.45
117416,4663,1162,2,3,1,4,2800,7224.7320324,18881.89
117417,1136,3626,5,5,1,2,880,13884.840421,10385.64
117418,1075,1216,5,1,0,5,1100,18787.217937,3639.94
117419,3962,1463,2,1,1,2,2510,4619.0468439,9075.81
117420,3190,1783,2,1,1,2,2190,7244.0835248,8979.31
117421,4342,267,2,1,0,5,3020,4739.2001248,6533.08
117422,1030,3324,2,1,1,2,1700,10009.733162,11744.73
117423,2844,1484,5,5,1,1,700,13256.676627,6366.73
117424,4717,914,2,1,1,4,2600,3385.8444157,18300.68
117425,5645,867,2,1,1,2,1880,5574.0796862,5586.04
117426,4863,965,2,1,1,2,4300,4873.1527738,8574.52
117427,2783,1637,1,5,1,3,2400,10810.457436,23081.49
117428,6856,535,2,1,1,4,3300,916.48092762,10004.9
117429,4587,1204,2,1,1,6,2750,6150.1612751,15485.62
117430,6902,698,2,1,1,1,3100,1158.5155782,10230.12
117431,6292,902,5,1,1,1,800,2200.5366695,2575.66
117432,7232,820,2,1,1,4,2130,6236.6913191,8394.7
117433,874,5362,5,-2,1,4,870,8380.4538555,7460.2
117434,976,3069,2,5,1,2,2000,4956.1359524,13725.65
117435,4164,1601,2,5,1,2,3470,3959.5718543,9843.62
117436,4744,1165,3,1,1,2,1760,11031.149813,8257.74
117437,2441,1829,3,5,1,2,1050,8331.3149861,7427.97
117438,99,4875,5,5,1,2,1350,16612.718409,6840.43
117439,5910,889,2,5,0,4,2000,18495.123052,8695.33
117440,1170,1408,3,5,0,1,960,6832.2085956,3609.09
117441,4773,1104,4,5,1,2,850,8546.1053894,8325.29
117442,1707,2454,2,5,1,5,1060,6101.413157,16365.9
117443,2120,2553,2,1,1,6,2270,15725.933725,8447.92
117444,7342,581,2,1,1,2,3600,6505.0768364,8661.03
117445,5284,935,5,1,1,1,620,6553.1766071,878.7
117446,2856,1879,2,2,1,4,2310,11214.342869,8279.27
117447,6719,659,2,1,1,6,3600,4393.2465579,10758.7
117448,4468,1410,2,1,1,2,2260,12010.062042,13088.47
117449,2627,1852,2,1,1,4,1700,7771.3527524,10749.73
117450,2668,1753,5,5,1,2,900,10868.088236,7831.03
117451,5631,747,5,1,1,2,1300,11400.606518,3317.39
117452,819,1815,5,-2,1,3,770,12245.909717,2102.66
117453,1166,2938,2,-2,1,2,1350,4746.4317531,22133.81
117454,1242,1900,5,1,1,1,900,13583.885737,3521.85
117455,5761,827,2,1,1,2,1580,6808.5954396,7725.72
117456,2657,1878,2,1,1,1,1250,9206.393209,6739.82
117457,419,4132,4,-2,1,7,1500,12529.674878,11547.98
117458,1395,3978,5,5,1,4,1100,6414.0751696,4678.81
117459,406,4491,2,5,1,2,1700,8250.6957066,11760.11
117460,5948,978,2,2,1,1,2250,4220.7088087,3319.28
117461,4895,1038,5,5,1,2,1110,9297.7696557,9298.04
117462,4553,1357,3,5,0,3,1000,8493.4468418,10789.89
117463,5921,876,2,1,1,2,1960,10321.942037,4873.12
117464,3600,1437,2,5,1,3,3460,4286.0497732,18416.19
117465,6089,822,2,1,1,2,3730,7789.725416,7929.07
117466,2804,2011,2,1,1,1,800,5316.8592051,3792.63
117467,1902,2384,3,5,1,1,1300,5782.737644,7309.51
117468,5049,1041,5,5,1,3,1370,9353.4695353,6083.83
117469,6783,820,2,5,1,3,3600,3892.1745745,29042.63
117470,4503,1306,2,1,1,3,1140,6054.1378481,13810.3
117471,2910,1503,2,1,1,2,6200,6982.5571254,29646.41
117472,2276,1991,2,5,1,1,1500,4969.0745264,20057.65
117473,4308,345,5,5,1,2,700,9100.627162,9502.42
117474,7058,167,3,5,1,2,920,1967.0872359,11185.27
117475,4153,1248,2,1,1,3,1830,6393.2914835,20459.11
117476,7517,228,2,1,1,4,3450,1923.5620645,2501.06
117477,4883,135,2,5,1,2,2900,6566.3080337,17761.83
117478,2044,3240,2,1,1,2,1500,9676.3130466,13089.7
117479,5619,860,2,3,1,4,3520,4124.7057726,12545.21
117480,7216,873,2,1,1,3,840,7127.3762918,10453.93
117481,5697,513,5,5,1,1,1030,4289.3568294,4963.21
117482,3755,1522,3,1,1,1,2350,6623.3033616,6352.48
117483,3048,1726,1,5,1,4,960,5156.662342,21991.2
117484,5842,841,2,1,1,2,2250,7292.7339697,5195.96
117485,5570,798,5,5,0,3,1300,10518.159635,14329.5
117486,4658,1033,5,5,0,2,590,8919.7984623,13131.0
117487,875,5355,2,1,1,2,5100,3918.5290202,48109.89
117488,2246,1614,2,1,1,2,1650,9878.4204352,2638.38
117489,4944,220,2,5,0,1,1400,7026.6370479,12671.06
117490,1135,3321,2,1,1,3,2800,6435.3964904,13789.69
117491,5346,925,2,1,1,2,1900,19297.573046,8610.78
117492,5894,866,2,1,1,2,2690,5656.9335877,6979.34
117493,2205,2455,2,5,1,4,1300,8005.7001677,29014.3
117494,2463,1764,2,1,1,5,1540,9845.241468,17341.68
117495,4924,959,2,3,1,2,3050,3931.277312,19497.65
117496,4117,1262,5,5,1,1,500,7773.336005,5332.79
117497,4396,1729,3,1,1,1,1000,3401.1252367,7403.71
117498,3243,1900,2,1,1,4,2060,6673.45751,8832.01
117499,2662,1729,1,5,0,2,1000,10250.75256,13211.72
117500,1160,1437,2,5,0,2,1700,9741.2953062,4283.26
117501,874,5362,2,5,1,3,2300,5843.8797323,20136.53
117502,1126,3006,2,1,1,1,770,12702.497841,6303.59
117503,6794,442,3,2,1,2,2250,1345.3966549,5499.69
117504,6735,443,2,1,1,3,1380,10547.024918,11885.0
117505,145,4606,4,-2,1,2,840,10210.017576,6512.13
117506,874,5362,2,5,1,4,900,5525.8169292,9650.88
117507,3331,1715,5,1,1,1,540,1997.3338393,3313.09
117508,1199,2856,2,5,1,3,3500,4436.9421068,16796.36
117509,4458,341,3,5,1,1,1500,2947.9980018,9108.27
117510,277,4050,2,-2,1,5,1500,15246.997639,11500.04
117511,4414,1239,2,1,1,4,3600,6239.9781565,9170.91
117512,4009,1495,2,1,1,1,1550,2780.2523934,6082.52
117513,2788,1890,2,1,1,1,1860,6589.6198578,13803.81
117514,3256,1606,2,5,1,2,1920,9786.9269528,23134.33
117515,1882,1988,2,1,1,3,2100,7719.5557378,9719.93
117516,6318,750,2,1,0,2,2500,7036.0245218,4612.04
117517,1789,4206,3,1,1,1,1700,2468.0373195,13648.04
117518,2316,2140,1,5,1,1,1080,4834.8711137,17309.33
117519,5830,648,2,1,1,2,2700,6653.3393574,10960.11
117520,5879,851,2,1,1,2,5650,5129.6222148,13403.42
117521,8137,429,2,3,1,2,2000,990.04600446,11105.87
117522,4324,1304,5,1,1,1,450,12816.564317,3547.55
117523,877,5351,3,5,1,2,1560,2186.6895706,18792.66
117524,3357,1696,2,1,1,2,2900,5616.3638864,4308.25
117525,4400,346,5,5,1,2,900,5594.4212096,5941.05
117526,6338,641,4,3,1,2,900,3667.8704537,1668.19
117527,4990,722,2,5,1,3,1500,3715.750681,11194.79
117528,3027,1448,1,5,1,1,1400,9965.9976919,12372.32
117529,2132,3090,2,1,1,4,1320,3620.684643,10118.54
117530,4474,1166,3,1,1,3,1530,3632.7164133,5902.53
117531,1183,4671,2,5,1,2,3010,3958.466129,21988.59
117532,6440,1000,4,5,1,1,750,4582.3093213,5181.31
117533,705,3670,2,5,0,1,1080,14386.315123,19672.26
117534,4646,1143,2,5,1,4,6750,3061.0450711,39567.3
117535,8070,355,2,3,1,3,5000,3476.6559245,10626.69
117536,8745,318,2,1,1,2,1600,6011.2096097,7510.01
117537,2195,2305,2,1,1,3,1360,11645.559312,10285.76
117538,4714,164,2,5,1,2,890,7203.9652991,11371.19
117539,5978,763,2,1,1,4,2900,4252.4522019,6801.59
117540,2656,1696,2,1,1,4,1600,4950.1355764,16192.91
117541,4565,1056,1,7,1,2,710,14109.216641,7467.68
117542,7364,401,2,1,1,2,3200,2366.4637749,6974.01
117543,876,5354,2,1,1,2,3200,5608.2811742,17321.15
117544,0,4867,2,-2,1,2,3900,1883.8032369,15298.26
117545,3818,1809,2,7,1,3,600,8690.092705,12977.21
117546,14062,1,3,1,0,5,2200,625.15196592,22334.58
117547,4216,1362,5,5,1,3,1100,11417.7777,9328.94
117548,2952,1973,2,1,1,1,1200,4931.3921754,10582.86
117549,2321,405,2,5,0,2,830,10019.877635,7261.55
117550,8232,514,2,2,1,1,1300,6825.6430561,5139.17
117551,6023,740,2,1,1,2,2800,5609.4498945,10918.79
117552,3219,1768,3,5,1,3,1450,2713.1750877,10819.74
117553,2178,890,2,1,0,5,3200,8676.9238238,8633.11
117554,1122,3486,2,5,1,1,900,10248.420026,13356.51
117555,6477,635,2,1,1,2,2520,11693.923184,8054.5
117556,8914,11,4,3,0,1,900,1070.2784197,2432.78
117557,2850,1723,2,2,1,2,1670,9432.971483,11946.25
117558,6547,701,2,1,1,2,2050,7105.3681983,6039.16
117559,4192,1341,2,1,1,3,1700,9982.1303604,7894.41
117560,5935,828,5,1,1,3,750,7826.4435258,6664.55
117561,3569,1358,2,-2,0,1,1600,6057.7580822,3305.23
117562,5166,1351,2,1,1,3,2780,6247.3803384,9054.3
117563,2625,1859,2,5,1,2,2700,5621.1384495,11138.94
117564,5261,691,2,5,1,4,2540,3307.0341909,35427.7
117565,1694,3506,2,5,1,4,2200,6316.333615,23908.42
117566,4034,1296,2,1,1,3,3200,6631.9142769,20942.46
117567,965,5127,2,5,1,1,1740,4528.4871392,11872.66
117568,2593,1687,2,1,1,2,3300,7989.3137895,16319.22
117569,104,4900,2,5,1,2,1800,12309.173782,13686.74
117570,1174,2887,2,1,1,3,1800,5601.8861803,12246.15
117571,5873,870,3,1,0,5,3310,3180.0031766,3089.03
117572,4607,1156,2,1,1,1,1550,4657.9698239,10341.98
117573,3488,1542,2,1,0,3,1890,5886.8300703,15676.56
117574,2159,2020,2,5,1,4,4830,8528.6786837,21230.2
117575,89,5025,2,-2,1,5,1550,13917.3247,25815.51
117576,8677,660,2,5,1,2,1870,1018.0088606,17492.56
117577,1238,4541,2,1,1,4,2000,4065.2333318,23758.49
117578,5083,1299,2,1,1,1,1100,6929.2053513,2648.82
117579,3835,1209,2,1,1,1,1800,4331.5705557,5327.84
117580,5615,1180,2,1,1,5,1950,6555.2470117,8896.53
117581,4299,1036,4,5,1,1,600,5372.6156574,4238.73
117582,6392,724,2,2,1,2,2320,11222.881794,8391.57
117583,1151,3597,2,1,1,2,1460,7833.2148187,8047.41
117584,2248,2026,2,5,1,2,3000,5763.7048253,32049.48
117585,1211,2781,4,5,1,2,570,6142.550388,11061.89
117586,6855,537,2,1,1,2,2200,1242.6712404,10048.98
117587,6798,731,2,1,1,2,2000,7022.4463211,10628.93
117588,5568,71,2,2,0,3,1100,6047.3386858,8324.8
117589,5032,1611,2,1,1,4,3200,4291.3702437,13013.35
117590,7733,475,1,3,0,1,800,7382.2607568,3189.47
117591,1514,2651,3,5,1,1,1250,6218.8148981,4141.64
117592,4228,1311,5,1,0,3,950,12484.027187,3569.25
117593,6978,350,2,2,0,2,3160,5826.6195424,7167.78
117594,4389,1390,2,1,1,2,2250,9756.4305012,6658.51
117595,4878,1122,5,5,1,2,1200,21829.859236,15272.64
117596,5412,1022,4,5,1,2,1100,8318.6140653,9584.61
117597,2119,1008,5,1,1,2,1150,11644.226389,4793.52
117598,2156,2055,2,1,1,2,1180,8923.7473308,7366.14
117599,2791,1689,2,1,1,1,2000,8648.1402152,6634.94
117600,1625,2578,2,1,1,1,1030,7614.8487971,7538.63
117601,3232,1385,1,5,1,3,2000,5531.1721629,16844.03
117602,3889,1493,2,1,1,2,3600,5650.1108101,6309.83
117603,880,5345,2,1,1,6,2160,7145.1277762,13545.03
117604,0,4960,2,-2,0,3,2400,2150.0692374,8104.7
117605,2674,1183,5,5,1,1,650,16793.021965,4431.03
117606,5946,745,2,1,1,1,2460,4683.9901514,12480.21
117607,303,4399,2,1,1,5,1330,13406.814775,13253.24
117608,3303,1520,2,1,1,1,1300,8255.126575,7422.59
117609,2039,3248,5,1,1,1,730,17059.44064,3360.13
117610,4268,1347,4,1,1,1,1100,14145.997815,5943.11
117611,6135,260,2,3,0,3,4000,3936.1371301,14907.84
117612,6188,1056,2,1,1,1,5770,3379.7204968,8619.29
117613,3789,1533,2,5,1,3,3300,5072.0293979,21698.89
117614,1252,4511,2,5,1,7,1590,5395.3165534,19807.73
117615,2755,1654,2,5,1,2,3400,5037.2931778,10053.83
117616,4651,1134,5,5,1,1,1160,4999.5678648,7507.23
117617,5065,1060,2,1,1,4,1950,2218.0739944,13512.35
117618,1259,3451,2,1,1,3,2790,6177.8876385,14838.46
117619,937,5196,2,5,1,4,4000,5254.0127123,28398.1
117620,4426,1250,2,1,1,2,1500,7714.97864,13578.99
117621,4143,1225,3,1,1,1,1500,950.39215365,9112.15
117622,340,4276,1,5,1,1,1000,12735.67479,7318.0
117623,7725,414,2,3,1,2,3600,1060.9186694,6274.03
117624,5733,854,2,1,1,2,3220,10488.007945,13809.57
117625,5018,1314,5,5,1,4,2060,10722.949749,11861.13
117626,343,4413,2,5,1,1,1330,11935.268695,24303.5
117627,1217,3480,1,5,1,2,1550,14768.32341,11742.16
117628,378,4330,2,5,1,2,2350,12355.244813,14410.57
117629,5528,903,2,3,1,2,2200,8282.6429018,4648.57
117630,8110,480,2,1,0,1,1250,5964.6102727,4386.28
117631,2094,2031,3,1,1,2,2140,6581.1523023,9226.33
117632,1930,2413,2,5,1,2,1030,11522.457264,7860.9
117633,2745,1680,2,1,1,3,2340,6779.781702,5044.91
117634,6401,645,5,1,1,1,1100,2776.2424613,4057.32
117635,2698,1671,3,1,1,3,2200,5011.1253208,9979.02
117636,1963,2645,2,5,1,4,1390,8469.4611327,15397.37
117637,9829,0,4,1,0,2,380,9139.1619841,7226.52
117638,1382,668,3,1,0,4,1680,6101.7089189,4877.67
117639,8165,248,2,7,1,4,1370,1003.74066,5205.11
117640,6534,564,2,3,1,1,1920,5375.0146425,7993.0
117641,4000,1153,2,5,1,1,2400,3388.9727525,15413.62
117642,931,1341,2,1,1,2,1400,10873.633803,5490.62
117643,4959,1101,2,1,1,2,1900,5096.9537453,20376.51
117644,5038,967,2,5,1,2,1300,12606.442206,22351.29
117645,5910,907,2,1,1,7,3450,5028.0893408,9596.26
117646,4346,1271,3,1,1,2,2200,6836.2310499,10428.19
117647,5581,813,2,1,1,3,1530,12994.874785,8992.3
117648,4274,1266,2,3,1,2,2500,7936.7031505,10771.89
117649,2584,1879,1,5,1,5,1470,6045.7755185,17109.09
117650,3224,1756,2,2,1,2,1650,5343.3922585,5411.61
117651,1895,2338,5,5,1,5,1200,10338.440519,12889.15
117652,2246,1989,2,7,1,3,2250,5533.7138183,15729.09
117653,5788,1078,2,1,1,4,3750,10327.759359,14563.05
117654,4395,1446,2,1,1,3,3400,7210.5735112,7566.24
117655,5707,780,2,3,1,4,3750,3254.2997716,9845.3
117656,4201,1362,5,1,1,2,650,12222.897111,1971.65
117657,2460,2196,2,5,1,3,1830,10082.659252,28440.33
117658,6636,655,5,1,1,1,900,3474.0824357,2700.72
117659,93,4933,2,-2,1,4,1530,12159.623322,25984.29
117660,1190,3387,2,1,1,1,1400,9137.7252246,11843.58
117661,4203,1360,5,1,1,1,2000,12029.275529,7540.3
117662,5989,858,2,1,1,2,2180,9456.6495465,8432.11
117663,2888,1491,2,1,1,2,4800,7469.3560989,14910.8
117664,4503,1113,1,5,1,1,920,3645.0242598,14286.04
117665,3870,1471,2,1,1,2,5840,5243.7668505,11186.35
117666,2073,2069,2,1,1,5,1380,14959.736387,11640.28
117667,2450,769,1,1,1,1,1100,8690.8892049,5135.28
117668,1976,2642,3,5,1,1,1400,3485.0044324,6566.12
117669,3806,1538,4,1,1,2,500,8631.4129677,7783.43
117670,5876,961,3,1,1,1,1200,4724.4178115,5322.04
117671,4956,220,2,5,1,3,2200,5487.7800518,11325.87
117672,3061,1795,2,5,1,5,4200,6449.7561173,57738.48
117673,580,3782,2,5,1,2,3620,7398.5502527,8336.4
117674,6120,1013,2,1,1,3,990,3790.1036176,11451.99
117675,8100,389,1,7,1,2,1300,3058.1375506,23967.98
117676,5105,1039,2,7,1,2,3000,8013.0594734,13966.57
117677,1005,3484,2,5,1,1,1100,10622.857799,17387.74
117678,2975,1962,2,1,1,2,4930,3707.6239515,45488.19
117679,7288,818,2,5,1,2,1950,4100.6411764,14674.48
117680,6664,825,2,7,1,2,2430,1087.635529,7568.58
117681,2421,1852,2,1,1,2,1370,11567.632619,17287.46
117682,8585,509,2,1,1,1,3800,1775.5151332,10814.8
117683,4573,1547,4,5,1,2,800,8445.0796937,1241.24
117684,2609,1860,2,5,1,2,1200,9638.5032051,24283.52
117685,2273,2079,2,1,1,1,1300,4890.4601984,6140.58
117686,2843,1668,2,1,1,3,2300,6934.0976255,13858.91
117687,6092,855,3,1,1,7,2800,3401.378607,8660.78
117688,2665,1799,2,5,1,3,2000,7939.8351902,15417.53
117689,4351,228,5,5,0,1,560,7002.0824962,7332.71
117690,5707,526,2,1,1,2,1800,6362.2337019,10419.69
117691,4778,1302,2,7,0,5,2200,4877.3865428,15029.32
117692,5720,912,2,1,1,5,2120,6796.0118555,14311.48
117693,4878,884,2,5,1,2,2400,3428.6816124,17686.78
117694,4865,1113,5,1,1,1,1180,11065.103075,2208.8
117695,5734,907,2,1,1,3,390,5336.6764661,6060.89
117696,2811,1957,2,5,1,2,3620,5493.625503,38504.1
117697,3862,1486,5,1,1,3,1610,7210.7561385,12136.48
117698,1825,2763,2,1,1,4,2270,10460.613797,12744.64
117699,0,5057,5,-2,1,3,2800,1885.886157,15930.09
117700,4272,1300,5,1,1,1,640,10126.290269,1944.7
117701,4733,1321,2,5,1,2,4000,4076.0123945,38877.45
117702,2620,1752,5,5,1,6,1320,11700.569094,6387.06
117703,6135,723,4,5,1,2,830,13773.438266,5335.98
117704,3456,1294,2,7,1,2,2700,5777.9241025,6211.87
117705,7798,567,2,1,1,3,2200,5984.6897482,7599.29
117706,7114,536,2,3,1,2,4200,2273.127938,12705.56
117707,1243,2326,3,-2,1,5,910,9258.3741114,9076.05
117708,8233,481,5,1,1,1,850,1099.921473,1403.59
117709,8792,517,2,2,1,6,2400,894.63159924,19838.74
117710,6515,696,2,1,1,2,2630,5680.6409014,14227.37
117711,8028,435,5,5,1,1,850,1291.4029902,1433.43
117712,2924,1927,2,1,1,1,740,4210.9914878,6674.18
117713,5286,913,2,3,1,3,1980,4959.5671669,8848.77
117714,5804,1315,2,1,1,1,1400,3649.9149192,6129.07
117715,3967,1516,2,1,1,6,1550,5484.2199351,9250.75
117716,203,4482,2,5,1,3,1800,13798.996491,18526.92
117717,4870,1118,2,1,1,2,3500,6308.5194845,10384.83
117718,3923,1497,1,2,1,3,2280,8160.9386946,20020.85
117719,2622,1723,2,1,1,4,3500,6689.736116,15390.35
117720,1427,2546,1,5,1,1,980,5974.2277941,8298.2
117721,2073,2193,2,2,1,2,2210,10918.470671,11786.41
117722,1130,2925,5,5,1,2,1200,22430.069671,11522.52
117723,4125,1283,2,1,1,3,4500,5233.7668017,14794.69
117724,4735,1340,2,1,1,3,2380,8790.3259782,13652.62
117725,4256,1315,5,5,1,3,700,4798.6173088,13240.7
117726,4196,1351,2,1,1,4,2330,6399.4502657,14217.82
117727,874,5362,2,1,1,2,2840,4484.3699456,12744.78
117728,1169,4701,2,5,1,1,1980,4545.9440786,9288.18
117729,4609,1323,4,5,1,2,1200,6830.8512228,11890.94
117730,5,2999,2,-2,1,2,3000,1415.298343,6284.76
117731,745,2041,3,5,1,1,970,6043.7437955,3992.91
117732,370,4328,5,-2,1,1,1100,18814.499052,8531.9
117733,8155,252,5,2,0,1,1200,1469.559394,1185.38
117734,3918,1373,2,1,1,6,1600,3647.4349473,24573.63
117735,2306,577,2,1,1,3,1920,8565.4989403,10025.25
117736,4776,1186,2,1,1,1,1200,7309.3898702,3640.47
117737,7612,408,2,1,1,2,3590,1710.1117174,8507.27
117738,3906,802,2,5,1,1,1030,7705.060232,7431.5
117739,4482,1195,2,1,1,2,2880,5256.6874868,5438.03
117740,7278,890,2,2,1,2,4060,1546.1723454,23907.36
117741,83,964,2,-2,0,2,1400,1470.5780554,8725.34
117742,1690,3510,3,5,1,1,2040,1913.3399107,5985.75
117743,6095,935,3,1,1,2,1500,2197.9413382,4961.72
117744,925,3520,2,1,1,2,1990,6452.920476,10790.95
117745,5707,1091,2,2,1,2,2400,9116.8182795,8076.44
117746,1088,1189,1,1,1,4,1440,15445.609762,12416.45
117747,2703,1729,3,1,1,4,2320,6101.2733839,13044.54
117748,770,1852,2,1,1,2,1600,9849.3296989,7930.58
117749,1587,1999,2,1,1,2,1450,9016.696359,11930.86
117750,6073,1112,4,5,1,1,1050,6558.6541267,10576.25
117751,7217,386,2,1,1,1,2130,7033.0940812,6591.72
117752,4531,1149,2,1,1,2,1100,4311.8236875,5258.54
117753,3552,1229,1,5,1,4,2400,6438.4000468,25699.32
117754,6607,753,2,5,1,2,1200,2219.5738857,7068.13
117755,2586,1765,2,1,1,3,2200,10620.166723,13746.2
117756,0,4980,3,-2,0,1,980,1183.7616928,3141.91
117757,7680,101,2,7,0,1,2200,2001.0145755,9741.62
117758,4250,1265,2,1,1,2,1850,6058.2957611,5370.76
117759,4105,1263,2,1,1,1,2530,7163.8664532,6887.32
117760,3618,1610,2,3,1,2,1410,7668.0437949,9347.23
117761,6388,692,2,3,1,4,1550,4191.3872055,8673.34
117762,952,5165,5,5,1,4,870,9457.6766375,13632.79
117763,1112,2916,3,5,1,2,800,8334.1094861,24150.98
117764,8703,649,2,1,1,2,4650,783.55519418,10620.58
117765,4202,420,2,1,1,1,2520,5694.99032,5712.84
117766,2141,2150,1,5,1,4,1100,10058.31998,16805.64
117767,191,4533,5,5,1,2,850,14960.386171,4221.74
117768,3396,1489,2,5,1,3,1450,6410.9486905,5765.37
117769,4205,1338,5,1,1,3,500,11132.351657,5882.72
117770,2255,321,4,5,0,4,1140,12587.776946,9797.37
117771,6032,741,2,1,1,3,2950,11787.233598,17927.23
117772,5110,898,4,1,1,2,1000,12525.184827,5696.93
117773,5007,1097,2,1,1,2,830,9589.6134993,12920.26
117774,4541,190,2,1,0,1,2910,5548.0101885,6462.55
117775,1070,4531,2,1,0,4,3430,8506.6749642,5642.79
117776,1233,4552,2,5,1,2,2370,4182.548179,11983.4
117777,2343,2086,2,5,1,2,1900,7028.850463,17035.17
117778,6179,792,2,1,1,1,900,13862.671517,3233.72
117779,6948,186,2,7,0,4,1700,2257.1658318,24594.36
117780,4147,1311,2,1,1,2,3750,5134.4659956,3801.05
117781,2101,2578,2,1,1,2,2400,7339.4187212,14442.89
117782,3351,1641,2,5,1,2,1600,5664.9563323,22608.39
117783,6468,705,5,1,1,1,700,3074.2548317,2038.51
117784,5936,876,2,1,0,3,2280,5071.4550373,10517.97
117785,1125,3007,2,1,1,2,1200,10228.557712,17922.18
117786,5992,801,5,1,1,2,900,13426.723544,4211.47
117787,1336,2713,1,7,1,2,1000,10785.209028,8639.51
117788,89,5140,5,-2,1,1,500,18606.038829,1448.18
117789,4585,1095,1,1,1,3,1500,3506.1307657,7432.96
117790,6170,833,2,1,1,6,2520,2490.9952562,16562.48
117791,5036,1079,2,5,1,5,3500,6884.5850847,25212.13
117792,5208,943,2,3,1,1,1950,6514.3850182,4589.95
117793,2,3434,3,5,1,2,1500,1248.756619,10535.96
117794,2170,3479,2,1,1,2,1580,8318.1442265,3511.77
117795,4563,285,2,1,0,4,1150,5519.8206063,7929.35
117796,8446,230,1,2,1,2,1150,12016.438772,5314.86
117797,3346,1567,1,5,1,3,1200,5082.7108976,13848.38
117798,4187,1311,1,5,1,1,1200,4404.590593,10590.3
117799,4940,1174,5,5,1,1,1000,8798.3760279,4578.93
117800,6382,523,2,1,0,1,1600,11503.256729,6010.3
117801,1407,3171,2,1,1,4,3720,11657.944584,26797.3
117802,4730,1105,4,5,1,3,1000,9379.428702,3832.91
117803,6725,579,2,1,1,2,2800,7904.983251,4579.99
117804,4691,1109,2,1,0,3,1550,5244.0697912,3399.22
117805,3676,1655,2,1,1,2,1920,4417.3373426,7569.3
117806,3807,1538,3,1,1,1,2630,5446.5685524,3880.51
117807,4464,1235,4,5,1,2,550,11049.226303,3128.95
117808,7971,455,2,2,1,1,1800,1039.0951724,9296.68
117809,7047,320,2,1,1,1,1200,2738.3751827,3150.44
117810,4527,1175,4,1,1,2,750,8980.3767021,8227.5
117811,2493,2613,2,5,1,2,3160,12266.88662,19538.66
117812,2088,909,2,1,1,2,3120,9835.1783178,5183.87
117813,4190,1371,5,1,1,2,450,7466.2297381,1478.33
117814,1116,3115,2,5,1,2,900,10635.419894,25284.12
117815,469,3636,2,5,1,2,1100,10649.754738,13775.46
117816,4225,1299,2,1,1,5,4000,5778.5402572,4901.47
117817,2068,2023,3,1,1,5,790,7598.0287947,7363.18
117818,7825,358,2,2,1,1,1500,1579.5246725,17903.69
117819,4409,1127,2,1,1,3,1900,4552.6478806,21503.86
117820,5023,1620,2,1,1,2,990,9753.8485314,6841.85
117821,2281,2107,2,1,1,3,1070,9667.0327298,33737.1
117822,4203,1338,5,5,1,1,600,11135.378191,4272.62
117823,2335,2091,1,5,1,2,1680,6543.0679455,15486.96
117824,3155,1718,2,1,1,3,1200,3552.3058129,11837.89
117825,4164,1213,3,1,1,1,750,4361.0268698,1905.79
117826,4272,1091,2,1,1,5,1410,7460.9339785,7835.96
117827,6857,534,3,1,1,2,1500,1336.5716892,6414.96
117828,4486,1106,2,1,1,4,1800,3526.1065168,15341.9
117829,3495,1577,5,5,1,4,1060,8520.9089921,14237.22
117830,6205,804,1,1,1,2,1000,7973.1830444,10001.86
117831,4859,114,1,5,1,2,2100,6281.8512778,18231.78
117832,4084,1317,2,5,0,4,2400,3723.5818327,17157.91
117833,4363,1501,4,1,1,4,2300,9839.7687472,12243.75
117834,793,3419,2,5,1,2,3300,7582.4776684,27013.58
117835,3146,1596,2,1,1,1,2050,5982.6914654,9771.31
117836,2287,516,5,5,1,1,1770,11872.420247,5172.14
117837,5981,872,5,1,1,2,1400,11266.249318,3438.64
117838,4913,131,5,5,0,1,950,7868.5015868,6163.24
117839,5233,1230,2,1,1,2,1100,7471.4889597,11716.81
117840,1137,3626,5,5,1,1,770,12424.060656,6610.78
117841,7052,320,2,1,0,7,1100,2180.6300914,7847.0
117842,7093,1033,2,1,1,2,1800,1457.1557945,16808.24
117843,4422,344,1,5,1,6,1440,4442.4449863,21199.81
117844,1805,2497,2,1,1,2,1800,6908.0970919,3979.46
117845,740,3652,2,1,1,1,6000,5623.0340006,11268.06
117846,8680,660,2,5,1,2,1530,782.7911808,22993.84
117847,5370,1051,2,3,1,1,4600,4503.2326323,3386.81
117848,4786,768,1,1,1,2,1400,4916.5473029,9535.22
117849,1848,2592,2,5,1,2,1200,9348.8807123,14114.05
117850,1581,2430,2,5,1,4,1500,6905.3092313,5530.08
117851,6159,895,3,1,1,1,950,7599.0407082,3982.18
117852,1115,3009,2,5,1,5,1700,6245.2083959,15078.18
117853,6204,835,1,2,1,2,1200,7240.8701601,7701.07
117854,5675,771,2,1,1,4,3600,16591.954105,9963.88
117855,4199,1188,2,1,1,3,4500,5182.1363413,6722.1
117856,3176,2059,2,1,1,4,1380,5617.3044451,8376.14
117857,3077,1765,2,1,1,1,470,4331.4306742,6999.56
117858,742,3596,2,5,1,4,2900,11309.629306,17765.55
117859,6997,454,1,1,1,2,810,1916.9640044,4244.32
117860,415,3754,2,5,1,2,1650,10753.857829,8583.55
117861,6078,635,2,1,1,3,1350,14685.098347,8031.59
117862,4290,1124,2,5,1,2,2020,2517.1258153,13797.49
117863,0,5062,5,-2,1,1,330,2550.8558687,2166.28
117864,4606,1124,2,5,1,4,2400,4003.9649767,18740.96
117865,5710,865,4,3,1,1,800,6648.5631391,1325.97
117866,1706,3521,2,1,1,6,1800,4657.3031959,16139.23
117867,8632,433,2,2,1,1,1200,6825.6430561,7132.48
117868,5652,866,2,1,1,5,4900,5596.0608395,16036.38
117869,2467,1762,2,1,1,2,5920,7953.0929295,13513.11
117870,5499,1232,5,1,1,1,650,10270.109106,2214.05
117871,7718,575,4,1,1,2,1000,7084.2673783,4382.33
117872,4143,1478,2,1,1,4,2850,5203.4454969,15489.36
117873,5839,727,2,7,1,4,2300,6401.8776874,10271.37
117874,6028,852,5,5,1,4,1300,5940.3766332,2310.37
117875,1931,2857,2,1,1,2,1410,10779.355421,7118.92
117876,3402,1573,2,1,1,3,1300,5531.4900244,9229.4
117877,816,3713,2,1,1,2,3500,7514.0649885,14231.38
117878,4219,1363,5,5,1,2,1000,12200.167065,3429.65
117879,5333,902,3,1,1,1,2200,2691.6886655,5670.66
117880,1724,2459,2,1,1,1,3280,6815.8314521,7572.28
117881,6328,784,2,2,1,3,2160,8744.7437912,10024.62
117882,2165,594,2,1,1,2,1540,10491.086873,5870.71
117883,5490,1056,5,1,1,1,750,8047.6174149,1908.56
117884,5806,898,2,1,1,2,1440,5446.5542821,8044.92
117885,3254,2170,2,1,1,3,1250,13317.229577,15523.19
117886,4161,1259,2,1,1,3,3000,5535.8617733,11167.53
117887,1210,2168,2,1,1,2,2540,8807.9098488,14301.41
117888,3861,1223,2,1,1,2,5000,5670.6624545,11187.48
117889,5680,772,2,1,1,3,3130,3162.0650153,10841.92
117890,3853,1107,2,5,1,2,3970,6352.2464449,9388.56
117891,5065,1060,2,1,1,2,1660,2043.2832025,3765.87
117892,7096,883,2,1,1,7,1200,6710.1669987,10120.1
117893,6152,276,4,5,0,1,1000,4133.8746604,8824.07
117894,808,3687,2,1,1,2,900,12435.491208,13607.37
117895,307,4748,2,-2,0,4,1900,11219.500787,1836.76
117896,6036,841,3,1,0,1,2630,9801.654515,4027.84
117897,2078,2597,2,1,1,2,1300,17006.20365,9835.21
117898,2865,1420,2,5,1,4,930,8134.1342773,19231.34
117899,2677,1835,4,5,1,1,810,7395.8862981,13148.44
117900,3967,1546,2,1,1,1,5400,8129.1460833,9599.57
117901,4844,1147,2,1,1,1,3200,8803.2960103,8075.11
117902,5658,784,3,5,1,1,1690,1891.7143781,15211.35
117903,543,3784,2,5,1,4,1580,12412.082543,16888.6
117904,932,3504,2,1,1,3,3200,7367.7030185,9866.54
117905,7402,574,2,1,1,1,2020,924.91160635,3353.2
117906,5313,908,2,1,1,4,2700,4746.2349513,13974.03
117907,0,4885,3,-2,1,2,1150,760.07759763,12181.82
117908,1278,2637,5,5,1,2,1200,6928.4895588,12017.84
117909,5806,1089,2,1,1,2,2140,2909.4164567,17483.12
117910,3037,2385,2,1,0,1,1800,3589.3508912,5910.73
117911,573,3837,2,5,1,2,5800,7564.1278486,44460.39
117912,5275,858,2,3,1,2,5300,3193.9484738,5189.42
117913,4195,1350,4,1,1,4,1020,14128.260258,5729.39
117914,4502,1120,2,5,1,3,1800,6213.6784266,32150.03
117915,8062,34,1,1,0,2,1120,8240.3768405,5102.59
117916,6857,534,2,1,1,1,2150,1167.8415281,3416.97
117917,5294,925,2,1,1,2,1580,5710.035735,9018.31
117918,4578,1005,2,1,1,2,1850,3936.1371301,14457.42
117919,4100,1313,2,1,1,1,2420,6245.4840319,7734.78
117920,3764,1580,2,5,1,3,3750,4835.6433634,21004.39
117921,1846,2868,2,1,1,3,2690,10781.285115,14484.61
117922,1126,3468,4,-2,1,3,900,11710.733204,12112.03
117923,1256,4521,4,5,0,2,1110,8822.9483932,10900.69
117924,5802,730,2,2,1,4,4120,2280.3332031,18468.67
117925,2837,1914,2,5,0,2,2000,6792.8388107,16516.18
117926,2334,266,5,1,0,1,600,14322.874939,2401.14
117927,3347,1688,2,1,1,2,2190,4024.4358507,11782.76
117928,4315,339,5,5,1,4,900,6754.9683386,10121.69
117929,10607,1,4,1,0,1,930,1361.2608449,2121.71
117930,899,3411,2,1,1,2,2500,5578.5692993,22876.74
117931,4523,1141,2,3,1,2,2080,8846.3374359,8486.48
117932,6050,734,2,1,1,4,3000,5924.8943069,16480.55
117933,4841,237,2,5,1,2,1860,5331.6899384,20875.61
117934,6223,770,2,5,1,1,1460,5229.2946075,9460.12
117935,2356,551,2,1,1,3,1560,11167.408618,8192.0
117936,5942,863,2,1,1,5,1300,9685.1292736,13378.49
117937,10821,0,2,1,0,2,2210,705.21081909,3746.92
117938,6372,1010,2,1,1,1,2800,4340.4384236,4950.09
117939,7575,309,2,1,1,5,930,8200.4155217,6902.79
117940,4636,1173,3,1,1,3,2850,2612.1509029,6923.55
117941,3403,1430,4,5,1,1,1080,5922.6825963,16626.94
117942,4941,988,2,5,1,2,2990,5657.5540682,20514.08
117943,3465,1600,2,1,1,3,4090,7676.4519223,2874.77
117944,4282,1294,3,1,1,3,1950,5606.0176774,5921.94
117945,5511,1224,5,5,1,4,1300,10274.333791,10028.17
117946,7284,850,2,1,1,4,3800,5768.2174429,11050.07
117947,2321,2060,2,7,0,2,860,10600.191622,15251.92
117948,2158,1963,1,5,1,2,620,11359.375026,11290.54
117949,4945,987,3,1,1,5,3750,6875.1643168,9979.86
117950,3768,1187,2,1,1,1,2700,4875.7342114,8209.71
117951,5608,830,5,5,1,3,1110,5771.2386143,15693.43
117952,4971,948,2,1,1,3,2310,6269.3439812,5623.16
117953,4867,234,2,5,1,5,1260,5413.257023,13693.9
117954,4184,1358,2,1,1,3,2400,8866.2497623,11380.17
117955,6670,828,3,1,1,2,1380,483.71827028,3744.39
117956,3926,1519,2,7,1,2,900,5351.0024156,9195.11
117957,1347,3061,1,5,1,3,1510,9792.5416505,26328.78
117958,4669,174,2,1,1,3,2100,5427.8043989,14092.95
117959,4207,1360,5,5,1,1,700,7175.2771716,4558.65
117960,2201,1852,2,1,1,5,2500,9515.1798717,14383.1
117961,3653,1467,2,3,1,4,6000,2454.0709077,13121.42
117962,6408,582,5,1,1,3,650,7499.5376695,2463.27
117963,4730,136,2,1,1,4,2340,5894.0550247,13470.35
117964,3677,1474,2,1,1,2,1990,4835.6170501,9842.65
117965,1990,506,5,5,0,2,750,13157.777895,4834.51
117966,1188,4638,2,1,1,4,3300,4155.402371,17716.97
117967,6470,705,2,1,1,2,2490,5851.7857615,6974.17
117968,5288,690,5,5,1,1,1000,10046.384756,5330.08
117969,2789,1563,2,5,1,2,2300,6397.2374107,11601.39
117970,4470,1407,2,1,1,5,2710,7470.1431092,14454.41
117971,1903,2799,2,1,1,7,3020,9427.3608297,17509.56
117972,5147,886,3,3,1,2,2060,2187.25218,7808.78
117973,4467,1413,2,1,1,3,2600,6956.0913318,11339.52
117974,3792,1267,2,5,1,4,360,8151.3450856,17602.01
117975,7649,370,2,1,1,3,2240,2182.8495984,6459.06
117976,0,5070,5,-2,1,1,350,1979.1367079,1963.69
117977,5859,871,3,1,1,2,1800,3153.4543758,7464.45
117978,3772,1419,1,5,1,1,1000,4329.5315868,9276.14
117979,3394,1529,2,1,1,2,1560,4848.4163792,8298.34
117980,1249,1793,2,1,1,6,4200,10325.807506,11347.53
117981,6766,586,1,5,0,3,1220,4136.1134601,17839.19
117982,5639,562,2,5,1,2,3750,6008.970368,20275.16
117983,4601,284,2,1,1,1,1280,5496.1733139,10277.81
117984,3822,1520,2,5,1,4,4000,5230.1253697,18243.56
117985,9116,393,2,1,1,1,1600,7399.2700932,4512.13
117986,5626,901,4,5,1,3,1200,12423.997959,6963.25
117987,2723,2033,1,1,1,2,1600,5441.0828638,7304.13
117988,2487,1764,2,1,1,2,1800,7236.7740538,18749.99
117989,2774,1632,2,2,1,2,2070,9687.1416223,8924.47
117990,2875,1699,2,5,0,2,4130,6839.3980859,12170.71
117991,4735,1222,2,5,1,5,3100,7058.4512546,30711.27
117992,4113,1253,5,5,1,3,1150,11814.296186,16233.59
117993,7938,156,1,1,0,4,1280,4380.287253,15155.93
117994,91,5089,5,-2,1,1,1470,16014.303133,11348.08
117995,6656,810,2,2,1,2,1900,3422.9186621,10253.15
117996,3691,1567,2,1,1,2,2070,5860.0494428,12429.57
117997,0,4031,5,-2,1,3,1300,2978.0116652,4801.77
117998,7115,334,2,7,1,2,2200,6549.6493111,8184.79
117999,943,1515,5,-2,1,3,680,18363.26775,6435.83
118000,15226,9,2,7,0,3,1500,1308.6455536,5015.38
118001,5750,839,2,1,1,2,2000,4905.6011418,15125.24
118002,4181,1273,1,5,1,2,2460,3472.6672502,18802.21
118003,889,3548,2,5,1,2,1330,11274.735566,14826.07
118004,95,4929,5,5,1,3,1240,17502.688626,9810.28
118005,2276,2101,2,5,1,4,4350,7676.2841424,52150.1
118006,6483,726,2,1,1,6,1500,11007.975248,12483.69
118007,3085,1686,2,1,1,1,1500,4934.8574576,6569.58
118008,5972,947,2,1,1,3,2130,6401.3345586,14288.98
118009,2638,2280,2,1,1,1,1190,12509.263192,10184.3
118010,2521,1068,2,1,1,3,1300,10120.762221,7965.19
118011,4463,560,2,5,1,3,1400,7664.8623649,16474.65
118012,2460,1972,2,1,1,1,1620,8274.4843106,7371.68
118013,1722,2457,2,5,1,4,3750,6293.3088023,22669.62
118014,4558,1058,1,5,1,1,1280,8160.9386946,7604.06
118015,3231,1431,2,5,1,1,3200,7322.8169148,15175.79
118016,6249,770,2,1,1,2,2240,13364.425405,5512.79
118017,4273,285,2,1,1,1,2800,5857.6120762,11082.71
118018,7127,43,2,1,0,1,1800,4198.7915947,3534.51
118019,1021,2831,2,5,1,2,6400,10631.959736,52212.82
118020,4455,1221,5,5,1,2,900,12517.849528,6512.06
118021,5848,648,2,2,1,4,3500,5930.3186358,17109.09
118022,6791,729,3,1,1,1,1160,2929.1043008,4774.95
118023,4557,1041,2,1,1,3,2400,10241.013562,8087.07
118024,5296,954,4,1,0,1,1000,15143.122678,1085.97
118025,6397,712,3,1,1,2,1000,2526.0057977,8684.6
118026,4741,1028,2,1,1,2,2850,5596.6666204,4994.67
118027,6817,692,2,1,1,2,2870,1551.2453873,11905.81
118028,6135,714,2,1,1,2,1200,5447.6716798,9877.21
118029,6027,877,2,1,1,4,3130,7800.1267577,17843.57
118030,6325,789,2,3,1,2,4000,3684.6695148,9185.86
118031,6029,755,3,1,1,2,2690,3945.0115565,9272.5
118032,100,4875,4,-2,1,4,700,11231.627929,9828.81
118033,3516,1311,2,5,1,4,1550,6904.4967245,15323.36
118034,6663,831,2,3,1,4,1500,5058.5697371,13000.98
118035,2212,2117,2,5,1,1,980,10933.982891,8444.15
118036,7235,582,2,2,1,2,3350,1032.0470765,9481.22
118037,1567,2761,1,1,1,4,680,15335.374443,4455.17
118038,1179,4679,5,-2,1,1,1200,6997.5806782,13991.12
118039,4478,1405,2,1,1,7,1130,6883.3487337,9117.5
118040,6821,787,2,1,1,2,1740,3854.0571366,5460.22
118041,6873,603,2,1,1,1,2600,4302.1913485,2793.69
118042,5153,771,3,3,1,2,1200,1479.7779588,4782.74
118043,8665,670,2,5,1,4,2330,1026.818298,32757.86
118044,7248,952,2,1,1,1,2700,1807.4072032,7180.84
118045,8530,399,2,7,0,6,1200,2726.8091253,532.43
118046,17383,0,2,3,0,2,1350,800.02761876,3911.17
118047,301,4012,2,5,1,2,3000,7628.374261,24502.99
118048,4409,220,2,1,1,1,2770,6794.1289685,3722.33
118049,1764,4251,2,1,1,1,4550,4086.7810118,7401.63
118050,5713,902,2,7,1,7,2100,5218.4577052,3757.48
118051,4915,1088,4,5,1,1,830,11924.079606,8880.34
118052,101,4872,3,-2,1,3,1200,8136.2855233,16413.77
118053,2008,2106,2,5,0,1,1530,5807.5627312,11514.29
118054,4965,1008,3,2,1,6,1730,7498.3195149,5988.46
118055,8683,658,2,1,1,2,4970,1686.9647722,9581.36
118056,3208,1831,2,1,1,2,1890,5554.0780363,13262.14
118057,1262,4509,2,5,1,3,1900,4713.5070187,25456.46
118058,7143,854,2,1,1,4,2810,6591.7393159,19312.51
118059,6229,868,2,1,1,2,1800,7389.0753715,8081.93
118060,5334,882,2,1,1,5,2850,4397.0929497,17190.15
118061,940,3581,2,1,1,1,610,11810.18055,6060.14
118062,4839,1152,2,5,1,1,1380,9917.2421404,5123.45
118063,7340,580,2,5,1,1,2830,5448.6069102,6610.36
118064,3822,1253,3,5,1,2,700,5291.4729048,7730.51
118065,6138,1088,2,1,1,3,1330,5590.9282626,3651.3
118066,4237,292,2,1,0,7,2600,5754.4803025,9596.52
118067,3756,1600,2,5,1,2,2000,5104.8944891,14588.82
118068,3398,1685,2,1,1,2,1600,1318.7569994,13954.02
118069,7296,835,5,1,1,2,2000,10402.489227,5623.38
118070,3975,1447,2,1,1,2,2580,5298.1697839,5135.48
118071,3744,1582,1,5,1,4,1150,3989.615374,14322.35
118072,5823,1112,2,1,1,4,2380,3386.0784165,22178.55
118073,3464,1595,2,1,1,2,2500,4965.359768,15721.55
118074,4850,139,4,5,0,4,560,12679.306573,12223.89
118075,5813,834,5,3,1,1,600,6224.0144408,3705.54
118076,6096,1100,2,1,1,3,2300,3658.9895273,10260.71
118077,8312,0,3,5,0,1,1500,483.22757249,9194.3
118078,6106,585,2,3,1,2,3000,9101.2655058,11997.37
118079,7223,863,2,1,1,2,2570,6267.1900817,10915.43
118080,4177,1204,3,1,1,4,2100,869.30720553,2970.19
118081,6347,693,2,1,1,4,1300,10232.794476,11143.68
118082,6437,763,2,2,1,2,1600,1901.4442805,13740.99
118083,3826,1683,2,1,1,2,1700,3840.2077904,5973.78
118084,4465,1408,1,5,1,1,800,8629.9377362,8470.59
118085,4702,1350,2,1,1,2,2590,4582.4061324,7723.73
118086,1921,2163,2,5,1,1,2000,6379.8961202,8508.72
118087,6452,725,3,1,0,3,950,3071.0738907,8376.46
118088,6742,673,3,1,1,3,3750,3080.7950365,2852.14
118089,4472,1233,3,1,1,2,2390,3967.7299222,6258.25
118090,5058,1065,5,5,1,1,810,6363.0163728,6654.79
118091,5441,834,2,1,1,2,2900,8232.7255451,8404.89
118092,10715,1,2,1,0,5,2700,676.67266808,12674.43
118093,4678,1112,2,1,1,3,4250,4027.1813311,11174.91
118094,1003,2966,1,5,1,2,1700,5522.2895574,14255.9
118095,4868,957,2,3,1,4,2610,6730.6078403,20621.08
118096,1103,2101,5,5,1,4,900,11519.723243,4342.48
118097,4538,1135,2,1,1,1,1850,6691.0179729,5303.03
118098,2654,1715,2,1,1,5,3150,8861.8973947,15330.04
118099,1790,4204,5,5,1,1,450,8480.1376572,4573.02
118100,2156,2520,2,1,1,2,1980,7200.4223649,12178.27
118101,1931,2856,2,1,1,3,1060,12435.491208,13606.18
118102,629,5095,1,1,1,1,1650,8791.9399942,8670.58
118103,5001,842,2,1,1,2,5250,10876.57423,13964.8
118104,13981,4,2,3,0,1,1000,751.60471787,1862.73
118105,6010,992,2,5,0,2,2280,3754.5643335,24047.83
118106,4164,1476,2,5,1,1,800,7914.0001284,8773.75
118107,6108,791,4,1,0,1,1200,7727.7913047,2179.9
118108,4003,1292,2,1,1,3,3750,7775.1109173,33922.0
118109,6022,978,2,1,1,3,3000,6452.8722756,5885.03
118110,5639,1001,2,1,1,3,3400,4809.2141567,14420.23
118111,4568,1124,2,1,1,4,1880,4377.1455243,12050.36
118112,8230,483,2,2,1,3,2000,1053.0318439,21610.11
118113,4432,12,2,1,0,2,1800,10138.405904,2223.01
118114,5230,896,2,5,1,2,1100,2276.7172921,9860.79
118115,6053,758,2,2,1,1,1200,8555.2547076,6175.29
118116,8550,563,2,5,1,2,4400,733.17319734,34778.11
118117,2014,2294,2,1,1,2,680,12509.263192,29799.67
118118,5296,954,4,1,1,1,1100,12527.716048,2471.95
118119,1993,2266,3,-2,1,2,1100,4176.2272689,13375.76
118120,5479,1023,2,3,1,2,2550,14498.274805,6434.56
118121,5774,933,5,1,1,2,590,13086.812258,4892.65
118122,1135,905,5,-2,1,3,790,14911.132266,5894.24
118123,5166,946,5,3,1,3,400,3971.0939182,1927.85
118124,4705,1122,2,3,1,3,1130,6123.4049341,11279.89
118125,5218,1001,2,2,1,3,2610,9136.014875,26485.69
118126,2272,2853,2,5,1,2,2740,8664.5683133,24674.67
118127,0,4483,5,-2,0,1,600,2322.2896333,4320.64
118128,10647,3,3,1,0,2,3000,520.55272021,11582.8
118129,3721,1617,3,1,1,1,600,2118.5698739,6221.52
118130,3764,1545,2,1,1,2,2550,7070.9793734,8791.51
118131,5524,899,2,1,1,2,3600,5851.0411406,2468.52
118132,8767,450,2,2,1,2,2680,799.40589462,7341.39
118133,2170,778,2,1,1,4,2800,8848.2383821,10538.65
118134,1623,2581,2,5,1,2,1800,8182.5337667,16005.78
118135,2798,1541,2,1,1,4,4800,6643.2182772,16874.39
118136,5884,806,2,1,1,2,1980,6384.7270547,4985.47
118137,4274,1341,4,1,1,3,1150,12219.58117,3215.87
118138,2163,771,4,-2,1,7,1010,16277.419073,3412.04
118139,4768,1310,4,5,1,2,1000,7338.6977495,12430.49
118140,2175,579,2,1,0,5,1700,9301.2848087,7391.62
118141,5050,202,2,7,1,2,1340,5771.7051915,12889.93
118142,4170,1287,3,5,1,1,1680,2265.9997047,9166.55
118143,5129,1507,2,1,1,4,1800,4917.4119502,5821.87
118144,2913,1553,2,5,1,2,1700,5960.275021,17130.66
118145,4971,1191,3,2,1,4,2100,5746.1810241,29377.27
118146,5054,698,2,2,1,1,1100,3438.4767447,6666.53
118147,7213,909,2,2,1,2,2880,2136.0793714,17751.88
118148,3436,1656,2,1,1,2,2400,5648.4978875,14203.66
118149,5507,808,2,2,1,4,2400,10792.210469,16868.67
118150,3241,1726,2,1,1,2,2800,7349.162663,10741.48
118151,5872,909,2,1,1,4,2740,9030.1323921,6464.14
118152,5601,961,2,1,1,2,1620,9432.7660612,6651.96
118153,4751,1092,1,1,1,3,650,7500.927492,10438.69
118154,3687,1645,2,1,1,1,3000,3033.3627075,5738.4
118155,7933,719,2,1,1,2,2400,1671.8939257,10586.75
118156,5817,1156,2,5,1,2,3800,3113.3792721,18484.75
118157,2486,2172,2,2,1,1,2000,8878.1566851,8313.53
118158,0,5068,5,-2,1,2,1130,2643.9794385,11110.46
118159,4649,1157,1,2,0,1,780,14316.34124,3063.13
118160,5833,850,5,1,1,3,1020,7566.2715197,5898.72
118161,4890,1147,2,1,1,1,1430,7325.9013823,3577.79
118162,2518,1776,2,1,0,5,820,7780.6862359,10331.64
118163,7208,686,2,2,1,2,4700,5390.2163533,21578.61
118164,2535,1632,2,1,1,2,7600,6270.1885822,18686.46
118165,983,5088,4,3,1,4,800,10806.44905,7194.35
118166,6506,722,5,5,1,1,500,12001.161239,5426.77
118167,6567,684,4,1,1,1,1000,14656.742668,3645.01
118168,4299,1057,1,5,1,2,1600,6315.7753992,14602.41
118169,4199,1372,5,1,0,1,700,11027.162793,5907.61
118170,10794,1,2,1,0,2,2150,830.50817598,6135.06
118171,3375,1694,4,1,1,1,720,1376.630933,5799.42
118172,6500,955,2,1,1,5,2000,3625.7190294,19383.97
118173,9420,516,5,5,1,2,730,1268.8533078,7260.41
118174,7996,631,2,1,1,1,2320,853.55800653,5612.71
118175,1108,3546,4,5,1,2,830,9924.6554998,15224.89
118176,5885,1062,2,5,1,3,2340,3920.3100015,15195.35
118177,1523,2553,1,5,1,1,1450,6684.9249974,17451.97
118178,2392,1909,2,5,1,2,3900,8056.5177152,37458.46
118179,6002,809,2,2,0,3,1240,10672.657707,6718.59
118180,1931,2857,2,5,1,5,1800,8648.3276624,13529.93
118181,6029,728,2,7,1,4,1430,4248.9192944,13241.89
118182,3519,1433,2,2,1,1,1150,4475.2060647,8187.1
118183,1157,2893,2,5,1,4,1590,5129.2072451,19813.86
118184,6895,571,3,3,1,4,3750,2116.6813499,14369.87
118185,2172,248,3,5,1,1,1400,8314.1737342,6063.8
118186,6031,791,3,1,1,2,3000,3046.8783326,6749.67
118187,5800,882,2,1,1,2,1400,6406.7524624,6843.62
118188,7789,778,2,2,1,2,2200,1665.8322315,20039.57
118189,4747,1144,2,3,1,4,1820,6631.5324664,9562.79
118190,2618,1745,3,5,1,3,1450,3344.4594542,11895.12
118191,8814,165,2,1,1,1,2590,12053.537951,15654.11
118192,954,3017,4,5,1,3,450,11232.618853,8645.24
118193,7650,510,2,1,1,1,2200,977.77395414,7804.6
118194,5502,1229,4,1,0,4,1300,18820.197031,5441.16
118195,4584,1527,2,1,1,2,2730,5056.3191893,10282.3
118196,3574,1565,2,1,1,1,400,6165.0809591,7344.28
118197,6686,753,2,1,1,2,2810,3728.1353636,7808.36
118198,3345,1654,2,1,1,1,2700,6169.6551468,9803.02
118199,1823,2920,5,5,1,1,800,13489.178825,8558.0
118200,2424,1824,2,1,1,1,4350,9059.2819697,12482.35
118201,2318,2926,2,5,1,2,2410,4908.6337553,21262.8
118202,4414,1468,5,5,1,2,900,13719.710392,5845.49
118203,5038,918,2,1,1,2,1300,3669.1450804,5518.64
118204,5210,998,3,1,1,4,1140,9513.4713771,14405.79
118205,6322,651,2,3,1,1,2060,2212.830851,3323.26
118206,3585,1473,2,1,1,3,4750,4825.203113,18196.28
118207,5852,875,3,1,1,2,1100,3711.4649627,4027.78
118208,3814,1135,1,5,1,2,1600,4868.343023,16640.77
118209,4321,338,2,1,1,2,1480,4965.2994194,4414.66
118210,6787,708,2,2,1,4,1770,10223.026799,12356.3
118211,5527,1203,3,1,1,2,1270,3354.0633738,5177.55
118212,2729,1894,2,5,1,5,1080,6183.6467734,26775.22
118213,3173,2064,2,1,1,1,1100,8789.8660033,4940.24
118214,2678,2275,2,5,1,2,1560,8533.260792,15600.22
118215,4332,1197,2,1,1,2,3880,2386.0968536,12318.24
118216,4183,1513,2,1,1,2,2200,3578.3460904,7632.98
118217,7095,1016,2,1,1,4,3850,1613.1828747,14337.08
118218,6036,796,2,1,1,3,4650,5425.5471826,21874.52
118219,2581,2068,2,5,1,2,1900,9508.7409041,15509.05
118220,2105,2168,5,5,1,1,430,12528.678166,8011.88
118221,428,4037,2,5,1,2,1810,9630.810939,21702.37
118222,6090,758,2,1,1,3,2000,5870.9400481,15135.44
118223,3317,1659,2,1,1,5,1650,3589.2915534,9069.14
118224,1347,2776,2,5,1,3,1380,9644.4136234,20222.46
118225,2736,1678,2,5,1,4,3600,7109.6604804,17933.13
118226,5274,825,2,3,1,4,3300,1984.2896166,11367.33
118227,6156,275,5,5,1,3,1290,8627.959203,6642.99
118228,10802,1,2,3,0,6,3900,754.13554993,16126.21
118229,1789,2308,2,5,1,4,3190,6652.3358616,16586.29
118230,1230,1733,2,5,1,2,2600,9471.463802,14298.55
118231,1326,4097,2,1,1,4,2060,3919.8808765,11996.9
118232,5510,1191,2,1,1,5,1400,6463.8960274,11639.91
118233,5346,821,2,5,1,2,3150,5368.7023914,16772.88
118234,5192,1120,3,1,1,2,1800,2500.3240539,4514.01
118235,2189,2370,2,1,1,1,2300,11447.752014,4632.8
118236,6723,642,2,1,1,1,2150,6527.5611077,5504.09
118237,2585,1724,5,5,1,1,670,6845.0062724,5442.38
118238,8730,600,2,1,1,2,1800,776.71982087,23839.39
118239,2762,1745,2,5,1,2,1670,8304.6914482,13541.72
118240,1269,4470,2,5,1,2,2800,3992.9370298,26196.7
118241,2208,359,2,1,0,2,2300,9314.0262422,9090.87
118242,8730,641,2,1,1,4,2400,866.43392058,16648.4
118243,5986,987,3,1,1,3,1650,3343.3392508,8804.48
118244,3724,1522,2,5,1,5,2630,4701.1561302,22611.57
118245,6190,773,2,1,1,3,1920,8123.2872168,5247.05
118246,5300,929,2,1,1,2,1070,3784.7979468,4938.99
118247,4619,1122,5,5,1,1,600,6929.7290424,1921.38
118248,3285,1774,1,2,1,1,1680,5909.009038,4558.15
118249,3308,1531,2,1,1,5,2400,6307.6514293,11261.07
118250,6922,412,2,3,1,3,2200,2392.0543827,6824.34
118251,5548,1213,5,1,1,1,750,12883.539625,1864.15
118252,5106,951,2,1,1,2,3700,6769.7940811,5332.08
118253,5450,892,5,1,1,2,600,6228.653931,2009.82
118254,2624,2009,2,2,1,4,2600,8208.9570831,16553.03
118255,4650,1195,3,1,1,1,2410,5105.3773902,8411.11
118256,5364,921,5,5,1,2,840,6757.1408699,6665.55
118257,7887,301,5,1,1,5,1200,4213.1029183,6859.79
118258,3960,1607,2,1,0,2,3200,3749.8126809,10382.88
118259,2189,2074,2,5,1,1,2000,9339.2812534,15478.04
118260,6539,628,2,1,1,2,810,10559.179008,6312.46
118261,2105,2141,2,1,1,2,2240,6421.3312514,14449.16
118262,4960,1158,5,5,1,2,560,23392.369723,15234.29
118263,5359,533,1,7,1,2,2200,5419.851863,7203.4
118264,3781,1450,5,5,1,2,1320,1665.3835047,8829.27
118265,6599,757,5,5,1,1,700,2812.7881692,5383.58
118266,5291,906,4,1,1,4,1850,8317.24299,4154.97
118267,3271,1685,2,1,1,3,2600,6578.5988749,22913.2
118268,1254,2451,2,5,0,3,1050,13506.649397,7870.08
118269,5187,895,2,1,1,2,2100,2056.80904,5688.11
118270,4615,1743,4,5,1,2,800,6986.121233,16330.06
118271,3966,1515,2,1,1,5,2000,8129.8656398,13781.91
118272,4177,1324,5,3,1,1,750,12931.891651,2069.65
118273,5928,771,2,2,1,4,2400,2610.1033444,12390.38
118274,5853,803,2,1,1,4,3750,3880.0563472,8869.38
118275,4763,1105,3,1,1,2,1900,7277.0106857,6798.39
118276,1882,2541,2,5,1,4,3520,8777.379473,24634.22
118277,6141,786,2,1,0,3,2440,12865.432324,9459.64
118278,1370,3232,5,5,1,2,1900,11959.234256,11812.91
118279,2952,2153,2,1,1,1,2380,8220.5725479,9202.22
118280,4223,1324,5,3,1,2,450,13391.265073,3717.71
118281,6039,726,2,1,1,3,3890,4941.3766084,27739.76
118282,3226,1727,5,1,1,1,1100,6763.1703824,4728.08
118283,1428,2768,3,1,1,2,1200,2965.2320358,7607.43
118284,7221,617,2,3,1,2,1800,893.2318967,7014.61
118285,4265,1254,4,1,1,2,900,12272.228967,5822.67
118286,2772,1633,2,2,1,3,1950,9029.0617647,11562.85
118287,2914,1634,2,5,1,3,1800,8610.7120334,19759.32
118288,3557,1883,4,1,1,2,900,10573.172501,6338.8
118289,1275,2636,1,1,1,2,1600,4971.8705483,8269.8
118290,2663,1895,2,5,1,4,2180,5095.4569737,23209.07
118291,5178,1033,2,5,1,2,2140,7189.7102594,11738.38
118292,4038,1317,2,1,1,1,1980,2544.3001525,11372.03
118293,4283,1610,2,1,1,2,1630,7255.1070968,8103.05
118294,6296,783,2,5,0,1,2330,5081.7867546,15323.7
118295,5012,1015,2,1,1,5,1440,9646.3407657,7114.92
118296,7133,30,2,2,0,4,3700,4457.8765688,17865.6
118297,4319,338,3,5,1,1,700,3272.5668911,5426.73
118298,3763,1577,3,1,1,1,1650,1522.5302526,5811.61
118299,1694,2527,4,5,1,2,700,6499.7536448,15498.42
118300,3818,1252,2,3,1,4,3320,8493.069049,11777.01
118301,5015,570,1,5,1,1,720,4201.13081,8371.97
118302,6306,357,2,1,1,2,5050,2366.2279584,12637.24
118303,4539,1204,2,1,1,2,2850,5999.26271,13345.86
118304,4356,1194,2,1,1,1,2200,8882.4857403,4603.5
118305,1968,2254,2,5,1,2,2020,8887.0350415,14223.22
118306,4714,1115,5,1,1,4,560,8166.5186621,5608.19
118307,3835,1443,2,5,1,2,1650,3673.8345125,14676.33
118308,6901,242,2,7,1,4,1750,6379.5873617,25990.81
118309,0,4921,3,-2,1,2,700,1115.4343192,9969.36
118310,7072,513,2,1,1,1,1800,6595.2251066,3859.86
118311,2077,500,2,1,0,1,1800,9007.2593678,3198.21
118312,0,4807,2,-2,0,3,1850,1438.3873122,3317.98
118313,14548,0,3,3,0,3,3400,497.42484755,7185.16
118314,5083,1055,5,5,1,1,750,10116.034126,7762.71
118315,9412,519,3,2,1,1,1440,743.5011895,11676.16
118316,8671,603,2,2,1,5,2250,1039.0951724,18664.11
118317,2850,1786,2,7,1,2,2200,4037.1181037,14277.02
118318,3135,2163,2,5,1,2,1600,5555.6061823,8458.42
118319,6747,763,2,1,1,2,2500,5735.1841378,6057.19
118320,5371,710,2,3,1,2,1800,1647.1193889,6062.91
118321,5058,971,1,5,1,6,1100,2050.9097271,26474.47
118322,3742,1521,3,1,1,2,820,3941.7323644,11075.9
118323,5683,935,2,1,1,2,2400,4341.2052889,6954.45
118324,5675,779,2,3,1,3,5450,3585.938601,14791.92
118325,4151,1245,2,1,1,4,3600,5673.3272483,24199.36
118326,5225,991,2,1,0,2,1130,15075.986103,5689.6
118327,1213,2396,2,1,1,2,870,10855.24186,8156.95
118328,10591,1,2,1,1,3,1600,704.28955987,6840.6
118329,3262,1878,2,5,1,1,3350,4757.1987771,7975.36
118330,8030,609,2,1,1,2,2500,826.07773326,5588.4
118331,2454,1953,1,2,1,4,1590,12533.966843,12045.59
118332,4364,1530,2,1,1,4,1800,12146.614961,18776.15
118333,5843,611,2,3,1,5,3600,7156.9791018,30629.24
118334,5437,1037,3,1,1,2,1300,4312.1226319,4636.41
118335,5671,933,2,1,1,5,2180,5399.1116952,5770.44
118336,701,3361,5,5,1,2,1400,16378.37706,7448.73
118337,2173,881,2,1,0,4,1200,10190.475715,6243.26
118338,7291,811,2,1,1,3,1000,7239.1129123,8146.48
118339,3757,1520,3,1,1,2,3000,4556.8560799,9300.73
118340,5758,793,2,5,1,2,3000,4585.0540528,10513.14
118341,1053,1175,2,-2,0,2,3980,8804.0019579,7085.61
118342,4182,1213,3,5,1,2,1250,4436.2231396,6863.64
118343,6960,835,2,5,1,2,2700,1800.7718423,17981.67
118344,5065,1060,2,1,1,4,3870,1996.4829331,28294.39
118345,6034,793,2,1,1,2,2700,6750.994743,6185.64
118346,4461,1258,2,5,1,3,2610,5747.5362962,23112.09
118347,0,4931,2,-2,0,5,1300,1127.5738512,9793.88
118348,5845,618,2,5,1,1,860,9476.8167493,9369.02
118349,6544,719,2,5,1,2,1800,6968.7309345,11787.27
118350,2249,1930,3,1,0,2,1490,3924.5433286,7729.36
118351,2092,901,2,1,0,2,1650,10596.796701,5160.42
118352,2204,597,3,1,1,4,2300,5084.6765969,4465.41
118353,7315,519,2,3,1,2,1100,2595.1930023,8716.06
118354,4277,1167,3,5,1,2,1880,4198.6752698,9044.86
118355,5305,886,2,1,1,2,3000,5955.5906244,2954.75
118356,3827,1800,2,1,1,2,4000,13254.208284,9186.14
118357,7093,612,2,1,1,2,3760,4719.6205068,8061.68
118358,4337,1178,2,1,1,3,1860,9211.0487632,9526.22
118359,7045,387,2,2,1,1,1250,7748.8129739,4187.84
118360,6467,765,2,1,1,3,2450,1933.5303531,4014.2
118361,1440,3907,3,1,1,1,1300,2525.9749248,6620.8
118362,4112,1124,2,5,1,2,2010,4081.8774646,17913.08
118363,3254,1657,1,5,1,1,1040,6327.8887851,14210.68
118364,3483,1545,3,1,1,2,1200,5190.6716075,16423.31
118365,2996,2206,2,1,1,2,5250,4882.1754132,11957.75
118366,9520,0,2,1,0,3,1200,798.17332373,5867.61
118367,4487,253,2,5,1,3,900,7108.0463445,20832.49
118368,798,3769,4,5,1,1,1100,10962.119429,11270.72
118369,5662,778,2,3,1,2,5000,4094.3150835,16500.62
118370,3444,1581,2,2,1,2,4500,3833.2273618,10861.15
118371,5811,867,2,1,1,1,2250,5789.6730398,13606.76
118372,7037,1042,1,1,1,6,1500,1932.0524841,9966.54
118373,3756,1555,2,5,1,2,1200,3073.0566155,5961.96
118374,3390,1613,5,5,1,1,830,6780.5795488,7517.96
118375,4902,1297,3,1,1,1,970,2798.7156932,3913.21
118376,4231,819,2,5,1,1,1590,5640.7518594,13277.12
118377,5490,994,2,1,1,1,2500,2864.4188782,6792.46
118378,2072,462,2,1,0,4,1150,10787.733718,2639.1
118379,4364,236,2,1,1,2,2600,6871.639662,5410.18
118380,7357,594,2,7,1,1,580,4830.4340974,2224.92
118381,1149,4722,2,5,1,4,1770,5123.0346678,27391.92
118382,2683,1708,5,5,1,2,890,8139.5450888,7710.38
118383,3909,1374,5,5,1,2,870,1651.4152342,5933.02
118384,5177,1271,4,1,1,1,750,12428.508109,3544.54
118385,1951,2159,1,5,1,5,1930,13821.802378,24622.1
118386,1286,4212,2,1,1,2,3010,4729.9277649,15610.51
118387,5389,906,2,1,1,1,4800,8654.3427773,4279.85
118388,6616,843,2,1,1,5,3200,942.34509473,7230.23
118389,3660,1457,2,3,1,1,4000,1980.3138363,9755.05
118390,885,5331,2,1,1,2,1010,4225.4314035,9696.24
118391,2456,1908,2,1,1,3,2350,11268.52942,4047.89
118392,2095,2083,2,5,1,2,900,9117.5361294,16837.92
118393,6956,472,2,7,1,3,880,2267.3239022,9279.55
118394,3809,1261,2,5,1,2,2300,6964.9284949,16182.44
118395,4711,978,2,1,1,2,2550,3276.4387986,11383.62
118396,7771,642,2,1,1,4,2630,4893.3255492,6794.81
118397,5603,1041,2,1,1,2,2300,5707.094314,7360.87
118398,5522,1223,3,5,1,2,1010,4533.1014612,15892.62
118399,1780,2258,1,2,1,2,800,7422.016936,27637.86
118400,3242,1534,2,5,1,3,640,4595.2374282,16362.16
118401,7567,570,2,3,1,3,3600,7273.0666046,6732.29
118402,751,3622,2,5,1,2,4430,4366.8787327,16541.11
118403,4445,1218,2,1,1,5,2410,5653.1617536,18187.06
118404,1345,3269,3,5,0,5,1000,5654.1789871,12073.95
118405,3295,1708,1,5,1,2,1280,4702.1029544,10221.25
118406,6136,754,3,1,1,1,1400,10013.081797,2999.34
118407,1843,2774,2,5,1,4,1030,9661.7719881,14915.3
118408,5932,1185,2,1,1,4,2520,2986.7564099,13181.11
118409,5200,921,2,1,1,2,1350,4573.6184049,6153.6
118410,2394,1852,5,5,1,1,580,14362.288197,3916.44
118411,477,3621,2,5,1,2,610,10372.785145,13209.44
118412,6467,960,2,5,1,2,3030,3785.6843464,13798.46
118413,2858,2034,5,5,1,2,700,9156.1458272,4414.03
118414,4876,1300,5,1,1,2,850,12609.402051,5404.66
118415,1890,2628,2,1,1,3,1850,10871.778484,9717.66
118416,4464,1224,3,1,1,3,4330,10119.05233,10014.19
118417,6669,818,4,3,1,2,2220,1583.8585092,7300.37
118418,5525,487,2,1,1,4,2560,3270.5425401,7511.86
118419,4243,1359,5,1,1,4,1110,7402.7201974,4005.95
118420,5564,1198,2,1,1,3,1200,9079.0699465,10277.72
118421,5665,776,2,3,1,2,4200,3351.8071185,6694.65
118422,3573,1548,2,1,1,3,2400,10973.566539,1657.06
118423,6412,968,5,5,1,3,1000,7031.6204128,9055.8
118424,2894,1588,2,1,1,4,2600,6890.1671667,13106.58
118425,3331,1715,5,5,1,1,740,1462.8050389,2187.83
118426,8402,111,2,2,0,1,520,1001.6094846,10886.99
118427,3263,2002,1,1,1,4,1570,5806.3668623,7425.63
118428,4595,1036,2,-2,1,4,1900,5098.6130143,16593.46
118429,1764,4251,2,1,1,2,1400,4517.9123885,11856.52
118430,7861,345,1,3,1,1,800,3312.4118184,4619.61
118431,920,2045,2,1,1,4,1500,12063.102265,8642.62
118432,4350,1110,2,5,1,2,1640,7115.6504737,23453.34
118433,2298,2849,2,5,1,4,2100,8063.5625586,22406.07
118434,7798,320,2,5,1,7,1880,2334.5084407,33580.61
118435,4301,259,2,-2,0,4,1950,5776.1863749,13422.87
118436,5281,976,2,1,1,2,1600,4544.3763384,7654.14
118437,4781,150,4,5,0,1,1000,9149.8537937,11998.21
118438,2624,2009,2,2,1,4,2400,8702.0876369,8977.86
118439,6773,447,4,1,0,1,970,13297.713422,2269.56
118440,2531,1798,2,1,1,3,1200,6685.1538408,7490.41
118441,2266,1848,2,1,1,2,2000,7010.1144578,11744.36
118442,1255,4502,2,5,1,4,1400,4381.2198137,22358.88
118443,4960,1116,2,3,1,4,2050,5132.6228915,21010.3
118444,4938,1050,5,5,1,3,850,22794.803007,4097.7
118445,3876,1498,3,1,0,5,1080,3351.5492762,7393.82
118446,7788,546,1,1,1,2,560,4344.7549626,4345.96
118447,5435,987,4,1,1,1,350,24890.018497,827.85
118448,4651,1161,4,1,1,1,820,3767.0403052,2212.47
118449,5811,924,5,1,1,2,750,18058.16476,7269.67
118450,5451,773,2,1,1,1,1760,2043.2042328,3764.88
118451,3471,1335,2,5,1,2,800,6831.4467854,9526.36
118452,1109,3542,2,1,1,3,2600,7176.0753261,28487.03
118453,1079,3007,1,5,0,2,2000,5046.2323357,12634.68
118454,5388,873,3,1,0,1,1130,3340.6798843,2112.82
118455,5844,843,5,5,1,1,820,7470.028798,5298.62
118456,2337,2355,2,2,1,1,2000,11276.698679,10712.32
118457,314,4222,3,-2,1,2,1530,5531.0937947,11381.5
118458,10749,1,2,1,0,4,2200,677.0581435,7885.16
118459,5275,907,5,5,1,6,2300,6994.0213977,7834.61
118460,6158,717,2,1,1,3,3750,4043.4179712,9096.49
118461,0,4935,2,-2,1,3,1500,1507.607303,5308.34
118462,5837,1292,2,1,1,1,1920,3409.8706871,5018.73
118463,141,4689,2,-2,1,3,2000,11183.034219,22227.0
118464,6137,892,3,1,1,1,1500,4787.9579706,6582.88
118465,4204,1337,4,1,1,7,1850,12343.740643,10878.09
118466,6554,691,5,1,1,3,810,8843.2634355,5846.38
118467,6672,674,2,1,1,3,2000,2046.0752379,8220.57
118468,875,5358,2,5,1,4,1400,5970.890199,29853.11
118469,6745,543,3,5,1,2,1500,3345.7548218,10312.93
118470,5123,946,5,1,1,2,1200,7688.7138233,3307.28
118471,6407,296,2,1,1,2,1060,5149.0633383,15580.25
118472,1391,713,2,1,1,4,1750,8359.5333381,4166.56
118473,4290,1102,4,1,1,1,970,10301.610347,4562.5
118474,1122,2979,2,1,1,2,3700,7471.0949197,20888.83
118475,0,3528,3,-2,0,2,1800,938.71425175,4825.69
118476,968,5122,2,5,1,2,1300,4882.1754132,8920.83
118477,1175,2784,2,5,1,5,2390,4587.8316854,22188.11
118478,5128,968,3,1,1,4,1800,1082.985883,7041.85
118479,7813,316,5,1,1,3,1250,3643.9711976,7447.94
118480,2631,1740,2,1,1,2,2400,7956.7591369,10424.18
118481,4727,1398,2,5,1,1,3280,5356.4394126,23220.23
118482,1179,2864,2,5,1,5,2450,6293.3088023,19295.6
118483,4882,1024,2,3,1,2,2230,16101.202179,10037.03
118484,1137,853,2,1,0,2,6900,8676.9238238,10247.56
118485,2815,1952,2,3,1,3,4000,7281.499081,5538.11
118486,3078,1538,2,1,1,2,1500,4487.6922207,7701.56
118487,5935,807,2,2,1,3,3360,4543.3109056,9833.72
118488,233,4305,2,5,1,2,1700,9941.5441417,12096.59
118489,184,4349,2,-2,1,2,2490,11617.458779,15878.1
118490,4856,793,2,5,1,2,1850,8232.7365741,1702.18
118491,3902,1383,3,1,1,4,1530,1004.5430955,14333.77
118492,4572,1037,3,1,1,4,1500,3651.0860083,5638.33
118493,9861,283,2,3,1,1,3070,2782.7902485,4425.2
118494,405,4725,1,-2,1,4,1500,13153.103339,15121.25
118495,1245,3038,2,5,1,1,3000,4562.396523,18604.35
118496,4423,1424,2,5,1,2,2000,6915.0744748,19818.82
